﻿shape_left,shape_right,probability_left,probability_right,address_left,address_right,difficulty,shape_left_es,shape_right_es,probability_left_es,probability_right_es,address_left_es,address_right_es,trials.thisRepN,trials.thisTrialN,trials.thisN,trials.thisIndex,trials_2.thisRepN,trials_2.thisTrialN,trials_2.thisN,trials_2.thisIndex,trials_es.thisRepN,trials_es.thisTrialN,trials_es.thisN,trials_es.thisIndex,image_back.started,image_welcome.started,Text_2.started,key_resp.started,key_resp.keys,key_resp.rt,image_back2.started,image_instruct1.started,text_3.started,key_resp_2.started,key_resp_2.keys,key_resp_2.rt,image_back3.started,image_instruct2.started,text_4.started,key_resp_3.started,key_resp_3.keys,key_resp_3.rt,image_background.started,image_left.started,image_right.started,mouse.started,mouse.x,mouse.y,mouse.leftButton,mouse.midButton,mouse.rightButton,mouse.clicked_name,chosen_side,chosen_probability,chosen_shape,outcome_left,outcome_right,chosen_outcome,image_background2.started,text.started,image_retained.started,image_background2.stopped,text.stopped,image_retained.stopped,image_back4.started,key_resp_4.started,image_instruct3.started,text_5.started,key_resp_4.keys,key_resp_4.rt,image_background3.started,image_left_es.started,image_right_es.started,mouse_es.started,mouse_es.x,mouse_es.y,mouse_es.leftButton,mouse_es.midButton,mouse_es.rightButton,mouse_es.clicked_name,chosen_side_es,chosen_probability_es,chosen_shape_es,outcome_left_es,outcome_right_es,chosen_outcome_es,image_background4.started,text_2.started,image_background4.stopped,text_2.stopped,participant,session,date,expName,psychopyVersion,frameRate,
,,,,,,,,,,,,,,,,,,,,,,,,,26.078420200001347,26.078420200001347,26.078420200001347,26.078420200001347,space,1.1494611000016448,,,,,,,,,,,,,,,,,,,,,,,,,,,,,,,,,,,,,,,,,,,,,,,,,,,,,,,,,,,,,Pratyusha,001,2023-04-14_15h21.07.267,EE_trial,2022.2.5,60.112699288420664,
,,,,,,,,,,,,,,,,,,,,,,,,,,,,,,,27.24669990000075,27.24669990000075,27.24669990000075,27.24669990000075,space,1.1471961000006559,,,,,,,,,,,,,,,,,,,,,,,,,,,,,,,,,,,,,,,,,,,,,,,,,,,,,,,Pratyusha,001,2023-04-14_15h21.07.267,EE_trial,2022.2.5,60.112699288420664,
,,,,,,,,,,,,,,,,,,,,,,,,,,,,,,,,,,,,,28.41363000000092,28.41363000000092,28.41363000000092,28.41363000000092,space,1.2510708999998315,,,,,,,,,,,,,,,,,,,,,,,,,,,,,,,,,,,,,,,,,,,,,,,,,Pratyusha,001,2023-04-14_15h21.07.267,EE_trial,2022.2.5,60.112699288420664,
circle,cross,0.9,0.1,circle.png,cross.png,,,,,,,,0,0,0,3,,,,,,,,,,,,,,,,,,,,,,,,,,,29.714772400000584,30.19476880000002,30.19476880000002,0.514193000000887,-0.28703703703703703,-0.01574074074074074,1,0,0,image_left,left,0.9,circle,1,-1,1,31.520804900001167,31.520804900001167,31.520804900001167,,,,,,,,,,,,,,,,,,,,,,,,,,,,,,Pratyusha,001,2023-04-14_15h21.07.267,EE_trial,2022.2.5,60.112699288420664,
cross,circle,0.1,0.9,cross.png,circle.png,,,,,,,,0,1,1,2,,,,,,,,,,,,,,,,,,,,,,,,,,,32.536291899999924,33.01160069999969,33.01160069999969,0.5143005999998422,0.337037037037037,0.03148148148148148,1,0,0,image_right,right,0.9,circle,-1,1,1,34.87781030000042,34.87781030000042,34.87781030000042,35.87937050000073,35.87937050000073,35.87937050000073,,,,,,,,,,,,,,,,,,,,,,,,,,,Pratyusha,001,2023-04-14_15h21.07.267,EE_trial,2022.2.5,60.112699288420664,
circle,cross,0.9,0.1,circle.png,cross.png,,,,,,,,0,2,2,3,,,,,,,,,,,,,,,,,,,,,,,,,,,35.87937050000073,36.378601000000344,36.378601000000344,0.5161177000009047,-0.3388888888888889,-0.003703703703703704,1,0,0,image_left,left,0.9,circle,1,-1,1,37.38444630000049,37.38444630000049,37.38444630000049,,,,,,,,,,,,,,,,,,,,,,,,,,,,,,Pratyusha,001,2023-04-14_15h21.07.267,EE_trial,2022.2.5,60.112699288420664,
triangle,square,0.4,0.6,triangle.png,square.png,,,,,,,,0,3,3,0,,,,,,,,,,,,,,,,,,,,,,,,,,,38.39733040000101,38.8781713999997,38.8781713999997,0.5140564000012091,0.37222222222222223,-0.01574074074074074,1,0,0,image_right,right,0.6,square,-1,-1,-1,40.56566000000021,40.56566000000021,40.56566000000021,,,,,,,,,,,,,,,,,,,,,,,,,,,,,,Pratyusha,001,2023-04-14_15h21.07.267,EE_trial,2022.2.5,60.112699288420664,
square,triangle,0.6,0.4,square.png,triangle.png,,,,,,,,1,0,4,1,,,,,,,,,,,,,,,,,,,,,,,,,,,41.57932970000002,42.06135490000088,42.06135490000088,0.5146896000005654,0.3287037037037037,0.02962962962962963,1,0,0,image_right,right,0.4,triangle,-1,-1,-1,43.65488530000039,43.65488530000039,43.65488530000039,,,,,,,,,,,,,,,,,,,,,,,,,,,,,,Pratyusha,001,2023-04-14_15h21.07.267,EE_trial,2022.2.5,60.112699288420664,
square,triangle,0.6,0.4,square.png,triangle.png,,,,,,,,1,1,5,1,,,,,,,,,,,,,,,,,,,,,,,,,,,44.66158720000021,45.144698100000824,45.144698100000824,0.5120659999993222,-0.3333333333333333,0.008333333333333333,1,0,0,image_left,left,0.6,square,1,1,1,46.020292000001064,46.020292000001064,46.020292000001064,,,,,,,,,,,,,,,,,,,,,,,,,,,,,,Pratyusha,001,2023-04-14_15h21.07.267,EE_trial,2022.2.5,60.112699288420664,
cross,circle,0.1,0.9,cross.png,circle.png,,,,,,,,1,2,6,2,,,,,,,,,,,,,,,,,,,,,,,,,,,47.033064000001104,47.51135380000051,47.51135380000051,0.5127541000001656,0.2962962962962963,0.04259259259259259,1,0,0,image_right,right,0.9,circle,-1,1,1,48.524347300000954,48.524347300000954,48.524347300000954,,,,,,,,,,,,,,,,,,,,,,,,,,,,,,Pratyusha,001,2023-04-14_15h21.07.267,EE_trial,2022.2.5,60.112699288420664,
square,triangle,0.6,0.4,square.png,triangle.png,,,,,,,,1,3,7,1,,,,,,,,,,,,,,,,,,,,,,,,,,,49.5422722000003,50.01175010000043,50.01175010000043,0.5121027999994112,-0.32314814814814813,0.011111111111111112,1,0,0,image_left,left,0.6,square,-1,-1,-1,51.04938299999958,51.04938299999958,51.04938299999958,,,,,,,,,,,,,,,,,,,,,,,,,,,,,,Pratyusha,001,2023-04-14_15h21.07.267,EE_trial,2022.2.5,60.112699288420664,
circle,cross,0.9,0.1,circle.png,cross.png,,,,,,,,2,0,8,3,,,,,,,,,,,,,,,,,,,,,,,,,,,52.064415000000736,52.544872500000565,52.544872500000565,0.5136239000003116,-0.31666666666666665,0.011111111111111112,1,0,0,image_left,left,0.9,circle,1,1,1,53.49907710000116,53.49907710000116,53.49907710000116,,,,,,,,,,,,,,,,,,,,,,,,,,,,,,Pratyusha,001,2023-04-14_15h21.07.267,EE_trial,2022.2.5,60.112699288420664,
triangle,square,0.4,0.6,triangle.png,square.png,,,,,,,,2,1,9,0,,,,,,,,,,,,,,,,,,,,,,,,,,,54.517066700000214,54.99534090000088,54.99534090000088,0.5143195999989985,0.26944444444444443,-0.002777777777777778,1,0,0,image_right,right,0.6,square,-1,1,1,56.115982400000576,56.115982400000576,56.115982400000576,,,,,,,,,,,,,,,,,,,,,,,,,,,,,,Pratyusha,001,2023-04-14_15h21.07.267,EE_trial,2022.2.5,60.112699288420664,
square,triangle,0.6,0.4,square.png,triangle.png,,,,,,,,2,2,10,1,,,,,,,,,,,,,,,,,,,,,,,,,,,57.129599800000506,57.61170780000066,57.61170780000066,0.5143853000008676,-0.26666666666666666,-0.004629629629629629,1,0,0,image_left,left,0.6,square,-1,-1,-1,58.532043900000644,58.532043900000644,58.532043900000644,,,,,,,,,,,,,,,,,,,,,,,,,,,,,,Pratyusha,001,2023-04-14_15h21.07.267,EE_trial,2022.2.5,60.112699288420664,
cross,circle,0.1,0.9,cross.png,circle.png,,,,,,,,2,3,11,2,,,,,,,,,,,,,,,,,,,,,,,,,,,59.548534600000494,60.02856360000078,60.02856360000078,0.5142638999986957,0.3055555555555556,-0.013888888888888888,1,0,0,image_right,right,0.9,circle,-1,1,1,61.07373010000083,61.07373010000083,61.07373010000083,,,,,,,,,,,,,,,,,,,,,,,,,,,,,,Pratyusha,001,2023-04-14_15h21.07.267,EE_trial,2022.2.5,60.112699288420664,
square,triangle,0.6,0.4,square.png,triangle.png,,,,,,,,3,0,12,1,,,,,,,,,,,,,,,,,,,,,,,,,,,62.08912010000131,62.56199220000053,62.56199220000053,0.513253099999929,-0.2953703703703704,-0.012037037037037037,1,0,0,image_left,left,0.6,square,1,-1,1,63.58309390000068,63.58309390000068,63.58309390000068,,,,,,,,,,,,,,,,,,,,,,,,,,,,,,Pratyusha,001,2023-04-14_15h21.07.267,EE_trial,2022.2.5,60.112699288420664,
triangle,square,0.4,0.6,triangle.png,square.png,,,,,,,,3,1,13,0,,,,,,,,,,,,,,,,,,,,,,,,,,,64.59455340000022,65.07834700000058,65.07834700000058,0.5139299999991636,0.3175925925925926,0.005555555555555556,1,0,0,image_right,right,0.6,square,-1,1,1,66.16544030000114,66.16544030000114,66.16544030000114,,,,,,,,,,,,,,,,,,,,,,,,,,,,,,Pratyusha,001,2023-04-14_15h21.07.267,EE_trial,2022.2.5,60.112699288420664,
cross,circle,0.1,0.9,cross.png,circle.png,,,,,,,,3,2,14,2,,,,,,,,,,,,,,,,,,,,,,,,,,,67.18121040000005,67.66205389999959,67.66205389999959,0.5148317000002862,0.34814814814814815,0.004629629629629629,1,0,0,image_right,right,0.9,circle,1,1,1,68.57783170000039,68.57783170000039,68.57783170000039,69.58256240000082,69.58256240000082,69.58256240000082,,,,,,,,,,,,,,,,,,,,,,,,,,,Pratyusha,001,2023-04-14_15h21.07.267,EE_trial,2022.2.5,60.112699288420664,
cross,circle,0.1,0.9,cross.png,circle.png,,,,,,,,3,3,15,2,,,,,,,,,,,,,,,,,,,,,,,,,,,69.58256240000082,70.07806680000067,70.07806680000067,0.5148217000005388,0.34814814814814815,0.004629629629629629,1,0,0,image_right,right,0.9,circle,-1,1,1,70.92802280000069,70.92802280000069,70.92802280000069,,,,,,,,,,,,,,,,,,,,,,,,,,,,,,Pratyusha,001,2023-04-14_15h21.07.267,EE_trial,2022.2.5,60.112699288420664,
square,triangle,0.6,0.4,square.png,triangle.png,,,,,,,,4,0,16,1,,,,,,,,,,,,,,,,,,,,,,,,,,,71.92965270000059,72.4116138999998,72.4116138999998,0.509476100000029,-0.27870370370370373,-0.01574074074074074,1,0,0,image_left,left,0.6,square,1,-1,1,73.72377299999971,73.72377299999971,73.72377299999971,,,,,,,,,,,,,,,,,,,,,,,,,,,,,,Pratyusha,001,2023-04-14_15h21.07.267,EE_trial,2022.2.5,60.112699288420664,
triangle,square,0.4,0.6,triangle.png,square.png,,,,,,,,4,1,17,0,,,,,,,,,,,,,,,,,,,,,,,,,,,74.72888320000129,75.21194360000118,75.21194360000118,0.5124685999999201,0.2611111111111111,0.018518518518518517,1,0,0,image_right,right,0.6,square,-1,1,1,76.56614840000111,76.56614840000111,76.56614840000111,,,,,,,,,,,,,,,,,,,,,,,,,,,,,,Pratyusha,001,2023-04-14_15h21.07.267,EE_trial,2022.2.5,60.112699288420664,
triangle,square,0.4,0.6,triangle.png,square.png,,,,,,,,4,2,18,0,,,,,,,,,,,,,,,,,,,,,,,,,,,77.58629760000076,78.06203300000016,78.06203300000016,0.5117596000000049,0.2611111111111111,0.018518518518518517,1,0,0,image_right,right,0.6,square,-1,-1,-1,78.91616570000042,78.91616570000042,78.91616570000042,,,,,,,,,,,,,,,,,,,,,,,,,,,,,,Pratyusha,001,2023-04-14_15h21.07.267,EE_trial,2022.2.5,60.112699288420664,
cross,circle,0.1,0.9,cross.png,circle.png,,,,,,,,4,3,19,2,,,,,,,,,,,,,,,,,,,,,,,,,,,79.93353910000042,80.41147330000058,80.41147330000058,0.5143088000004354,0.2611111111111111,0.018518518518518517,1,0,0,image_right,right,0.9,circle,-1,1,1,81.14578040000015,81.14578040000015,81.14578040000015,82.15213030000086,82.15213030000086,82.15213030000086,,,,,,,,,,,,,,,,,,,,,,,,,,,Pratyusha,001,2023-04-14_15h21.07.267,EE_trial,2022.2.5,60.112699288420664,
circle,cross,0.9,0.1,circle.png,cross.png,,,,,,,,5,0,20,3,,,,,,,,,,,,,,,,,,,,,,,,,,,82.15213030000086,82.64528280000013,82.64528280000013,0.5148439000004146,-0.3398148148148148,0.021296296296296296,1,0,0,image_left,left,0.9,circle,1,-1,1,83.96180550000099,83.96180550000099,83.96180550000099,84.96930820000125,84.96930820000125,84.96930820000125,,,,,,,,,,,,,,,,,,,,,,,,,,,Pratyusha,001,2023-04-14_15h21.07.267,EE_trial,2022.2.5,60.112699288420664,
triangle,square,0.4,0.6,triangle.png,square.png,,,,,,,,5,1,21,0,,,,,,,,,,,,,,,,,,,,,,,,,,,84.96930820000125,85.46177870000065,85.46177870000065,0.5148511999996117,0.25462962962962965,-0.024074074074074074,1,0,0,image_right,right,0.6,square,-1,-1,-1,86.37993760000063,86.37993760000063,86.37993760000063,,,,,,,,,,,,,,,,,,,,,,,,,,,,,,Pratyusha,001,2023-04-14_15h21.07.267,EE_trial,2022.2.5,60.112699288420664,
triangle,square,0.4,0.6,triangle.png,square.png,,,,,,,,5,2,22,0,,,,,,,,,,,,,,,,,,,,,,,,,,,87.39466130000073,87.87871430000087,87.87871430000087,0.5143017999998847,0.25462962962962965,-0.024074074074074074,1,0,0,image_right,right,0.6,square,1,1,1,88.31857370000034,88.31857370000034,88.31857370000034,,,,,,,,,,,,,,,,,,,,,,,,,,,,,,Pratyusha,001,2023-04-14_15h21.07.267,EE_trial,2022.2.5,60.112699288420664,
cross,circle,0.1,0.9,cross.png,circle.png,,,,,,,,5,3,23,2,,,,,,,,,,,,,,,,,,,,,,,,,,,89.33441830000083,89.8122342000006,89.8122342000006,0.5137462000002415,0.25462962962962965,-0.024074074074074074,1,0,0,image_right,right,0.9,circle,-1,1,1,90.39976810000007,90.39976810000007,90.39976810000007,,,,,,,,,,,,,,,,,,,,,,,,,,,,,,Pratyusha,001,2023-04-14_15h21.07.267,EE_trial,2022.2.5,60.112699288420664,
circle,cross,0.9,0.1,circle.png,cross.png,,,,,,,,6,0,24,3,,,,,,,,,,,,,,,,,,,,,,,,,,,91.41323929999999,91.89503270000023,91.89503270000023,0.5146026000002166,-0.28888888888888886,-0.026851851851851852,1,0,0,image_left,left,0.9,circle,1,-1,1,93.29476150000119,93.29476150000119,93.29476150000119,94.29636109999956,94.29636109999956,94.29636109999956,,,,,,,,,,,,,,,,,,,,,,,,,,,Pratyusha,001,2023-04-14_15h21.07.267,EE_trial,2022.2.5,60.112699288420664,
cross,circle,0.1,0.9,cross.png,circle.png,,,,,,,,6,1,25,2,,,,,,,,,,,,,,,,,,,,,,,,,,,94.29636109999956,94.79523909999989,94.79523909999989,0.514972700000726,0.32407407407407407,0.016666666666666666,1,0,0,image_right,right,0.9,circle,-1,1,1,96.296558,96.296558,96.296558,,,,,,,,,,,,,,,,,,,,,,,,,,,,,,Pratyusha,001,2023-04-14_15h21.07.267,EE_trial,2022.2.5,60.112699288420664,
circle,cross,0.9,0.1,circle.png,cross.png,,,,,,,,6,2,26,3,,,,,,,,,,,,,,,,,,,,,,,,,,,97.31302479999977,97.79538529999991,97.79538529999991,0.5148485999998229,-0.29444444444444445,-0.01574074074074074,1,0,0,image_left,left,0.9,circle,-1,-1,-1,99.46384000000035,99.46384000000035,99.46384000000035,,,,,,,,,,,,,,,,,,,,,,,,,,,,,,Pratyusha,001,2023-04-14_15h21.07.267,EE_trial,2022.2.5,60.112699288420664,
cross,circle,0.1,0.9,cross.png,circle.png,,,,,,,,6,3,27,2,,,,,,,,,,,,,,,,,,,,,,,,,,,100.48246180000024,100.96155630000067,100.96155630000067,0.5136387000002287,0.28425925925925927,-0.021296296296296296,1,0,0,image_right,right,0.9,circle,-1,-1,-1,101.83363509999981,101.83363509999981,101.83363509999981,,,,,,,,,,,,,,,,,,,,,,,,,,,,,,Pratyusha,001,2023-04-14_15h21.07.267,EE_trial,2022.2.5,60.112699288420664,
triangle,square,0.4,0.6,triangle.png,square.png,,,,,,,,7,0,28,0,,,,,,,,,,,,,,,,,,,,,,,,,,,102.84488799999963,103.32817040000009,103.32817040000009,0.513613199998872,0.3212962962962963,0.03981481481481482,1,0,0,image_right,right,0.6,square,-1,-1,-1,104.47100880000107,104.47100880000107,104.47100880000107,,,,,,,,,,,,,,,,,,,,,,,,,,,,,,Pratyusha,001,2023-04-14_15h21.07.267,EE_trial,2022.2.5,60.112699288420664,
triangle,square,0.4,0.6,triangle.png,square.png,,,,,,,,7,1,29,0,,,,,,,,,,,,,,,,,,,,,,,,,,,105.48770090000107,105.96212220000052,105.96212220000052,0.5124783999999636,0.25,0.03148148148148148,1,0,0,image_right,right,0.6,square,1,1,1,107.85435200000029,107.85435200000029,107.85435200000029,,,,,,,,,,,,,,,,,,,,,,,,,,,,,,Pratyusha,001,2023-04-14_15h21.07.267,EE_trial,2022.2.5,60.112699288420664,
square,triangle,0.6,0.4,square.png,triangle.png,,,,,,,,7,2,30,1,,,,,,,,,,,,,,,,,,,,,,,,,,,108.86577880000004,109.34508840000126,109.34508840000126,0.512902500000564,-0.35185185185185186,0.04722222222222222,1,0,0,image_left,left,0.6,square,-1,-1,-1,114.08258200000091,114.08258200000091,114.08258200000091,,,,,,,,,,,,,,,,,,,,,,,,,,,,,,Pratyusha,001,2023-04-14_15h21.07.267,EE_trial,2022.2.5,60.112699288420664,
circle,cross,0.9,0.1,circle.png,cross.png,,,,,,,,7,3,31,3,,,,,,,,,,,,,,,,,,,,,,,,,,,115.10308330000043,115.5789306000006,115.5789306000006,0.514212399999451,-0.2861111111111111,-0.004629629629629629,1,0,0,image_left,left,0.9,circle,1,-1,1,118.76833799999986,118.76833799999986,118.76833799999986,,,,,,,,,,,,,,,,,,,,,,,,,,,,,,Pratyusha,001,2023-04-14_15h21.07.267,EE_trial,2022.2.5,60.112699288420664,
square,triangle,0.6,0.4,square.png,triangle.png,,,,,,,,8,0,32,1,,,,,,,,,,,,,,,,,,,,,,,,,,,119.78789970000071,120.26198289999957,120.26198289999957,0.5139913000002707,-0.275,-0.003703703703703704,1,0,0,image_left,left,0.6,square,1,1,1,122.3786209000009,122.3786209000009,122.3786209000009,123.37982270000066,123.37982270000066,123.37982270000066,,,,,,,,,,,,,,,,,,,,,,,,,,,Pratyusha,001,2023-04-14_15h21.07.267,EE_trial,2022.2.5,60.112699288420664,
circle,cross,0.9,0.1,circle.png,cross.png,,,,,,,,8,1,33,3,,,,,,,,,,,,,,,,,,,,,,,,,,,123.37982270000066,123.8788698999997,123.8788698999997,0.5154438999998092,-0.275,-0.003703703703703704,1,0,0,image_left,left,0.9,circle,1,-1,1,124.73584910000136,124.73584910000136,124.73584910000136,,,,,,,,,,,,,,,,,,,,,,,,,,,,,,Pratyusha,001,2023-04-14_15h21.07.267,EE_trial,2022.2.5,60.112699288420664,
cross,circle,0.1,0.9,cross.png,circle.png,,,,,,,,8,2,34,2,,,,,,,,,,,,,,,,,,,,,,,,,,,125.74809040000036,126.22872889999962,126.22872889999962,0.5136115000004793,0.30462962962962964,0.011111111111111112,1,0,0,image_right,right,0.9,circle,-1,-1,-1,127.31179940000038,127.31179940000038,127.31179940000038,128.3139596000001,128.3139596000001,128.3139596000001,,,,,,,,,,,,,,,,,,,,,,,,,,,Pratyusha,001,2023-04-14_15h21.07.267,EE_trial,2022.2.5,60.112699288420664,
square,triangle,0.6,0.4,square.png,triangle.png,,,,,,,,8,3,35,1,,,,,,,,,,,,,,,,,,,,,,,,,,,128.3139596000001,128.81186640000124,128.81186640000124,0.5153671000007307,-0.2814814814814815,0.030555555555555555,1,0,0,image_left,left,0.6,square,1,1,1,132.53655460000118,132.53655460000118,132.53655460000118,,,,,,,,,,,,,,,,,,,,,,,,,,,,,,Pratyusha,001,2023-04-14_15h21.07.267,EE_trial,2022.2.5,60.112699288420664,
triangle,square,0.4,0.6,triangle.png,square.png,,,,,,,,9,0,36,0,,,,,,,,,,,,,,,,,,,,,,,,,,,133.54912160000094,134.0291871999998,134.0291871999998,0.5144806999996945,0.29907407407407405,-0.011111111111111112,1,0,0,image_right,right,0.6,square,-1,-1,-1,135.63070060000064,135.63070060000064,135.63070060000064,,,,,,,,,,,,,,,,,,,,,,,,,,,,,,Pratyusha,001,2023-04-14_15h21.07.267,EE_trial,2022.2.5,60.112699288420664,
circle,cross,0.9,0.1,circle.png,cross.png,,,,,,,,9,1,37,3,,,,,,,,,,,,,,,,,,,,,,,,,,,136.64559259999987,137.12878960000126,137.12878960000126,0.5141987999995763,-0.2537037037037037,0.002777777777777778,1,0,0,image_left,left,0.9,circle,1,-1,1,137.90055690000008,137.90055690000008,137.90055690000008,,,,,,,,,,,,,,,,,,,,,,,,,,,,,,Pratyusha,001,2023-04-14_15h21.07.267,EE_trial,2022.2.5,60.112699288420664,
circle,cross,0.9,0.1,circle.png,cross.png,,,,,,,,9,2,38,3,,,,,,,,,,,,,,,,,,,,,,,,,,,138.91657690000102,139.39556100000118,139.39556100000118,0.5138382999994064,-0.2537037037037037,0.002777777777777778,1,0,0,image_left,left,0.9,circle,1,-1,1,140.43570200000067,140.43570200000067,140.43570200000067,,,,,,,,,,,,,,,,,,,,,,,,,,,,,,Pratyusha,001,2023-04-14_15h21.07.267,EE_trial,2022.2.5,60.112699288420664,
square,triangle,0.6,0.4,square.png,triangle.png,,,,,,,,9,3,39,1,,,,,,,,,,,,,,,,,,,,,,,,,,,141.4538508000005,141.92858530000012,141.92858530000012,0.512876700000561,-0.2537037037037037,0.002777777777777778,1,0,0,image_left,left,0.6,square,-1,-1,-1,143.00416760000007,143.00416760000007,143.00416760000007,,,,,,,,,,,,,,,,,,,,,,,,,,,,,,Pratyusha,001,2023-04-14_15h21.07.267,EE_trial,2022.2.5,60.112699288420664,
,,,,,,,,,,,,,,,,,,,,,,,,,,,,,,,,,,,,,,,,,,,,,,,,,,,,,,,,,,,,,,,,,144.01522490000025,144.01522490000025,144.01522490000025,144.01522490000025,space,14.312909199999922,,,,,,,,,,,,,,,,,,,,,Pratyusha,001,2023-04-14_15h21.07.267,EE_trial,2022.2.5,60.112699288420664,
,,,,,,1,circle,0.4,0.9,0.7,circle.png,0.4.png,,,,,0,0,0,0,0,0,0,25,,,,,,,,,,,,,,,,,,,,,,,,,,,,,,,,,,,,,,,,,,,,,,,158.38734830000067,158.8454758000007,158.8454758000007,0.5123325000004115,-0.2537037037037037,0.002777777777777778,1,0,0,image_left_es,left,0.9,circle,1,-1,1,161.57979800000066,161.57979800000066,,,Pratyusha,001,2023-04-14_15h21.07.267,EE_trial,2022.2.5,60.112699288420664,
,,,,,,1,square,0.4,0.6,0.7,square.png,0.4.png,,,,,0,0,0,0,0,1,1,11,,,,,,,,,,,,,,,,,,,,,,,,,,,,,,,,,,,,,,,,,,,,,,,162.10281060000125,162.57873830000062,162.57873830000062,0.5138607999997475,0.13796296296296295,-0.17222222222222222,1,0,0,image_right_es,right,0.7,0.4,1,1,1,199.7795659000003,199.7795659000003,200.28413590000127,200.28413590000127,Pratyusha,001,2023-04-14_15h21.07.267,EE_trial,2022.2.5,60.112699288420664,
,,,,,,1,cross,0.2,0.1,0.2,cross.png,0.2.png,,,,,0,0,0,0,0,2,2,20,,,,,,,,,,,,,,,,,,,,,,,,,,,,,,,,,,,,,,,,,,,,,,,200.28413590000127,200.77898319999986,200.77898319999986,0.5136146999993798,-0.2722222222222222,-0.006481481481481481,1,0,0,image_left_es,left,0.1,cross,-1,-1,-1,214.42868869999984,214.42868869999984,214.92867529999967,214.92867529999967,Pratyusha,001,2023-04-14_15h21.07.267,EE_trial,2022.2.5,60.112699288420664,
,,,,,,1,circle,-0.2,0.9,0,circle.png,-0.2.png,,,,,0,0,0,0,0,3,3,21,,,,,,,,,,,,,,,,,,,,,,,,,,,,,,,,,,,,,,,,,,,,,,,214.92867529999967,215.42882989999998,215.42882989999998,0.5125021000003471,-0.31851851851851853,0.019444444444444445,1,0,0,image_left_es,left,0.9,circle,1,-1,1,220.77887850000116,220.77887850000116,221.28499850000117,221.28499850000117,Pratyusha,001,2023-04-14_15h21.07.267,EE_trial,2022.2.5,60.112699288420664,
,,,,,,1,circle,0.8,0.9,0.9,circle.png,0.8.png,,,,,0,0,0,0,0,4,4,26,,,,,,,,,,,,,,,,,,,,,,,,,,,,,,,,,,,,,,,,,,,,,,,221.28499850000117,221.77930890000061,221.77930890000061,0.5113772000004246,-0.31851851851851853,0.019444444444444445,1,0,0,image_left_es,left,0.9,circle,-1,-1,-1,222.92903450000085,222.92903450000085,223.4358374000003,223.4358374000003,Pratyusha,001,2023-04-14_15h21.07.267,EE_trial,2022.2.5,60.112699288420664,
,,,,,,1,cross,0.8,0.1,0.9,cross.png,0.8.png,,,,,0,0,0,0,0,5,5,19,,,,,,,,,,,,,,,,,,,,,,,,,,,,,,,,,,,,,,,,,,,,,,,223.4358374000003,223.92917930000112,223.92917930000112,0.5126995999999053,0.2462962962962963,0.06296296296296296,1,0,0,image_right_es,right,0.9,0.8,1,1,1,228.41233530000136,228.41233530000136,228.91809099999955,228.91809099999955,Pratyusha,001,2023-04-14_15h21.07.267,EE_trial,2022.2.5,60.112699288420664,
,,,,,,1,circle,-0.4,0.9,0.3,circle.png,-0.4.png,,,,,0,0,0,0,0,6,6,23,,,,,,,,,,,,,,,,,,,,,,,,,,,,,,,,,,,,,,,,,,,,,,,228.91809099999955,229.4125621000003,229.4125621000003,0.5148435000010068,-0.29814814814814816,0.027777777777777776,1,0,0,image_left_es,left,0.9,circle,1,-1,1,231.22878459999993,231.22878459999993,231.73210740000104,231.73210740000104,Pratyusha,001,2023-04-14_15h21.07.267,EE_trial,2022.2.5,60.112699288420664,
,,,,,,1,cross,0.4,0.1,0.7,cross.png,0.4.png,,,,,0,0,0,0,0,7,7,18,,,,,,,,,,,,,,,,,,,,,,,,,,,,,,,,,,,,,,,,,,,,,,,231.73210740000104,232.22915280000052,232.22915280000052,0.5146337000005587,-0.29814814814814816,0.027777777777777776,1,0,0,image_left_es,left,0.1,cross,-1,-1,-1,233.41218630000003,233.41218630000003,233.91752799999995,233.91752799999995,Pratyusha,001,2023-04-14_15h21.07.267,EE_trial,2022.2.5,60.112699288420664,
,,,,,,1,triangle,0.4,0.4,0.7,triangle.png,0.4.png,,,,,0,0,0,0,0,8,8,4,,,,,,,,,,,,,,,,,,,,,,,,,,,,,,,,,,,,,,,,,,,,,,,233.91752799999995,234.41276240000116,234.41276240000116,0.5144249000004493,0.4398148148148148,0.008333333333333333,1,0,0,image_right_es,right,0.7,0.4,-1,-1,-1,236.979018,236.979018,237.48528410000108,237.48528410000108,Pratyusha,001,2023-04-14_15h21.07.267,EE_trial,2022.2.5,60.112699288420664,
,,,,,,1,cross,-0.4,0.1,0.3,cross.png,-0.4.png,,,,,0,0,0,0,0,9,9,16,,,,,,,,,,,,,,,,,,,,,,,,,,,,,,,,,,,,,,,,,,,,,,,237.48528410000108,237.9795320000012,237.9795320000012,0.5148065000012139,-0.32407407407407407,-0.002777777777777778,1,0,0,image_left_es,left,0.1,cross,-1,-1,-1,240.94514189999973,240.94514189999973,241.45151270000133,241.45151270000133,Pratyusha,001,2023-04-14_15h21.07.267,EE_trial,2022.2.5,60.112699288420664,
,,,,,,1,triangle,0.8,0.4,0.9,triangle.png,0.8.png,,,,,0,0,0,0,0,10,10,5,,,,,,,,,,,,,,,,,,,,,,,,,,,,,,,,,,,,,,,,,,,,,,,241.45151270000133,241.9462921000013,241.9462921000013,0.5148184000008769,0.18888888888888888,-0.06111111111111111,1,0,0,image_right_es,right,0.9,0.8,-1,1,1,245.59555980000005,245.59555980000005,246.10195270000077,246.10195270000077,Pratyusha,001,2023-04-14_15h21.07.267,EE_trial,2022.2.5,60.112699288420664,
,,,,,,1,circle,0,0.9,0.5,circle.png,0.png,,,,,0,0,0,0,0,11,11,24,,,,,,,,,,,,,,,,,,,,,,,,,,,,,,,,,,,,,,,,,,,,,,,246.10195270000077,246.59603380000044,246.59603380000044,0.5149257000011858,-0.29444444444444445,0.005555555555555556,1,0,0,image_left_es,left,0.9,circle,1,1,1,249.26232060000075,249.26232060000075,249.76495510000132,249.76495510000132,Pratyusha,001,2023-04-14_15h21.07.267,EE_trial,2022.2.5,60.112699288420664,
,,,,,,1,square,0.2,0.6,0.2,square.png,0.2.png,,,,,0,0,0,0,0,12,12,13,,,,,,,,,,,,,,,,,,,,,,,,,,,,,,,,,,,,,,,,,,,,,,,249.76495510000132,250.26290510000035,250.26290510000035,0.5135814999994182,0.3055555555555556,0.05277777777777778,1,0,0,image_right_es,right,0.2,0.2,-1,-1,-1,253.37899280000056,253.37899280000056,253.88158509999994,253.88158509999994,Pratyusha,001,2023-04-14_15h21.07.267,EE_trial,2022.2.5,60.112699288420664,
,,,,,,1,square,0,0.6,0.5,square.png,0.png,,,,,0,0,0,0,0,13,13,10,,,,,,,,,,,,,,,,,,,,,,,,,,,,,,,,,,,,,,,,,,,,,,,253.88158509999994,254.37950140000066,254.37950140000066,0.5148697999993601,0.18055555555555555,-0.03981481481481482,1,0,0,image_right_es,right,0.5,0,1,1,1,258.21251360000133,258.21251360000133,258.72091470000123,258.72091470000123,Pratyusha,001,2023-04-14_15h21.07.267,EE_trial,2022.2.5,60.112699288420664,
,,,,,,1,square,-0.2,0.6,0,square.png,-0.2.png,,,,,0,0,0,0,0,14,14,7,,,,,,,,,,,,,,,,,,,,,,,,,,,,,,,,,,,,,,,,,,,,,,,258.72091470000123,259.2125018000006,259.2125018000006,0.5145505999989837,-0.2962962962962963,-0.01574074074074074,1,0,0,image_left_es,left,0.6,square,1,-1,1,264.2455108000013,264.2455108000013,264.75187560000086,264.75187560000086,Pratyusha,001,2023-04-14_15h21.07.267,EE_trial,2022.2.5,60.112699288420664,
,,,,,,1,square,-0.4,0.6,0.3,square.png,-0.4.png,,,,,0,0,0,0,0,15,15,9,,,,,,,,,,,,,,,,,,,,,,,,,,,,,,,,,,,,,,,,,,,,,,,264.75187560000086,265.24615450000056,265.24615450000056,0.5143365000003541,-0.2962962962962963,-0.01574074074074074,1,0,0,image_left_es,left,0.6,square,1,1,1,267.16279620000023,267.16279620000023,267.66603100000066,267.66603100000066,Pratyusha,001,2023-04-14_15h21.07.267,EE_trial,2022.2.5,60.112699288420664,
,,,,,,1,circle,0.2,0.9,0.2,circle.png,0.2.png,,,,,0,0,0,0,0,16,16,27,,,,,,,,,,,,,,,,,,,,,,,,,,,,,,,,,,,,,,,,,,,,,,,267.66603100000066,268.1637752000006,268.1637752000006,0.5129062000014528,-0.2953703703703704,0.019444444444444445,1,0,0,image_left_es,left,0.9,circle,1,1,1,271.77916730000106,271.77916730000106,272.2884438000001,272.2884438000001,Pratyusha,001,2023-04-14_15h21.07.267,EE_trial,2022.2.5,60.112699288420664,
,,,,,,1,triangle,0,0.4,0.5,triangle.png,0.png,,,,,0,0,0,0,0,17,17,3,,,,,,,,,,,,,,,,,,,,,,,,,,,,,,,,,,,,,,,,,,,,,,,272.2884438000001,272.7793426999997,272.7793426999997,0.514806099999987,-0.34444444444444444,-0.009259259259259259,1,0,0,image_left_es,left,0.4,triangle,-1,-1,-1,282.4124776000008,282.4124776000008,282.9174108999996,282.9174108999996,Pratyusha,001,2023-04-14_15h21.07.267,EE_trial,2022.2.5,60.112699288420664,
,,,,,,1,triangle,0.2,0.4,0.2,triangle.png,0.2.png,,,,,0,0,0,0,0,18,18,6,,,,,,,,,,,,,,,,,,,,,,,,,,,,,,,,,,,,,,,,,,,,,,,282.9174108999996,283.4126116999996,283.4126116999996,0.5128113000009762,-0.34444444444444444,-0.009259259259259259,1,0,0,image_left_es,left,0.4,triangle,-1,-1,-1,285.0126340000006,285.0126340000006,285.5171091000011,285.5171091000011,Pratyusha,001,2023-04-14_15h21.07.267,EE_trial,2022.2.5,60.112699288420664,
,,,,,,1,triangle,-0.2,0.4,0,triangle.png,-0.2.png,,,,,0,0,0,0,0,19,19,0,,,,,,,,,,,,,,,,,,,,,,,,,,,,,,,,,,,,,,,,,,,,,,,285.5171091000011,286.01296,286.01296,0.5148315999995248,0.41388888888888886,0.14722222222222223,1,0,0,image_right_es,right,0,-0.2,-1,-1,-1,288.8125056000008,288.8125056000008,289.31279429999995,289.31279429999995,Pratyusha,001,2023-04-14_15h21.07.267,EE_trial,2022.2.5,60.112699288420664,
,,,,,,1,triangle,-0.8,0.4,0.1,triangle.png,-0.8.png,,,,,0,0,0,0,0,20,20,1,,,,,,,,,,,,,,,,,,,,,,,,,,,,,,,,,,,,,,,,,,,,,,,289.31279429999995,289.81307170000036,289.81307170000036,0.514175600001181,-0.2537037037037037,-0.053703703703703705,1,0,0,image_left_es,left,0.4,triangle,1,1,1,291.9127500000013,291.9127500000013,292.4153478999997,292.4153478999997,Pratyusha,001,2023-04-14_15h21.07.267,EE_trial,2022.2.5,60.112699288420664,
,,,,,,1,cross,-0.8,0.1,0.1,cross.png,-0.8.png,,,,,0,0,0,0,0,21,21,15,,,,,,,,,,,,,,,,,,,,,,,,,,,,,,,,,,,,,,,,,,,,,,,292.4153478999997,292.91290990000016,292.91290990000016,0.5122606999993877,-0.2537037037037037,-0.053703703703703705,1,0,0,image_left_es,left,0.1,cross,-1,-1,-1,293.32968830000027,293.32968830000027,293.84073960000023,293.84073960000023,Pratyusha,001,2023-04-14_15h21.07.267,EE_trial,2022.2.5,60.112699288420664,
,,,,,,1,triangle,-0.4,0.4,0.3,triangle.png,-0.4.png,,,,,0,0,0,0,0,22,22,2,,,,,,,,,,,,,,,,,,,,,,,,,,,,,,,,,,,,,,,,,,,,,,,293.84073960000023,294.32954880000034,294.32954880000034,0.5150986000007833,-0.2537037037037037,-0.053703703703703705,1,0,0,image_left_es,left,0.4,triangle,-1,-1,-1,295.6291701000009,295.6291701000009,296.13291610000124,296.13291610000124,Pratyusha,001,2023-04-14_15h21.07.267,EE_trial,2022.2.5,60.112699288420664,
,,,,,,1,cross,0,0.1,0.5,cross.png,0.png,,,,,0,0,0,0,0,23,23,17,,,,,,,,,,,,,,,,,,,,,,,,,,,,,,,,,,,,,,,,,,,,,,,296.13291610000124,296.62963200000013,296.62963200000013,0.5140543000015896,0.4148148148148148,0.1962962962962963,1,0,0,image_right_es,right,0.5,0,1,1,1,299.5626752999997,299.5626752999997,300.0659742000007,300.0659742000007,Pratyusha,001,2023-04-14_15h21.07.267,EE_trial,2022.2.5,60.112699288420664,
,,,,,,1,square,0.8,0.6,0.9,square.png,0.8.png,,,,,0,0,0,0,0,24,24,12,,,,,,,,,,,,,,,,,,,,,,,,,,,,,,,,,,,,,,,,,,,,,,,300.0659742000007,300.5628969999998,300.5628969999998,0.5142391999997926,-0.3277777777777778,-0.037037037037037035,1,0,0,image_left_es,left,0.6,square,-1,1,-1,300.9125201000006,300.9125201000006,301.41802129999996,301.41802129999996,Pratyusha,001,2023-04-14_15h21.07.267,EE_trial,2022.2.5,60.112699288420664,
,,,,,,1,square,-0.8,0.6,0.1,square.png,-0.8.png,,,,,0,0,0,0,0,25,25,8,,,,,,,,,,,,,,,,,,,,,,,,,,,,,,,,,,,,,,,,,,,,,,,301.41802129999996,301.9127836000007,301.9127836000007,0.5148479999988922,0.36203703703703705,0.1787037037037037,1,0,0,image_right_es,right,0.1,-0.8,1,1,1,305.09564370000044,305.09564370000044,305.6072227000004,305.6072227000004,Pratyusha,001,2023-04-14_15h21.07.267,EE_trial,2022.2.5,60.112699288420664,
,,,,,,1,circle,-0.8,0.9,0.1,circle.png,-0.8.png,,,,,0,0,0,0,0,26,26,22,,,,,,,,,,,,,,,,,,,,,,,,,,,,,,,,,,,,,,,,,,,,,,,305.6072227000004,306.0967567000007,306.0967567000007,0.5147828000008303,-0.39351851851851855,-0.006481481481481481,1,0,0,image_left_es,left,0.9,circle,1,1,1,307.8959706000005,307.8959706000005,308.3977474000003,308.3977474000003,Pratyusha,001,2023-04-14_15h21.07.267,EE_trial,2022.2.5,60.112699288420664,
,,,,,,1,cross,-0.2,0.1,0,cross.png,-0.2.png,,,,,0,0,0,0,0,27,27,14,,,,,,,,,,,,,,,,,,,,,,,,,,,,,,,,,,,,,,,,,,,,,,,308.3977474000003,308.8963160000003,308.8963160000003,0.5141695000002073,-0.2722222222222222,-0.03796296296296296,1,0,0,image_left_es,left,0.1,cross,-1,-1,-1,311.69813609999983,311.69813609999983,,,Pratyusha,001,2023-04-14_15h21.07.267,EE_trial,2022.2.5,60.112699288420664,
,,,,,,1,,,,,,,,,,,0,0,0,0,,,,,,,,,,,,,,,,,,,,,,,,,,,,,,,,,,,,,,,,,,,,,,,,,,,,,,,,,,,,,,,,,,,,,,,Pratyusha,001,2023-04-14_15h21.07.267,EE_trial,2022.2.5,60.112699288420664,
,,,,,,3,square,0.4,0.6,0.7,square.png,0.4.png,,,,,0,1,1,1,0,0,0,11,,,,,,,,,,,,,,,,,,,,,,,,,,,,,,,,,,,,,,,,,,,,,,,312.2322715999999,312.6962739999999,312.6962739999999,0.5115313000005699,-0.2722222222222222,-0.03796296296296296,1,0,0,image_left_es,left,0.6,square,1,1,1,314.0958148000009,314.0958148000009,314.5965360000009,314.5965360000009,Pratyusha,001,2023-04-14_15h21.07.267,EE_trial,2022.2.5,60.112699288420664,
,,,,,,3,cross,0.8,0.1,0.9,cross.png,0.8.png,,,,,0,1,1,1,0,1,1,19,,,,,,,,,,,,,,,,,,,,,,,,,,,,,,,,,,,,,,,,,,,,,,,314.5965360000009,315.09652910000113,315.09652910000113,0.5143447999998898,-0.2722222222222222,-0.03796296296296296,1,0,0,image_left_es,left,0.1,cross,-1,1,-1,316.2130476000002,316.2130476000002,316.7255240000013,316.7255240000013,Pratyusha,001,2023-04-14_15h21.07.267,EE_trial,2022.2.5,60.112699288420664,
,,,,,,3,cross,0.2,0.1,0.2,cross.png,0.2.png,,,,,0,1,1,1,0,2,2,20,,,,,,,,,,,,,,,,,,,,,,,,,,,,,,,,,,,,,,,,,,,,,,,316.7255240000013,317.21296260000054,317.21296260000054,0.510739299999841,0.28425925925925927,-0.04722222222222222,1,0,0,image_right_es,right,0.2,0.2,-1,-1,-1,323.82954830000017,323.82954830000017,324.33846730000005,324.33846730000005,Pratyusha,001,2023-04-14_15h21.07.267,EE_trial,2022.2.5,60.112699288420664,
,,,,,,3,square,0,0.6,0.5,square.png,0.png,,,,,0,1,1,1,0,3,3,10,,,,,,,,,,,,,,,,,,,,,,,,,,,,,,,,,,,,,,,,,,,,,,,324.33846730000005,324.82968020000044,324.82968020000044,0.5135191999997915,-0.23703703703703705,0.003703703703703704,1,0,0,image_left_es,left,0.6,square,-1,-1,-1,328.92948179999985,328.92948179999985,329.43163880000066,329.43163880000066,Pratyusha,001,2023-04-14_15h21.07.267,EE_trial,2022.2.5,60.112699288420664,
,,,,,,3,triangle,0.8,0.4,0.9,triangle.png,0.8.png,,,,,0,1,1,1,0,4,4,5,,,,,,,,,,,,,,,,,,,,,,,,,,,,,,,,,,,,,,,,,,,,,,,329.43163880000066,329.9299592999996,329.9299592999996,0.5136462000009487,-0.23703703703703705,0.003703703703703704,1,0,0,image_left_es,left,0.4,triangle,1,1,1,331.6458175000007,331.6458175000007,332.1495322999999,332.1495322999999,Pratyusha,001,2023-04-14_15h21.07.267,EE_trial,2022.2.5,60.112699288420664,
,,,,,,3,square,-0.8,0.6,0.1,square.png,-0.8.png,,,,,0,1,1,1,0,5,5,8,,,,,,,,,,,,,,,,,,,,,,,,,,,,,,,,,,,,,,,,,,,,,,,332.1495322999999,332.64638340000056,332.64638340000056,0.5140802000005351,-0.23703703703703705,0.003703703703703704,1,0,0,image_left_es,left,0.6,square,-1,-1,-1,333.46270430000004,333.46270430000004,333.97218520000024,333.97218520000024,Pratyusha,001,2023-04-14_15h21.07.267,EE_trial,2022.2.5,60.112699288420664,
,,,,,,3,circle,-0.2,0.9,0,circle.png,-0.2.png,,,,,0,1,1,1,0,6,6,21,,,,,,,,,,,,,,,,,,,,,,,,,,,,,,,,,,,,,,,,,,,,,,,333.97218520000024,334.46343610000076,334.46343610000076,0.5134008999993966,-0.23703703703703705,0.003703703703703704,1,0,0,image_left_es,left,0.9,circle,1,-1,1,335.3459616,335.3459616,335.851642900001,335.851642900001,Pratyusha,001,2023-04-14_15h21.07.267,EE_trial,2022.2.5,60.112699288420664,
,,,,,,3,circle,-0.8,0.9,0.1,circle.png,-0.8.png,,,,,0,1,1,1,0,7,7,22,,,,,,,,,,,,,,,,,,,,,,,,,,,,,,,,,,,,,,,,,,,,,,,335.851642900001,336.34678730000087,336.34678730000087,0.5147410000008676,-0.3425925925925926,-0.06851851851851852,1,0,0,image_left_es,left,0.9,circle,1,1,1,337.7795201000008,337.7795201000008,338.2800205000003,338.2800205000003,Pratyusha,001,2023-04-14_15h21.07.267,EE_trial,2022.2.5,60.112699288420664,
,,,,,,3,triangle,0,0.4,0.5,triangle.png,0.png,,,,,0,1,1,1,0,8,8,3,,,,,,,,,,,,,,,,,,,,,,,,,,,,,,,,,,,,,,,,,,,,,,,338.2800205000003,338.78009870000096,338.78009870000096,0.5139258000017435,0.4361111111111111,-0.14537037037037037,1,0,0,image_right_es,right,0.5,0,-1,1,1,343.42935880000005,343.42935880000005,343.9340350000002,343.9340350000002,Pratyusha,001,2023-04-14_15h21.07.267,EE_trial,2022.2.5,60.112699288420664,
,,,,,,3,circle,0,0.9,0.5,circle.png,0.png,,,,,0,1,1,1,0,9,9,24,,,,,,,,,,,,,,,,,,,,,,,,,,,,,,,,,,,,,,,,,,,,,,,343.9340350000002,344.4298385000002,344.4298385000002,0.5142852999997558,-0.262037037037037,0.000925925925925926,1,0,0,image_left_es,left,0.9,circle,1,1,1,345.59601269999985,345.59601269999985,346.1022133000006,346.1022133000006,Pratyusha,001,2023-04-14_15h21.07.267,EE_trial,2022.2.5,60.112699288420664,
,,,,,,3,triangle,-0.8,0.4,0.1,triangle.png,-0.8.png,,,,,0,1,1,1,0,10,10,1,,,,,,,,,,,,,,,,,,,,,,,,,,,,,,,,,,,,,,,,,,,,,,,346.1022133000006,346.5964873000012,346.5964873000012,0.5140480999998545,-0.262037037037037,0.000925925925925926,1,0,0,image_left_es,left,0.4,triangle,-1,-1,-1,348.4293538000002,348.4293538000002,348.9419023999999,348.9419023999999,Pratyusha,001,2023-04-14_15h21.07.267,EE_trial,2022.2.5,60.112699288420664,
,,,,,,3,triangle,-0.2,0.4,0,triangle.png,-0.2.png,,,,,0,1,1,1,0,11,11,0,,,,,,,,,,,,,,,,,,,,,,,,,,,,,,,,,,,,,,,,,,,,,,,348.9419023999999,349.4297634000013,349.4297634000013,0.5154490999993868,-0.262037037037037,0.000925925925925926,1,0,0,image_left_es,left,0.4,triangle,-1,-1,-1,349.8794635000013,349.8794635000013,350.3888035,350.3888035,Pratyusha,001,2023-04-14_15h21.07.267,EE_trial,2022.2.5,60.112699288420664,
,,,,,,3,circle,0.4,0.9,0.7,circle.png,0.4.png,,,,,0,1,1,1,0,12,12,25,,,,,,,,,,,,,,,,,,,,,,,,,,,,,,,,,,,,,,,,,,,,,,,350.3888035,350.87989050000033,350.87989050000033,0.514277199999924,-0.262037037037037,0.000925925925925926,1,0,0,image_left_es,left,0.9,circle,1,-1,1,351.6461025999997,351.6461025999997,352.1578148000008,352.1578148000008,Pratyusha,001,2023-04-14_15h21.07.267,EE_trial,2022.2.5,60.112699288420664,
,,,,,,3,cross,-0.2,0.1,0,cross.png,-0.2.png,,,,,0,1,1,1,0,13,13,14,,,,,,,,,,,,,,,,,,,,,,,,,,,,,,,,,,,,,,,,,,,,,,,352.1578148000008,352.6466543000006,352.6466543000006,0.514042500000869,0.08703703703703704,0.041666666666666664,1,0,0,image_right_es,right,0,-0.2,-1,-1,-1,357.3960614000007,357.3960614000007,357.90658220000114,357.90658220000114,Pratyusha,001,2023-04-14_15h21.07.267,EE_trial,2022.2.5,60.112699288420664,
,,,,,,3,triangle,0.4,0.4,0.7,triangle.png,0.4.png,,,,,0,1,1,1,0,14,14,4,,,,,,,,,,,,,,,,,,,,,,,,,,,,,,,,,,,,,,,,,,,,,,,357.90658220000114,358.39671389999967,358.39671389999967,0.513500799999747,-0.3648148148148148,0.014814814814814815,1,0,0,image_left_es,left,0.4,triangle,1,1,1,359.0462664000006,359.0462664000006,359.5568996000002,359.5568996000002,Pratyusha,001,2023-04-14_15h21.07.267,EE_trial,2022.2.5,60.112699288420664,
,,,,,,3,cross,-0.8,0.1,0.1,cross.png,-0.8.png,,,,,0,1,1,1,0,15,15,15,,,,,,,,,,,,,,,,,,,,,,,,,,,,,,,,,,,,,,,,,,,,,,,359.5568996000002,360.0470372,360.0470372,0.5149419999997917,-0.3648148148148148,0.014814814814814815,1,0,0,image_left_es,left,0.1,cross,-1,-1,-1,360.4463936000011,360.4463936000011,360.9483646000008,360.9483646000008,Pratyusha,001,2023-04-14_15h21.07.267,EE_trial,2022.2.5,60.112699288420664,
,,,,,,3,square,-0.4,0.6,0.3,square.png,-0.4.png,,,,,0,1,1,1,0,16,16,9,,,,,,,,,,,,,,,,,,,,,,,,,,,,,,,,,,,,,,,,,,,,,,,360.9483646000008,361.44652620000124,361.44652620000124,0.5136564000004,-0.3648148148148148,0.014814814814814815,1,0,0,image_left_es,left,0.6,square,-1,-1,-1,362.0131614000002,362.0131614000002,362.5150305999996,362.5150305999996,Pratyusha,001,2023-04-14_15h21.07.267,EE_trial,2022.2.5,60.112699288420664,
,,,,,,3,square,0.2,0.6,0.2,square.png,0.2.png,,,,,0,1,1,1,0,17,17,13,,,,,,,,,,,,,,,,,,,,,,,,,,,,,,,,,,,,,,,,,,,,,,,362.5150305999996,363.0139298000013,363.0139298000013,0.5119163999988814,0.15092592592592594,0.14629629629629629,1,0,0,image_right_es,right,0.2,0.2,-1,-1,-1,366.6795129000002,366.6795129000002,367.182527500001,367.182527500001,Pratyusha,001,2023-04-14_15h21.07.267,EE_trial,2022.2.5,60.112699288420664,
,,,,,,3,cross,-0.4,0.1,0.3,cross.png,-0.4.png,,,,,0,1,1,1,0,18,18,16,,,,,,,,,,,,,,,,,,,,,,,,,,,,,,,,,,,,,,,,,,,,,,,367.182527500001,367.68037900000127,367.68037900000127,0.5148260999994818,-0.2935185185185185,0.0,1,0,0,image_left_es,left,0.1,cross,-1,-1,-1,368.36295390000123,368.36295390000123,368.86428160000105,368.86428160000105,Pratyusha,001,2023-04-14_15h21.07.267,EE_trial,2022.2.5,60.112699288420664,
,,,,,,3,circle,0.8,0.9,0.9,circle.png,0.8.png,,,,,0,1,1,1,0,19,19,26,,,,,,,,,,,,,,,,,,,,,,,,,,,,,,,,,,,,,,,,,,,,,,,368.86428160000105,369.36293250000017,369.36293250000017,0.5148972999995749,-0.2935185185185185,0.0,1,0,0,image_left_es,left,0.9,circle,1,1,1,370.27959960000044,370.27959960000044,370.781522700001,370.781522700001,Pratyusha,001,2023-04-14_15h21.07.267,EE_trial,2022.2.5,60.112699288420664,
,,,,,,3,circle,0.2,0.9,0.2,circle.png,0.2.png,,,,,0,1,1,1,0,20,20,27,,,,,,,,,,,,,,,,,,,,,,,,,,,,,,,,,,,,,,,,,,,,,,,370.781522700001,371.2802604999997,371.2802604999997,0.5145887000016955,0.47129629629629627,-0.1527777777777778,1,0,0,image_right_es,right,0.2,0.2,1,-1,-1,375.7802353999996,375.7802353999996,376.2900841999999,376.2900841999999,Pratyusha,001,2023-04-14_15h21.07.267,EE_trial,2022.2.5,60.112699288420664,
,,,,,,3,circle,-0.4,0.9,0.3,circle.png,-0.4.png,,,,,0,1,1,1,0,21,21,23,,,,,,,,,,,,,,,,,,,,,,,,,,,,,,,,,,,,,,,,,,,,,,,376.2900841999999,376.7800433000011,376.7800433000011,0.5134288999997807,-0.3074074074074074,0.010185185185185186,1,0,0,image_left_es,left,0.9,circle,1,-1,1,378.7795881000002,378.7795881000002,379.28245330000027,379.28245330000027,Pratyusha,001,2023-04-14_15h21.07.267,EE_trial,2022.2.5,60.112699288420664,
,,,,,,3,triangle,0.2,0.4,0.2,triangle.png,0.2.png,,,,,0,1,1,1,0,22,22,6,,,,,,,,,,,,,,,,,,,,,,,,,,,,,,,,,,,,,,,,,,,,,,,379.28245330000027,379.7799562,379.7799562,0.5122689999989234,-0.3074074074074074,0.010185185185185186,1,0,0,image_left_es,left,0.4,triangle,1,1,1,381.01306289999957,381.01306289999957,381.5152967000013,381.5152967000013,Pratyusha,001,2023-04-14_15h21.07.267,EE_trial,2022.2.5,60.112699288420664,
,,,,,,3,square,-0.2,0.6,0,square.png,-0.2.png,,,,,0,1,1,1,0,23,23,7,,,,,,,,,,,,,,,,,,,,,,,,,,,,,,,,,,,,,,,,,,,,,,,381.5152967000013,382.0133979000002,382.0133979000002,0.5134992999992392,-0.3074074074074074,0.010185185185185186,1,0,0,image_left_es,left,0.6,square,-1,-1,-1,382.6462561999997,382.6462561999997,383.15224839999973,383.15224839999973,Pratyusha,001,2023-04-14_15h21.07.267,EE_trial,2022.2.5,60.112699288420664,
,,,,,,3,cross,0.4,0.1,0.7,cross.png,0.4.png,,,,,0,1,1,1,0,24,24,18,,,,,,,,,,,,,,,,,,,,,,,,,,,,,,,,,,,,,,,,,,,,,,,383.15224839999973,383.6467377000008,383.6467377000008,0.5145930999988195,-0.36666666666666664,0.01574074074074074,1,0,0,image_left_es,left,0.1,cross,-1,-1,-1,394.5460460000013,394.5460460000013,395.05856049999966,395.05856049999966,Pratyusha,001,2023-04-14_15h21.07.267,EE_trial,2022.2.5,60.112699288420664,
,,,,,,3,triangle,-0.4,0.4,0.3,triangle.png,-0.4.png,,,,,0,1,1,1,0,25,25,2,,,,,,,,,,,,,,,,,,,,,,,,,,,,,,,,,,,,,,,,,,,,,,,395.05856049999966,395.5470772000008,395.5470772000008,0.514816000000792,0.2518518518518518,0.1425925925925926,1,0,0,image_right_es,right,0.3,-0.4,1,1,1,400.46316620000107,400.46316620000107,400.9825249000005,400.9825249000005,Pratyusha,001,2023-04-14_15h21.07.267,EE_trial,2022.2.5,60.112699288420664,
,,,,,,3,square,0.8,0.6,0.9,square.png,0.8.png,,,,,0,1,1,1,0,26,26,12,,,,,,,,,,,,,,,,,,,,,,,,,,,,,,,,,,,,,,,,,,,,,,,400.9825249000005,401.4634259000013,401.4634259000013,0.5144758999995247,-0.2962962962962963,-0.003703703703703704,1,0,0,image_left_es,left,0.6,square,1,1,1,402.3133990000006,402.3133990000006,402.8132955000001,402.8132955000001,Pratyusha,001,2023-04-14_15h21.07.267,EE_trial,2022.2.5,60.112699288420664,
,,,,,,3,cross,0,0.1,0.5,cross.png,0.png,,,,,0,1,1,1,0,27,27,17,,,,,,,,,,,,,,,,,,,,,,,,,,,,,,,,,,,,,,,,,,,,,,,402.8132955000001,403.3136740000009,403.3136740000009,0.512584699999934,-0.2611111111111111,0.002777777777777778,1,0,0,image_left_es,left,0.1,cross,-1,1,-1,404.99623109999993,404.99623109999993,405.5161440000011,405.5161440000011,Pratyusha,001,2023-04-14_15h21.07.267,EE_trial,2022.2.5,60.112699288420664,
,,,,,,3,,,,,,,,,,,0,1,1,1,,,,,,,,,,,,,,,,,,,,,,,,,,,,,,,,,,,,,,,,,,,,,,,,,,,,,,,,,,,,,,,,,,,,,,,Pratyusha,001,2023-04-14_15h21.07.267,EE_trial,2022.2.5,60.112699288420664,
,,,,,,5,cross,-0.8,0.1,0.1,cross.png,-0.8.png,,,,,0,2,2,2,0,0,0,15,,,,,,,,,,,,,,,,,,,,,,,,,,,,,,,,,,,,,,,,,,,,,,,405.5161440000011,405.99726569999984,405.99726569999984,0.5149990999998408,-0.2611111111111111,0.002777777777777778,1,0,0,image_left_es,left,0.1,cross,-1,-1,-1,406.61313429999973,406.61313429999973,407.12215560000004,407.12215560000004,Pratyusha,001,2023-04-14_15h21.07.267,EE_trial,2022.2.5,60.112699288420664,
,,,,,,5,cross,0.8,0.1,0.9,cross.png,0.8.png,,,,,0,2,2,2,0,1,1,19,,,,,,,,,,,,,,,,,,,,,,,,,,,,,,,,,,,,,,,,,,,,,,,407.12215560000004,407.6139404000005,407.6139404000005,0.5139450999995461,-0.2611111111111111,0.002777777777777778,1,0,0,image_left_es,left,0.1,cross,-1,1,-1,409.17961300000024,409.17961300000024,409.6813987000005,409.6813987000005,Pratyusha,001,2023-04-14_15h21.07.267,EE_trial,2022.2.5,60.112699288420664,
,,,,,,5,circle,0.8,0.9,0.9,circle.png,0.8.png,,,,,0,2,2,2,0,2,2,26,,,,,,,,,,,,,,,,,,,,,,,,,,,,,,,,,,,,,,,,,,,,,,,409.6813987000005,410.1801701000004,410.1801701000004,0.5146382000002632,-0.2611111111111111,0.002777777777777778,1,0,0,image_left_es,left,0.9,circle,-1,-1,-1,411.0305447999999,411.0305447999999,411.539764000001,411.539764000001,Pratyusha,001,2023-04-14_15h21.07.267,EE_trial,2022.2.5,60.112699288420664,
,,,,,,5,triangle,0.8,0.4,0.9,triangle.png,0.8.png,,,,,0,2,2,2,0,3,3,5,,,,,,,,,,,,,,,,,,,,,,,,,,,,,,,,,,,,,,,,,,,,,,,411.539764000001,412.03059270000085,412.03059270000085,0.5137439999998605,-0.2611111111111111,0.002777777777777778,1,0,0,image_left_es,left,0.4,triangle,-1,1,-1,413.31309820000024,413.31309820000024,413.8253181,413.8253181,Pratyusha,001,2023-04-14_15h21.07.267,EE_trial,2022.2.5,60.112699288420664,
,,,,,,5,circle,-0.2,0.9,0,circle.png,-0.2.png,,,,,0,2,2,2,0,4,4,21,,,,,,,,,,,,,,,,,,,,,,,,,,,,,,,,,,,,,,,,,,,,,,,413.8253181,414.31383800000003,414.31383800000003,0.5143102999991243,-0.2611111111111111,0.002777777777777778,1,0,0,image_left_es,left,0.9,circle,1,-1,1,415.92986089999977,415.92986089999977,416.4353241000008,416.4353241000008,Pratyusha,001,2023-04-14_15h21.07.267,EE_trial,2022.2.5,60.112699288420664,
,,,,,,5,square,0.2,0.6,0.2,square.png,0.2.png,,,,,0,2,2,2,0,5,5,13,,,,,,,,,,,,,,,,,,,,,,,,,,,,,,,,,,,,,,,,,,,,,,,416.4353241000008,416.93036980000034,416.93036980000034,0.5144359000005352,0.13518518518518519,0.15925925925925927,1,0,0,image_right_es,right,0.2,0.2,-1,-1,-1,423.21310059999996,423.21310059999996,423.7175550000011,423.7175550000011,Pratyusha,001,2023-04-14_15h21.07.267,EE_trial,2022.2.5,60.112699288420664,
,,,,,,5,cross,-0.2,0.1,0,cross.png,-0.2.png,,,,,0,2,2,2,0,6,6,14,,,,,,,,,,,,,,,,,,,,,,,,,,,,,,,,,,,,,,,,,,,,,,,423.7175550000011,424.2138977000013,424.2138977000013,0.5139562999993359,-0.27870370370370373,-0.016666666666666666,1,0,0,image_left_es,left,0.1,cross,-1,-1,-1,426.9300082000009,426.9300082000009,427.4356207000001,427.4356207000001,Pratyusha,001,2023-04-14_15h21.07.267,EE_trial,2022.2.5,60.112699288420664,
,,,,,,5,cross,0.2,0.1,0.2,cross.png,0.2.png,,,,,0,2,2,2,0,7,7,20,,,,,,,,,,,,,,,,,,,,,,,,,,,,,,,,,,,,,,,,,,,,,,,427.4356207000001,427.93032700000003,427.93032700000003,0.5145708000000013,-0.3537037037037037,-0.001851851851851852,1,0,0,image_left_es,left,0.1,cross,-1,-1,-1,431.496903700001,431.496903700001,431.9972213000001,431.9972213000001,Pratyusha,001,2023-04-14_15h21.07.267,EE_trial,2022.2.5,60.112699288420664,
,,,,,,5,circle,0.2,0.9,0.2,circle.png,0.2.png,,,,,0,2,2,2,0,8,8,27,,,,,,,,,,,,,,,,,,,,,,,,,,,,,,,,,,,,,,,,,,,,,,,431.9972213000001,432.49682010000106,432.49682010000106,0.5142316000001301,-0.2657407407407407,-0.017592592592592594,1,0,0,image_left_es,left,0.9,circle,1,-1,1,434.88011240000014,434.88011240000014,435.38425610000013,435.38425610000013,Pratyusha,001,2023-04-14_15h21.07.267,EE_trial,2022.2.5,60.112699288420664,
,,,,,,5,square,-0.8,0.6,0.1,square.png,-0.8.png,,,,,0,2,2,2,0,9,9,8,,,,,,,,,,,,,,,,,,,,,,,,,,,,,,,,,,,,,,,,,,,,,,,435.38425610000013,435.88054960000045,435.88054960000045,0.514690599999085,-0.2898148148148148,-0.007407407407407408,1,0,0,image_left_es,left,0.6,square,-1,-1,-1,439.1968472000008,439.1968472000008,439.7039826,439.7039826,Pratyusha,001,2023-04-14_15h21.07.267,EE_trial,2022.2.5,60.112699288420664,
,,,,,,5,cross,0.4,0.1,0.7,cross.png,0.4.png,,,,,0,2,2,2,0,10,10,18,,,,,,,,,,,,,,,,,,,,,,,,,,,,,,,,,,,,,,,,,,,,,,,439.7039826,440.1973562000003,440.1973562000003,0.5148821000002499,-0.3333333333333333,-0.017592592592592594,1,0,0,image_left_es,left,0.1,cross,-1,1,-1,445.88067279999996,445.88067279999996,446.38277540000126,446.38277540000126,Pratyusha,001,2023-04-14_15h21.07.267,EE_trial,2022.2.5,60.112699288420664,
,,,,,,5,triangle,0,0.4,0.5,triangle.png,0.png,,,,,0,2,2,2,0,11,11,3,,,,,,,,,,,,,,,,,,,,,,,,,,,,,,,,,,,,,,,,,,,,,,,446.38277540000126,446.88028010000016,446.88028010000016,0.5136224000016227,-0.287962962962963,-0.018518518518518517,1,0,0,image_left_es,left,0.4,triangle,-1,-1,-1,448.69671000000017,448.69671000000017,449.2093442000005,449.2093442000005,Pratyusha,001,2023-04-14_15h21.07.267,EE_trial,2022.2.5,60.112699288420664,
,,,,,,5,square,0,0.6,0.5,square.png,0.png,,,,,0,2,2,2,0,12,12,10,,,,,,,,,,,,,,,,,,,,,,,,,,,,,,,,,,,,,,,,,,,,,,,449.2093442000005,449.697256200001,449.697256200001,0.5147233999996388,-0.287962962962963,-0.018518518518518517,1,0,0,image_left_es,left,0.6,square,1,1,1,450.28007419999994,450.28007419999994,450.7836189999998,450.7836189999998,Pratyusha,001,2023-04-14_15h21.07.267,EE_trial,2022.2.5,60.112699288420664,
,,,,,,5,circle,0,0.9,0.5,circle.png,0.png,,,,,0,2,2,2,0,13,13,24,,,,,,,,,,,,,,,,,,,,,,,,,,,,,,,,,,,,,,,,,,,,,,,450.7836189999998,451.2805996999996,451.2805996999996,0.5142283000004682,-0.3055555555555556,-0.003703703703703704,1,0,0,image_left_es,left,0.9,circle,1,1,1,454.7799364000002,454.7799364000002,455.2797128000002,455.2797128000002,Pratyusha,001,2023-04-14_15h21.07.267,EE_trial,2022.2.5,60.112699288420664,
,,,,,,5,square,-0.4,0.6,0.3,square.png,-0.4.png,,,,,0,2,2,2,0,14,14,9,,,,,,,,,,,,,,,,,,,,,,,,,,,,,,,,,,,,,,,,,,,,,,,455.2797128000002,455.7802920000013,455.7802920000013,0.5141126999988046,-0.275,0.026851851851851852,1,0,0,image_left_es,left,0.6,square,1,-1,1,459.06344720000016,459.06344720000016,459.5707043000002,459.5707043000002,Pratyusha,001,2023-04-14_15h21.07.267,EE_trial,2022.2.5,60.112699288420664,
,,,,,,5,triangle,0.4,0.4,0.7,triangle.png,0.4.png,,,,,0,2,2,2,0,15,15,4,,,,,,,,,,,,,,,,,,,,,,,,,,,,,,,,,,,,,,,,,,,,,,,459.5707043000002,460.0639635999996,460.0639635999996,0.5139557000002242,-0.3055555555555556,-0.001851851851851852,1,0,0,image_left_es,left,0.4,triangle,1,1,1,463.11353710000003,463.11353710000003,463.61822779999966,463.61822779999966,Pratyusha,001,2023-04-14_15h21.07.267,EE_trial,2022.2.5,60.112699288420664,
,,,,,,5,triangle,0.2,0.4,0.2,triangle.png,0.2.png,,,,,0,2,2,2,0,16,16,6,,,,,,,,,,,,,,,,,,,,,,,,,,,,,,,,,,,,,,,,,,,,,,,463.61822779999966,464.11384910000015,464.11384910000015,0.5118946000002325,-0.33796296296296297,-0.009259259259259259,1,0,0,image_left_es,left,0.4,triangle,1,1,1,468.58038920000035,468.58038920000035,469.0825619999996,469.0825619999996,Pratyusha,001,2023-04-14_15h21.07.267,EE_trial,2022.2.5,60.112699288420664,
,,,,,,5,circle,0.4,0.9,0.7,circle.png,0.4.png,,,,,0,2,2,2,0,17,17,25,,,,,,,,,,,,,,,,,,,,,,,,,,,,,,,,,,,,,,,,,,,,,,,469.0825619999996,469.5808287,469.5808287,0.5148048999999446,-0.27314814814814814,-0.025925925925925925,1,0,0,image_left_es,left,0.9,circle,1,1,1,473.54714440000134,473.54714440000134,474.0497118000003,474.0497118000003,Pratyusha,001,2023-04-14_15h21.07.267,EE_trial,2022.2.5,60.112699288420664,
,,,,,,5,square,0.4,0.6,0.7,square.png,0.4.png,,,,,0,2,2,2,0,18,18,11,,,,,,,,,,,,,,,,,,,,,,,,,,,,,,,,,,,,,,,,,,,,,,,474.0497118000003,474.54727380000077,474.54727380000077,0.5114129999983561,-0.3925925925925926,-0.04814814814814815,1,0,0,image_left_es,left,0.6,square,1,1,1,477.99691359999997,477.99691359999997,478.50071860000025,478.50071860000025,Pratyusha,001,2023-04-14_15h21.07.267,EE_trial,2022.2.5,60.112699288420664,
,,,,,,5,circle,-0.8,0.9,0.1,circle.png,-0.8.png,,,,,0,2,2,2,0,19,19,22,,,,,,,,,,,,,,,,,,,,,,,,,,,,,,,,,,,,,,,,,,,,,,,478.50071860000025,478.99741859999995,478.99741859999995,0.5136011000013241,-0.33240740740740743,-0.022222222222222223,1,0,0,image_left_es,left,0.9,circle,1,-1,1,479.84683770000083,479.84683770000083,480.3530745999997,480.3530745999997,Pratyusha,001,2023-04-14_15h21.07.267,EE_trial,2022.2.5,60.112699288420664,
,,,,,,5,triangle,-0.2,0.4,0,triangle.png,-0.2.png,,,,,0,2,2,2,0,20,20,0,,,,,,,,,,,,,,,,,,,,,,,,,,,,,,,,,,,,,,,,,,,,,,,480.3530745999997,480.84696559999975,480.84696559999975,0.5132579000000987,-0.287962962962963,-0.022222222222222223,1,0,0,image_left_es,left,0.4,triangle,1,-1,1,484.0805128000011,484.0805128000011,484.58327760000066,484.58327760000066,Pratyusha,001,2023-04-14_15h21.07.267,EE_trial,2022.2.5,60.112699288420664,
,,,,,,5,cross,0,0.1,0.5,cross.png,0.png,,,,,0,2,2,2,0,21,21,17,,,,,,,,,,,,,,,,,,,,,,,,,,,,,,,,,,,,,,,,,,,,,,,484.58327760000066,485.08031760000085,485.08031760000085,0.512890600000901,-0.29907407407407405,0.032407407407407406,1,0,0,image_left_es,left,0.1,cross,-1,-1,-1,488.6135615000003,488.6135615000003,489.1201316000006,489.1201316000006,Pratyusha,001,2023-04-14_15h21.07.267,EE_trial,2022.2.5,60.112699288420664,
,,,,,,5,circle,-0.4,0.9,0.3,circle.png,-0.4.png,,,,,0,2,2,2,0,22,22,23,,,,,,,,,,,,,,,,,,,,,,,,,,,,,,,,,,,,,,,,,,,,,,,489.1201316000006,489.61413950000133,489.61413950000133,0.5144007999988389,-0.29907407407407405,0.032407407407407406,1,0,0,image_left_es,left,0.9,circle,1,1,1,490.2636180999998,490.2636180999998,490.76875180000025,490.76875180000025,Pratyusha,001,2023-04-14_15h21.07.267,EE_trial,2022.2.5,60.112699288420664,
,,,,,,5,triangle,-0.8,0.4,0.1,triangle.png,-0.8.png,,,,,0,2,2,2,0,23,23,1,,,,,,,,,,,,,,,,,,,,,,,,,,,,,,,,,,,,,,,,,,,,,,,490.76875180000025,491.2637181000009,491.2637181000009,0.5139674999991257,-0.29907407407407405,0.032407407407407406,1,0,0,image_left_es,left,0.4,triangle,-1,-1,-1,492.1135572000003,492.1135572000003,492.62371689999964,492.62371689999964,Pratyusha,001,2023-04-14_15h21.07.267,EE_trial,2022.2.5,60.112699288420664,
,,,,,,5,cross,-0.4,0.1,0.3,cross.png,-0.4.png,,,,,0,2,2,2,0,24,24,16,,,,,,,,,,,,,,,,,,,,,,,,,,,,,,,,,,,,,,,,,,,,,,,492.62371689999964,493.11432700000114,493.11432700000114,0.5156884999996691,-0.275,-0.009259259259259259,1,0,0,image_left_es,left,0.1,cross,-1,-1,-1,500.2802210000009,500.2802210000009,500.78046859999995,500.78046859999995,Pratyusha,001,2023-04-14_15h21.07.267,EE_trial,2022.2.5,60.112699288420664,
,,,,,,5,square,0.8,0.6,0.9,square.png,0.8.png,,,,,0,2,2,2,0,25,25,12,,,,,,,,,,,,,,,,,,,,,,,,,,,,,,,,,,,,,,,,,,,,,,,500.78046859999995,501.28080410000075,501.28080410000075,0.5139053000002605,-0.26944444444444443,-0.023148148148148147,1,0,0,image_left_es,left,0.6,square,-1,-1,-1,505.89711680000073,505.89711680000073,506.40584789999957,506.40584789999957,Pratyusha,001,2023-04-14_15h21.07.267,EE_trial,2022.2.5,60.112699288420664,
,,,,,,5,square,-0.2,0.6,0,square.png,-0.2.png,,,,,0,2,2,2,0,26,26,7,,,,,,,,,,,,,,,,,,,,,,,,,,,,,,,,,,,,,,,,,,,,,,,506.40584789999957,506.89719370000057,506.89719370000057,0.5151552000006632,-0.26944444444444443,-0.023148148148148147,1,0,0,image_left_es,left,0.6,square,-1,-1,-1,507.83022880000135,507.83022880000135,508.33049030000075,508.33049030000075,Pratyusha,001,2023-04-14_15h21.07.267,EE_trial,2022.2.5,60.112699288420664,
,,,,,,5,triangle,-0.4,0.4,0.3,triangle.png,-0.4.png,,,,,0,2,2,2,0,27,27,2,,,,,,,,,,,,,,,,,,,,,,,,,,,,,,,,,,,,,,,,,,,,,,,508.33049030000075,508.8310319000011,508.8310319000011,0.5142235999992408,-0.33240740740740743,-0.016666666666666666,1,0,0,image_left_es,left,0.4,triangle,-1,-1,-1,512.1305632000003,512.1305632000003,512.6269892,512.6269892,Pratyusha,001,2023-04-14_15h21.07.267,EE_trial,2022.2.5,60.112699288420664,
,,,,,,5,,,,,,,,,,,0,2,2,2,,,,,,,,,,,,,,,,,,,,,,,,,,,,,,,,,,,,,,,,,,,,,,,,,,,,,,,,,,,,,,,,,,,,,,,Pratyusha,001,2023-04-14_15h21.07.267,EE_trial,2022.2.5,60.112699288420664,
