﻿shape_left,shape_right,probability_left,probability_right,address_left,address_right,difficulty,shape_left_es,shape_right_es,probability_left_es,probability_right_es,address_left_es,address_right_es,trials.thisRepN,trials.thisTrialN,trials.thisN,trials.thisIndex,trials_2.thisRepN,trials_2.thisTrialN,trials_2.thisN,trials_2.thisIndex,trials_es.thisRepN,trials_es.thisTrialN,trials_es.thisN,trials_es.thisIndex,image_back.started,image_welcome.started,Text_2.started,key_resp.started,key_resp.keys,key_resp.rt,image_back2.started,image_instruct1.started,text_3.started,key_resp_2.started,key_resp_2.keys,key_resp_2.rt,image_back3.started,image_instruct2.started,text_4.started,key_resp_3.started,key_resp_3.keys,key_resp_3.rt,image_background.started,image_left.started,image_right.started,mouse.started,mouse.x,mouse.y,mouse.leftButton,mouse.midButton,mouse.rightButton,mouse.clicked_name,chosen_side,chosen_probability,chosen_shape,outcome_left,outcome_right,chosen_outcome,image_background2.started,text.started,image_retained.started,image_background2.stopped,text.stopped,image_retained.stopped,image_back4.started,key_resp_4.started,image_instruct3.started,text_5.started,key_resp_4.keys,key_resp_4.rt,image_background3.started,image_left_es.started,image_right_es.started,mouse_es.started,mouse_es.x,mouse_es.y,mouse_es.leftButton,mouse_es.midButton,mouse_es.rightButton,mouse_es.clicked_name,chosen_side_es,chosen_probability_es,chosen_shape_es,outcome_left_es,outcome_right_es,chosen_outcome_es,image_background4.started,text_2.started,image_background4.stopped,text_2.stopped,participant,session,date,expName,psychopyVersion,frameRate,
,,,,,,,,,,,,,,,,,,,,,,,,,27.51790549999896,27.51790549999896,27.51790549999896,27.51790549999896,space,31.459709199998542,,,,,,,,,,,,,,,,,,,,,,,,,,,,,,,,,,,,,,,,,,,,,,,,,,,,,,,,,,,,,Rashmi,001,2023-04-14_15h06.42.265,EE_trial,2022.2.5,60.038316453514405,
,,,,,,,,,,,,,,,,,,,,,,,,,,,,,,,58.99835399999938,58.99835399999938,58.99835399999938,58.99835399999938,space,51.51564060000055,,,,,,,,,,,,,,,,,,,,,,,,,,,,,,,,,,,,,,,,,,,,,,,,,,,,,,,Rashmi,001,2023-04-14_15h06.42.265,EE_trial,2022.2.5,60.038316453514405,
,,,,,,,,,,,,,,,,,,,,,,,,,,,,,,,,,,,,,110.54749829999855,110.54749829999855,110.54749829999855,110.54749829999855,space,44.95125039999948,,,,,,,,,,,,,,,,,,,,,,,,,,,,,,,,,,,,,,,,,,,,,,,,,Rashmi,001,2023-04-14_15h06.42.265,EE_trial,2022.2.5,60.038316453514405,
triangle,square,0.4,0.6,triangle.png,square.png,,,,,,,,0,0,0,0,,,,,,,,,,,,,,,,,,,,,,,,,,,155.57365690000006,156.01362410000002,156.01362410000002,0.5127466000012646,-0.2759259259259259,-0.012962962962962963,1,0,0,image_left,left,0.4,triangle,-1,-1,-1,161.86455249999926,161.86455249999926,161.86455249999926,,,,,,,,,,,,,,,,,,,,,,,,,,,,,,Rashmi,001,2023-04-14_15h06.42.265,EE_trial,2022.2.5,60.038316453514405,
square,triangle,0.6,0.4,square.png,triangle.png,,,,,,,,0,1,1,1,,,,,,,,,,,,,,,,,,,,,,,,,,,162.86448539999947,163.34732629999962,163.34732629999962,0.5112169999993057,-0.26851851851851855,-0.03148148148148148,1,0,0,image_left,left,0.6,square,1,1,1,164.60754339999949,164.60754339999949,164.60754339999949,,,,,,,,,,,,,,,,,,,,,,,,,,,,,,Rashmi,001,2023-04-14_15h06.42.265,EE_trial,2022.2.5,60.038316453514405,
square,triangle,0.6,0.4,square.png,triangle.png,,,,,,,,0,2,2,1,,,,,,,,,,,,,,,,,,,,,,,,,,,165.62180350000017,166.09736030000022,166.09736030000022,0.5131528999991133,-0.275,-0.05277777777777778,1,0,0,image_left,left,0.6,square,1,-1,1,166.96401389999846,166.96401389999846,166.96401389999846,167.96537739999985,167.96537739999985,167.96537739999985,,,,,,,,,,,,,,,,,,,,,,,,,,,Rashmi,001,2023-04-14_15h06.42.265,EE_trial,2022.2.5,60.038316453514405,
triangle,square,0.4,0.6,triangle.png,square.png,,,,,,,,0,3,3,0,,,,,,,,,,,,,,,,,,,,,,,,,,,167.96537739999985,168.46393369999896,168.46393369999896,0.5151275000007445,0.2972222222222222,-0.002777777777777778,1,0,0,image_right,right,0.6,square,1,1,1,169.9145985999985,169.9145985999985,169.9145985999985,170.91482519999954,170.91482519999954,170.91482519999954,,,,,,,,,,,,,,,,,,,,,,,,,,,Rashmi,001,2023-04-14_15h06.42.265,EE_trial,2022.2.5,60.038316453514405,
square,triangle,0.6,0.4,square.png,triangle.png,,,,,,,,1,0,4,1,,,,,,,,,,,,,,,,,,,,,,,,,,,170.91482519999954,171.41429479999897,171.41429479999897,0.5150235000000976,-0.26666666666666666,-0.016666666666666666,1,0,0,image_left,left,0.6,square,1,1,1,172.15516579999894,172.15516579999894,172.15516579999894,,,,,,,,,,,,,,,,,,,,,,,,,,,,,,Rashmi,001,2023-04-14_15h06.42.265,EE_trial,2022.2.5,60.038316453514405,
triangle,square,0.4,0.6,triangle.png,square.png,,,,,,,,1,1,5,0,,,,,,,,,,,,,,,,,,,,,,,,,,,173.1643570999986,173.64755089999926,173.64755089999926,0.5140678999996453,-0.23703703703703705,-0.044444444444444446,1,0,0,image_left,left,0.4,triangle,-1,-1,-1,174.78254620000007,174.78254620000007,174.78254620000007,,,,,,,,,,,,,,,,,,,,,,,,,,,,,,Rashmi,001,2023-04-14_15h06.42.265,EE_trial,2022.2.5,60.038316453514405,
square,triangle,0.6,0.4,square.png,triangle.png,,,,,,,,1,2,6,1,,,,,,,,,,,,,,,,,,,,,,,,,,,175.79703399999926,176.28047289999995,176.28047289999995,0.5141176999986783,-0.25555555555555554,-0.032407407407407406,1,0,0,image_left,left,0.6,square,1,1,1,177.06561639999927,177.06561639999927,177.06561639999927,,,,,,,,,,,,,,,,,,,,,,,,,,,,,,Rashmi,001,2023-04-14_15h06.42.265,EE_trial,2022.2.5,60.038316453514405,
circle,cross,0.9,0.1,circle.png,cross.png,,,,,,,,1,3,7,3,,,,,,,,,,,,,,,,,,,,,,,,,,,178.10991269999977,178.56385249999948,178.56385249999948,0.5145088999997824,0.27314814814814814,-0.001851851851851852,1,0,0,image_right,right,0.1,cross,1,-1,-1,181.13369219999913,181.13369219999913,181.13369219999913,,,,,,,,,,,,,,,,,,,,,,,,,,,,,,Rashmi,001,2023-04-14_15h06.42.265,EE_trial,2022.2.5,60.038316453514405,
triangle,square,0.4,0.6,triangle.png,square.png,,,,,,,,2,0,8,0,,,,,,,,,,,,,,,,,,,,,,,,,,,182.15217680000023,182.63073079999958,182.63073079999958,0.5142841999986558,0.27037037037037037,0.016666666666666666,1,0,0,image_right,right,0.6,square,-1,-1,-1,183.63601779999954,183.63601779999954,183.63601779999954,,,,,,,,,,,,,,,,,,,,,,,,,,,,,,Rashmi,001,2023-04-14_15h06.42.265,EE_trial,2022.2.5,60.038316453514405,
square,triangle,0.6,0.4,square.png,triangle.png,,,,,,,,2,1,9,1,,,,,,,,,,,,,,,,,,,,,,,,,,,184.6513937999989,185.1307184999987,185.1307184999987,0.5135442999999213,0.2833333333333333,-0.016666666666666666,1,0,0,image_right,right,0.4,triangle,-1,-1,-1,188.87537499999962,188.87537499999962,188.87537499999962,,,,,,,,,,,,,,,,,,,,,,,,,,,,,,Rashmi,001,2023-04-14_15h06.42.265,EE_trial,2022.2.5,60.038316453514405,
cross,circle,0.1,0.9,cross.png,circle.png,,,,,,,,2,2,10,2,,,,,,,,,,,,,,,,,,,,,,,,,,,189.88334899999973,190.36422739999944,190.36422739999944,0.511663100000078,0.325,0.01574074074074074,1,0,0,image_right,right,0.9,circle,-1,1,1,194.07499739999912,194.07499739999912,194.07499739999912,,,,,,,,,,,,,,,,,,,,,,,,,,,,,,Rashmi,001,2023-04-14_15h06.42.265,EE_trial,2022.2.5,60.038316453514405,
square,triangle,0.6,0.4,square.png,triangle.png,,,,,,,,2,3,11,1,,,,,,,,,,,,,,,,,,,,,,,,,,,195.0850266999987,195.5639904999989,195.5639904999989,0.5133086999994703,-0.2388888888888889,-0.05277777777777778,1,0,0,image_left,left,0.6,square,1,1,1,196.52127949999885,196.52127949999885,196.52127949999885,,,,,,,,,,,,,,,,,,,,,,,,,,,,,,Rashmi,001,2023-04-14_15h06.42.265,EE_trial,2022.2.5,60.038316453514405,
cross,circle,0.1,0.9,cross.png,circle.png,,,,,,,,3,0,12,2,,,,,,,,,,,,,,,,,,,,,,,,,,,197.53547339999932,198.0137634999992,198.0137634999992,0.5121749999998428,0.31296296296296294,-0.040740740740740744,1,0,0,image_right,right,0.9,circle,1,1,1,199.04812889999994,199.04812889999994,199.04812889999994,200.05955429999995,200.05955429999995,200.05955429999995,,,,,,,,,,,,,,,,,,,,,,,,,,,Rashmi,001,2023-04-14_15h06.42.265,EE_trial,2022.2.5,60.038316453514405,
circle,cross,0.9,0.1,circle.png,cross.png,,,,,,,,3,1,13,3,,,,,,,,,,,,,,,,,,,,,,,,,,,200.05955429999995,200.5472579999987,200.5472579999987,0.5140493000017159,-0.2962962962962963,0.010185185185185186,1,0,0,image_left,left,0.9,circle,-1,-1,-1,201.4009060999997,201.4009060999997,201.4009060999997,,,,,,,,,,,,,,,,,,,,,,,,,,,,,,Rashmi,001,2023-04-14_15h06.42.265,EE_trial,2022.2.5,60.038316453514405,
cross,circle,0.1,0.9,cross.png,circle.png,,,,,,,,3,2,14,2,,,,,,,,,,,,,,,,,,,,,,,,,,,202.41647399999965,202.8973752999991,202.8973752999991,0.5137709000009636,-0.25277777777777777,-0.016666666666666666,1,0,0,image_left,left,0.1,cross,-1,1,-1,204.39066509999975,204.39066509999975,204.39066509999975,,,,,,,,,,,,,,,,,,,,,,,,,,,,,,Rashmi,001,2023-04-14_15h06.42.265,EE_trial,2022.2.5,60.038316453514405,
cross,circle,0.1,0.9,cross.png,circle.png,,,,,,,,3,3,15,2,,,,,,,,,,,,,,,,,,,,,,,,,,,205.4107656999986,205.88081640000019,205.88081640000019,0.5127783000007184,0.26296296296296295,-0.019444444444444445,1,0,0,image_right,right,0.9,circle,-1,1,1,207.14735629999996,207.14735629999996,207.14735629999996,208.14794799999981,208.14794799999981,208.14794799999981,,,,,,,,,,,,,,,,,,,,,,,,,,,Rashmi,001,2023-04-14_15h06.42.265,EE_trial,2022.2.5,60.038316453514405,
cross,circle,0.1,0.9,cross.png,circle.png,,,,,,,,4,0,16,2,,,,,,,,,,,,,,,,,,,,,,,,,,,208.14794799999981,208.6475544999994,208.6475544999994,0.515303700000004,0.34074074074074073,-0.010185185185185186,1,0,0,image_right,right,0.9,circle,1,1,1,209.51874549999957,209.51874549999957,209.51874549999957,,,,,,,,,,,,,,,,,,,,,,,,,,,,,,Rashmi,001,2023-04-14_15h06.42.265,EE_trial,2022.2.5,60.038316453514405,
cross,circle,0.1,0.9,cross.png,circle.png,,,,,,,,4,1,17,2,,,,,,,,,,,,,,,,,,,,,,,,,,,210.5136394000001,210.99719839999852,210.99719839999852,0.5134516999987682,0.2611111111111111,-0.014814814814814815,1,0,0,image_right,right,0.9,circle,-1,1,1,211.96540370000002,211.96540370000002,211.96540370000002,,,,,,,,,,,,,,,,,,,,,,,,,,,,,,Rashmi,001,2023-04-14_15h06.42.265,EE_trial,2022.2.5,60.038316453514405,
circle,cross,0.9,0.1,circle.png,cross.png,,,,,,,,4,2,18,3,,,,,,,,,,,,,,,,,,,,,,,,,,,212.98192459999882,213.4640873999997,213.4640873999997,0.514408099999855,-0.25462962962962965,-0.016666666666666666,1,0,0,image_left,left,0.9,circle,1,-1,1,214.5304361999988,214.5304361999988,214.5304361999988,215.5337615999997,215.5337615999997,215.5337615999997,,,,,,,,,,,,,,,,,,,,,,,,,,,Rashmi,001,2023-04-14_15h06.42.265,EE_trial,2022.2.5,60.038316453514405,
triangle,square,0.4,0.6,triangle.png,square.png,,,,,,,,4,3,19,0,,,,,,,,,,,,,,,,,,,,,,,,,,,215.5337615999997,216.0311514999994,216.0311514999994,0.5154070999997202,0.2740740740740741,0.022222222222222223,1,0,0,image_right,right,0.6,square,-1,1,1,217.59727899999962,217.59727899999962,217.59727899999962,218.59687549999944,218.59687549999944,218.59687549999944,,,,,,,,,,,,,,,,,,,,,,,,,,,Rashmi,001,2023-04-14_15h06.42.265,EE_trial,2022.2.5,60.038316453514405,
circle,cross,0.9,0.1,circle.png,cross.png,,,,,,,,5,0,20,3,,,,,,,,,,,,,,,,,,,,,,,,,,,218.59687549999944,219.0980058999994,219.0980058999994,0.5159233000013046,-0.2712962962962963,0.006481481481481481,1,0,0,image_left,left,0.9,circle,1,-1,1,220.25494569999864,220.25494569999864,220.25494569999864,,,,,,,,,,,,,,,,,,,,,,,,,,,,,,Rashmi,001,2023-04-14_15h06.42.265,EE_trial,2022.2.5,60.038316453514405,
circle,cross,0.9,0.1,circle.png,cross.png,,,,,,,,5,1,21,3,,,,,,,,,,,,,,,,,,,,,,,,,,,221.27449650000017,221.74737079999977,221.74737079999977,0.5135214999991149,-0.275,0.013888888888888888,1,0,0,image_left,left,0.9,circle,-1,-1,-1,222.6213871,222.6213871,222.6213871,,,,,,,,,,,,,,,,,,,,,,,,,,,,,,Rashmi,001,2023-04-14_15h06.42.265,EE_trial,2022.2.5,60.038316453514405,
triangle,square,0.4,0.6,triangle.png,square.png,,,,,,,,5,2,22,0,,,,,,,,,,,,,,,,,,,,,,,,,,,223.63229229999888,224.11439569999857,224.11439569999857,0.5133734999999433,0.2962962962962963,0.032407407407407406,1,0,0,image_right,right,0.6,square,-1,-1,-1,227.1140235999992,227.1140235999992,227.1140235999992,228.11814090000007,228.11814090000007,228.11814090000007,,,,,,,,,,,,,,,,,,,,,,,,,,,Rashmi,001,2023-04-14_15h06.42.265,EE_trial,2022.2.5,60.038316453514405,
cross,circle,0.1,0.9,cross.png,circle.png,,,,,,,,5,3,23,2,,,,,,,,,,,,,,,,,,,,,,,,,,,228.11814090000007,228.6139293999986,228.6139293999986,0.5154016999986197,-0.3212962962962963,-0.014814814814814815,1,0,0,image_left,left,0.1,cross,-1,-1,-1,230.35607960000016,230.35607960000016,230.35607960000016,,,,,,,,,,,,,,,,,,,,,,,,,,,,,,Rashmi,001,2023-04-14_15h06.42.265,EE_trial,2022.2.5,60.038316453514405,
square,triangle,0.6,0.4,square.png,triangle.png,,,,,,,,6,0,24,1,,,,,,,,,,,,,,,,,,,,,,,,,,,231.36597789999905,231.84761749999961,231.84761749999961,0.5116916000006313,-0.25925925925925924,-0.027777777777777776,1,0,0,image_left,left,0.6,square,-1,-1,-1,233.24904640000022,233.24904640000022,233.24904640000022,,,,,,,,,,,,,,,,,,,,,,,,,,,,,,Rashmi,001,2023-04-14_15h06.42.265,EE_trial,2022.2.5,60.038316453514405,
triangle,square,0.4,0.6,triangle.png,square.png,,,,,,,,6,1,25,0,,,,,,,,,,,,,,,,,,,,,,,,,,,234.26513119999981,234.7475175999989,234.7475175999989,0.5146800000002258,-0.2537037037037037,-0.013888888888888888,1,0,0,image_left,left,0.4,triangle,-1,1,-1,235.74742549999974,235.74742549999974,235.74742549999974,,,,,,,,,,,,,,,,,,,,,,,,,,,,,,Rashmi,001,2023-04-14_15h06.42.265,EE_trial,2022.2.5,60.038316453514405,
circle,cross,0.9,0.1,circle.png,cross.png,,,,,,,,6,2,26,3,,,,,,,,,,,,,,,,,,,,,,,,,,,236.75425939999877,237.2308987999986,237.2308987999986,0.5102633000005881,-0.24814814814814815,-0.014814814814814815,1,0,0,image_left,left,0.9,circle,1,-1,1,240.95669479999924,240.95669479999924,240.95669479999924,,,,,,,,,,,,,,,,,,,,,,,,,,,,,,Rashmi,001,2023-04-14_15h06.42.265,EE_trial,2022.2.5,60.038316453514405,
triangle,square,0.4,0.6,triangle.png,square.png,,,,,,,,6,3,27,0,,,,,,,,,,,,,,,,,,,,,,,,,,,241.96520969999983,242.44738009999855,242.44738009999855,0.5135023000002548,0.30462962962962964,0.011111111111111112,1,0,0,image_right,right,0.6,square,1,1,1,245.93658080000023,245.93658080000023,245.93658080000023,,,,,,,,,,,,,,,,,,,,,,,,,,,,,,Rashmi,001,2023-04-14_15h06.42.265,EE_trial,2022.2.5,60.038316453514405,
circle,cross,0.9,0.1,circle.png,cross.png,,,,,,,,7,0,28,3,,,,,,,,,,,,,,,,,,,,,,,,,,,246.9519550999994,247.4310650999996,247.4310650999996,0.5139092999997956,0.29444444444444445,-0.018518518518518517,1,0,0,image_right,right,0.1,cross,1,-1,-1,248.70337879999897,248.70337879999897,248.70337879999897,,,,,,,,,,,,,,,,,,,,,,,,,,,,,,Rashmi,001,2023-04-14_15h06.42.265,EE_trial,2022.2.5,60.038316453514405,
triangle,square,0.4,0.6,triangle.png,square.png,,,,,,,,7,1,29,0,,,,,,,,,,,,,,,,,,,,,,,,,,,249.71955329999946,250.1978640999987,250.1978640999987,0.5146608999984892,0.3731481481481482,0.01574074074074074,1,0,0,image_right,right,0.6,square,1,1,1,251.2375121999994,251.2375121999994,251.2375121999994,,,,,,,,,,,,,,,,,,,,,,,,,,,,,,Rashmi,001,2023-04-14_15h06.42.265,EE_trial,2022.2.5,60.038316453514405,
circle,cross,0.9,0.1,circle.png,cross.png,,,,,,,,7,2,30,3,,,,,,,,,,,,,,,,,,,,,,,,,,,252.25069059999987,252.73150179999902,252.73150179999902,0.5141722000007576,-0.30648148148148147,-0.03981481481481482,1,0,0,image_left,left,0.9,circle,1,-1,1,253.20293409999977,253.20293409999977,253.20293409999977,,,,,,,,,,,,,,,,,,,,,,,,,,,,,,Rashmi,001,2023-04-14_15h06.42.265,EE_trial,2022.2.5,60.038316453514405,
triangle,square,0.4,0.6,triangle.png,square.png,,,,,,,,7,3,31,0,,,,,,,,,,,,,,,,,,,,,,,,,,,254.21852509999917,254.69766849999905,254.69766849999905,0.5138951000008092,0.25925925925925924,-0.018518518518518517,1,0,0,image_right,right,0.6,square,1,1,1,255.36761119999937,255.36761119999937,255.36761119999937,,,,,,,,,,,,,,,,,,,,,,,,,,,,,,Rashmi,001,2023-04-14_15h06.42.265,EE_trial,2022.2.5,60.038316453514405,
cross,circle,0.1,0.9,cross.png,circle.png,,,,,,,,8,0,32,2,,,,,,,,,,,,,,,,,,,,,,,,,,,256.3805769999999,256.8648142000002,256.8648142000002,0.5146643999996741,0.28703703703703703,-0.014814814814814815,1,0,0,image_right,right,0.9,circle,-1,1,1,257.95493779999924,257.95493779999924,257.95493779999924,,,,,,,,,,,,,,,,,,,,,,,,,,,,,,Rashmi,001,2023-04-14_15h06.42.265,EE_trial,2022.2.5,60.038316453514405,
square,triangle,0.6,0.4,square.png,triangle.png,,,,,,,,8,1,33,1,,,,,,,,,,,,,,,,,,,,,,,,,,,258.9739656999991,259.44771539999965,259.44771539999965,0.5132499999999709,-0.262037037037037,0.003703703703703704,1,0,0,image_left,left,0.6,square,-1,-1,-1,260.28661719999945,260.28661719999945,260.28661719999945,,,,,,,,,,,,,,,,,,,,,,,,,,,,,,Rashmi,001,2023-04-14_15h06.42.265,EE_trial,2022.2.5,60.038316453514405,
circle,cross,0.9,0.1,circle.png,cross.png,,,,,,,,8,2,34,3,,,,,,,,,,,,,,,,,,,,,,,,,,,261.30762799999866,261.7810948999995,261.7810948999995,0.5132426000000123,-0.2796296296296296,-0.01574074074074074,1,0,0,image_left,left,0.9,circle,1,-1,1,263.2585044999996,263.2585044999996,263.2585044999996,,,,,,,,,,,,,,,,,,,,,,,,,,,,,,Rashmi,001,2023-04-14_15h06.42.265,EE_trial,2022.2.5,60.038316453514405,
cross,circle,0.1,0.9,cross.png,circle.png,,,,,,,,8,3,35,2,,,,,,,,,,,,,,,,,,,,,,,,,,,264.2675700999989,264.7478554999998,264.7478554999998,0.5124946000014461,0.30462962962962964,0.003703703703703704,1,0,0,image_right,right,0.9,circle,-1,1,1,266.40031739999904,266.40031739999904,266.40031739999904,,,,,,,,,,,,,,,,,,,,,,,,,,,,,,Rashmi,001,2023-04-14_15h06.42.265,EE_trial,2022.2.5,60.038316453514405,
cross,circle,0.1,0.9,cross.png,circle.png,,,,,,,,9,0,36,2,,,,,,,,,,,,,,,,,,,,,,,,,,,267.4174953999991,267.8977665000002,267.8977665000002,0.5144127000003209,0.28888888888888886,-0.019444444444444445,1,0,0,image_right,right,0.9,circle,-1,-1,-1,268.8824534999985,268.8824534999985,268.8824534999985,,,,,,,,,,,,,,,,,,,,,,,,,,,,,,Rashmi,001,2023-04-14_15h06.42.265,EE_trial,2022.2.5,60.038316453514405,
circle,cross,0.9,0.1,circle.png,cross.png,,,,,,,,9,1,37,3,,,,,,,,,,,,,,,,,,,,,,,,,,,269.9016047999994,270.38139450000017,270.38139450000017,0.5147466999987955,0.3907407407407407,-0.005555555555555556,1,0,0,image_right,right,0.1,cross,1,-1,-1,271.4690761999991,271.4690761999991,271.4690761999991,,,,,,,,,,,,,,,,,,,,,,,,,,,,,,Rashmi,001,2023-04-14_15h06.42.265,EE_trial,2022.2.5,60.038316453514405,
square,triangle,0.6,0.4,square.png,triangle.png,,,,,,,,9,2,38,1,,,,,,,,,,,,,,,,,,,,,,,,,,,272.48164949999955,272.9644884999998,272.9644884999998,0.5131544999985636,0.3425925925925926,-0.013888888888888888,1,0,0,image_right,right,0.4,triangle,1,-1,-1,276.0164206999998,276.0164206999998,276.0164206999998,,,,,,,,,,,,,,,,,,,,,,,,,,,,,,Rashmi,001,2023-04-14_15h06.42.265,EE_trial,2022.2.5,60.038316453514405,
square,triangle,0.6,0.4,square.png,triangle.png,,,,,,,,9,3,39,1,,,,,,,,,,,,,,,,,,,,,,,,,,,277.0420665999991,277.51441539999905,277.51441539999905,0.5144151999993483,-0.3101851851851852,-0.007407407407407408,1,0,0,image_left,left,0.6,square,1,1,1,278.88721970000006,278.88721970000006,278.88721970000006,,,,,,,,,,,,,,,,,,,,,,,,,,,,,,Rashmi,001,2023-04-14_15h06.42.265,EE_trial,2022.2.5,60.038316453514405,
,,,,,,,,,,,,,,,,,,,,,,,,,,,,,,,,,,,,,,,,,,,,,,,,,,,,,,,,,,,,,,,,,279.90075309999884,279.90075309999884,279.90075309999884,279.90075309999884,space,48.7346293999999,,,,,,,,,,,,,,,,,,,,,Rashmi,001,2023-04-14_15h06.42.265,EE_trial,2022.2.5,60.038316453514405,
,,,,,,1,cross,-0.2,0.1,0,cross.png,-0.2.png,,,,,0,0,0,0,0,0,0,14,,,,,,,,,,,,,,,,,,,,,,,,,,,,,,,,,,,,,,,,,,,,,,,328.7105836999999,329.16552539999975,329.16552539999975,0.5144753999993554,-0.29814814814814816,-0.037037037037037035,1,0,0,image_left_es,left,0.1,cross,-1,-1,-1,343.48182110000016,343.48182110000016,343.9957661999997,343.9957661999997,Rashmi,001,2023-04-14_15h06.42.265,EE_trial,2022.2.5,60.038316453514405,
,,,,,,1,circle,-0.4,0.9,0.3,circle.png,-0.4.png,,,,,0,0,0,0,0,1,1,23,,,,,,,,,,,,,,,,,,,,,,,,,,,,,,,,,,,,,,,,,,,,,,,343.9957661999997,344.48153769999954,344.48153769999954,0.5118649000014557,0.2712962962962963,0.11203703703703703,1,0,0,image_right_es,right,0.3,-0.4,1,-1,-1,347.03141159999905,347.03141159999905,347.5328651,347.5328651,Rashmi,001,2023-04-14_15h06.42.265,EE_trial,2022.2.5,60.038316453514405,
,,,,,,1,triangle,-0.4,0.4,0.3,triangle.png,-0.4.png,,,,,0,0,0,0,0,2,2,2,,,,,,,,,,,,,,,,,,,,,,,,,,,,,,,,,,,,,,,,,,,,,,,347.5328651,348.0316654999988,348.0316654999988,0.515033300000141,0.4212962962962963,-0.003703703703703704,1,0,0,image_right_es,right,0.3,-0.4,1,1,1,354.9643586000002,354.9643586000002,355.47401249999893,355.47401249999893,Rashmi,001,2023-04-14_15h06.42.265,EE_trial,2022.2.5,60.038316453514405,
,,,,,,1,square,0.2,0.6,0.2,square.png,0.2.png,,,,,0,0,0,0,0,3,3,13,,,,,,,,,,,,,,,,,,,,,,,,,,,,,,,,,,,,,,,,,,,,,,,355.47401249999893,355.94877350000024,355.94877350000024,0.49954109999998764,-0.27037037037037037,-0.025925925925925925,1,0,0,image_left_es,left,0.6,square,-1,-1,-1,357.18106799999987,357.18106799999987,357.69732309999927,357.69732309999927,Rashmi,001,2023-04-14_15h06.42.265,EE_trial,2022.2.5,60.038316453514405,
,,,,,,1,square,0.4,0.6,0.7,square.png,0.4.png,,,,,0,0,0,0,0,4,4,11,,,,,,,,,,,,,,,,,,,,,,,,,,,,,,,,,,,,,,,,,,,,,,,357.69732309999927,358.1812976000001,358.1812976000001,0.5138329000001249,-0.2657407407407407,-0.022222222222222223,1,0,0,image_left_es,left,0.6,square,1,1,1,359.4478902999999,359.4478902999999,359.9603210999994,359.9603210999994,Rashmi,001,2023-04-14_15h06.42.265,EE_trial,2022.2.5,60.038316453514405,
,,,,,,1,cross,0,0.1,0.5,cross.png,0.png,,,,,0,0,0,0,0,5,5,17,,,,,,,,,,,,,,,,,,,,,,,,,,,,,,,,,,,,,,,,,,,,,,,359.9603210999994,360.4483744999998,360.4483744999998,0.5141867999991518,-0.32037037037037036,-0.03518518518518519,1,0,0,image_left_es,left,0.1,cross,-1,-1,-1,362.598170199999,362.598170199999,363.1005444000002,363.1005444000002,Rashmi,001,2023-04-14_15h06.42.265,EE_trial,2022.2.5,60.038316453514405,
,,,,,,1,triangle,0.2,0.4,0.2,triangle.png,0.2.png,,,,,0,0,0,0,0,6,6,6,,,,,,,,,,,,,,,,,,,,,,,,,,,,,,,,,,,,,,,,,,,,,,,363.1005444000002,363.59843009999895,363.59843009999895,0.5126574999994773,0.12222222222222222,0.12037037037037036,1,0,0,image_right_es,right,0.2,0.2,1,1,1,368.3647793,368.3647793,368.8773975999993,368.8773975999993,Rashmi,001,2023-04-14_15h06.42.265,EE_trial,2022.2.5,60.038316453514405,
,,,,,,1,circle,-0.2,0.9,0,circle.png,-0.2.png,,,,,0,0,0,0,0,7,7,21,,,,,,,,,,,,,,,,,,,,,,,,,,,,,,,,,,,,,,,,,,,,,,,368.8773975999993,369.36482309999883,369.36482309999883,0.5137030999994749,-0.27314814814814814,-0.022222222222222223,1,0,0,image_left_es,left,0.9,circle,1,-1,1,371.21467069999926,371.21467069999926,371.71940429999995,371.71940429999995,Rashmi,001,2023-04-14_15h06.42.265,EE_trial,2022.2.5,60.038316453514405,
,,,,,,1,triangle,0.4,0.4,0.7,triangle.png,0.4.png,,,,,0,0,0,0,0,8,8,4,,,,,,,,,,,,,,,,,,,,,,,,,,,,,,,,,,,,,,,,,,,,,,,371.71940429999995,372.21501329999955,372.21501329999955,0.5147615000005317,0.37962962962962965,-0.15925925925925927,1,0,0,image_right_es,right,0.7,0.4,-1,-1,-1,374.5816666999999,374.5816666999999,375.091142199999,375.091142199999,Rashmi,001,2023-04-14_15h06.42.265,EE_trial,2022.2.5,60.038316453514405,
,,,,,,1,cross,0.2,0.1,0.2,cross.png,0.2.png,,,,,0,0,0,0,0,9,9,20,,,,,,,,,,,,,,,,,,,,,,,,,,,,,,,,,,,,,,,,,,,,,,,375.091142199999,375.58156919999965,375.58156919999965,0.5145179999999527,0.41574074074074074,0.22962962962962963,1,0,0,image_right_es,right,0.2,0.2,-1,-1,-1,382.9980180999992,382.9980180999992,383.51272099999915,383.51272099999915,Rashmi,001,2023-04-14_15h06.42.265,EE_trial,2022.2.5,60.038316453514405,
,,,,,,1,square,-0.8,0.6,0.1,square.png,-0.8.png,,,,,0,0,0,0,0,10,10,8,,,,,,,,,,,,,,,,,,,,,,,,,,,,,,,,,,,,,,,,,,,,,,,383.51272099999915,383.9981563000001,383.9981563000001,0.5141638000004605,-0.3574074074074074,0.008333333333333333,1,0,0,image_left_es,left,0.6,square,1,-1,1,385.11446009999963,385.11446009999963,385.6164336999991,385.6164336999991,Rashmi,001,2023-04-14_15h06.42.265,EE_trial,2022.2.5,60.038316453514405,
,,,,,,1,circle,0,0.9,0.5,circle.png,0.png,,,,,0,0,0,0,0,11,11,24,,,,,,,,,,,,,,,,,,,,,,,,,,,,,,,,,,,,,,,,,,,,,,,385.6164336999991,386.114955699999,386.114955699999,0.5138967000002594,-0.3435185185185185,-0.03518518518518519,1,0,0,image_left_es,left,0.9,circle,1,-1,1,386.96470450000015,386.96470450000015,387.4704580999987,387.4704580999987,Rashmi,001,2023-04-14_15h06.42.265,EE_trial,2022.2.5,60.038316453514405,
,,,,,,1,triangle,0,0.4,0.5,triangle.png,0.png,,,,,0,0,0,0,0,12,12,3,,,,,,,,,,,,,,,,,,,,,,,,,,,,,,,,,,,,,,,,,,,,,,,387.4704580999987,387.9649711999991,387.9649711999991,0.5115807999991375,0.34629629629629627,-0.1962962962962963,1,0,0,image_right_es,right,0.5,0,-1,-1,-1,390.4146922,390.4146922,390.93438909999895,390.93438909999895,Rashmi,001,2023-04-14_15h06.42.265,EE_trial,2022.2.5,60.038316453514405,
,,,,,,1,cross,0.8,0.1,0.9,cross.png,0.8.png,,,,,0,0,0,0,0,13,13,19,,,,,,,,,,,,,,,,,,,,,,,,,,,,,,,,,,,,,,,,,,,,,,,390.93438909999895,391.41518349999933,391.41518349999933,0.5143668000000616,-0.262037037037037,-0.013888888888888888,1,0,0,image_left_es,left,0.1,cross,-1,1,-1,392.38164229999893,392.38164229999893,392.8857681999998,392.8857681999998,Rashmi,001,2023-04-14_15h06.42.265,EE_trial,2022.2.5,60.038316453514405,
,,,,,,1,square,0.8,0.6,0.9,square.png,0.8.png,,,,,0,0,0,0,0,14,14,12,,,,,,,,,,,,,,,,,,,,,,,,,,,,,,,,,,,,,,,,,,,,,,,392.8857681999998,393.38178159999916,393.38178159999916,0.5134883999999147,0.4148148148148148,-0.17314814814814813,1,0,0,image_right_es,right,0.9,0.8,1,1,1,397.4645650000002,397.4645650000002,397.9654787999989,397.9654787999989,Rashmi,001,2023-04-14_15h06.42.265,EE_trial,2022.2.5,60.038316453514405,
,,,,,,1,square,-0.4,0.6,0.3,square.png,-0.4.png,,,,,0,0,0,0,0,15,15,9,,,,,,,,,,,,,,,,,,,,,,,,,,,,,,,,,,,,,,,,,,,,,,,397.9654787999989,398.46511349999855,398.46511349999855,0.5139125000005151,-0.2824074074074074,-0.014814814814814815,1,0,0,image_left_es,left,0.6,square,1,-1,1,399.94835219999914,399.94835219999914,400.4501350999999,400.4501350999999,Rashmi,001,2023-04-14_15h06.42.265,EE_trial,2022.2.5,60.038316453514405,
,,,,,,1,cross,-0.8,0.1,0.1,cross.png,-0.8.png,,,,,0,0,0,0,0,16,16,15,,,,,,,,,,,,,,,,,,,,,,,,,,,,,,,,,,,,,,,,,,,,,,,400.4501350999999,400.9487288,400.9487288,0.5134073000008357,-0.25462962962962965,-0.04351851851851852,1,0,0,image_left_es,left,0.1,cross,-1,-1,-1,407.7148492999986,407.7148492999986,408.2149781999997,408.2149781999997,Rashmi,001,2023-04-14_15h06.42.265,EE_trial,2022.2.5,60.038316453514405,
,,,,,,1,circle,0.8,0.9,0.9,circle.png,0.8.png,,,,,0,0,0,0,0,17,17,26,,,,,,,,,,,,,,,,,,,,,,,,,,,,,,,,,,,,,,,,,,,,,,,408.2149781999997,408.71536709999964,408.71536709999964,0.5136497999992571,0.22407407407407406,-0.19166666666666668,1,0,0,image_right_es,right,0.9,0.8,-1,-1,-1,412.14804189999995,412.14804189999995,412.65072169999985,412.65072169999985,Rashmi,001,2023-04-14_15h06.42.265,EE_trial,2022.2.5,60.038316453514405,
,,,,,,1,triangle,-0.8,0.4,0.1,triangle.png,-0.8.png,,,,,0,0,0,0,0,18,18,1,,,,,,,,,,,,,,,,,,,,,,,,,,,,,,,,,,,,,,,,,,,,,,,412.65072169999985,413.1486707999993,413.1486707999993,0.5137636999988899,-0.25555555555555554,-0.006481481481481481,1,0,0,image_left_es,left,0.4,triangle,1,-1,1,414.79853399999956,414.79853399999956,415.3119121,415.3119121,Rashmi,001,2023-04-14_15h06.42.265,EE_trial,2022.2.5,60.038316453514405,
,,,,,,1,circle,0.4,0.9,0.7,circle.png,0.4.png,,,,,0,0,0,0,0,19,19,25,,,,,,,,,,,,,,,,,,,,,,,,,,,,,,,,,,,,,,,,,,,,,,,415.3119121,415.7986846999993,415.7986846999993,0.5133362999986275,-0.2824074074074074,-0.011111111111111112,1,0,0,image_left_es,left,0.9,circle,1,1,1,417.64844829999856,417.64844829999856,418.1643140999986,418.1643140999986,Rashmi,001,2023-04-14_15h06.42.265,EE_trial,2022.2.5,60.038316453514405,
,,,,,,1,triangle,0.8,0.4,0.9,triangle.png,0.8.png,,,,,0,0,0,0,0,20,20,5,,,,,,,,,,,,,,,,,,,,,,,,,,,,,,,,,,,,,,,,,,,,,,,418.1643140999986,418.6486903999994,418.6486903999994,0.5132434999995894,0.2351851851851852,0.18518518518518517,1,0,0,image_right_es,right,0.9,0.8,1,1,1,421.9815936999985,421.9815936999985,422.4843919999985,422.4843919999985,Rashmi,001,2023-04-14_15h06.42.265,EE_trial,2022.2.5,60.038316453514405,
,,,,,,1,circle,-0.8,0.9,0.1,circle.png,-0.8.png,,,,,0,0,0,0,0,21,21,22,,,,,,,,,,,,,,,,,,,,,,,,,,,,,,,,,,,,,,,,,,,,,,,422.4843919999985,422.98219919999974,422.98219919999974,0.5158394999998563,-0.29907407407407405,0.0,1,0,0,image_left_es,left,0.9,circle,-1,-1,-1,424.84883759999866,424.84883759999866,425.3584437999998,425.3584437999998,Rashmi,001,2023-04-14_15h06.42.265,EE_trial,2022.2.5,60.038316453514405,
,,,,,,1,cross,-0.4,0.1,0.3,cross.png,-0.4.png,,,,,0,0,0,0,0,22,22,16,,,,,,,,,,,,,,,,,,,,,,,,,,,,,,,,,,,,,,,,,,,,,,,425.3584437999998,425.8487226999987,425.8487226999987,0.513516899998649,-0.2814814814814815,0.005555555555555556,1,0,0,image_left_es,left,0.1,cross,-1,-1,-1,440.04849789999935,440.04849789999935,440.5512369999997,440.5512369999997,Rashmi,001,2023-04-14_15h06.42.265,EE_trial,2022.2.5,60.038316453514405,
,,,,,,1,square,0,0.6,0.5,square.png,0.png,,,,,0,0,0,0,0,23,23,10,,,,,,,,,,,,,,,,,,,,,,,,,,,,,,,,,,,,,,,,,,,,,,,440.5512369999997,441.04924669999855,441.04924669999855,0.5142680000008113,-0.2657407407407407,-0.025,1,0,0,image_left_es,left,0.6,square,1,-1,1,442.3152202000001,442.3152202000001,442.82129539999914,442.82129539999914,Rashmi,001,2023-04-14_15h06.42.265,EE_trial,2022.2.5,60.038316453514405,
,,,,,,1,circle,0.2,0.9,0.2,circle.png,0.2.png,,,,,0,0,0,0,0,24,24,27,,,,,,,,,,,,,,,,,,,,,,,,,,,,,,,,,,,,,,,,,,,,,,,442.82129539999914,443.31542420000005,443.31542420000005,0.5151690999991843,-0.2657407407407407,-0.025,1,0,0,image_left_es,left,0.9,circle,1,1,1,444.7815593999985,444.7815593999985,445.28588729999865,445.28588729999865,Rashmi,001,2023-04-14_15h06.42.265,EE_trial,2022.2.5,60.038316453514405,
,,,,,,1,cross,0.4,0.1,0.7,cross.png,0.4.png,,,,,0,0,0,0,0,25,25,18,,,,,,,,,,,,,,,,,,,,,,,,,,,,,,,,,,,,,,,,,,,,,,,445.28588729999865,445.7822122999987,445.7822122999987,0.5148699000001216,0.10648148148148148,0.12037037037037036,1,0,0,image_right_es,right,0.7,0.4,1,1,1,448.63160119999884,448.63160119999884,449.13464549999844,449.13464549999844,Rashmi,001,2023-04-14_15h06.42.265,EE_trial,2022.2.5,60.038316453514405,
,,,,,,1,triangle,-0.2,0.4,0,triangle.png,-0.2.png,,,,,0,0,0,0,0,26,26,0,,,,,,,,,,,,,,,,,,,,,,,,,,,,,,,,,,,,,,,,,,,,,,,449.13464549999844,449.63191499999994,449.63191499999994,0.5140756999990117,-0.27685185185185185,0.005555555555555556,1,0,0,image_left_es,left,0.4,triangle,1,-1,1,458.1152927999992,458.1152927999992,458.61947229999896,458.61947229999896,Rashmi,001,2023-04-14_15h06.42.265,EE_trial,2022.2.5,60.038316453514405,
,,,,,,1,square,-0.2,0.6,0,square.png,-0.2.png,,,,,0,0,0,0,0,27,27,7,,,,,,,,,,,,,,,,,,,,,,,,,,,,,,,,,,,,,,,,,,,,,,,458.61947229999896,459.11549749999904,459.11549749999904,0.5135150999994949,-0.28425925925925927,-0.022222222222222223,1,0,0,image_left_es,left,0.6,square,1,-1,1,460.5984043999997,460.5984043999997,461.11801190000006,461.11801190000006,Rashmi,001,2023-04-14_15h06.42.265,EE_trial,2022.2.5,60.038316453514405,
,,,,,,1,,,,,,,,,,,0,0,0,0,,,,,,,,,,,,,,,,,,,,,,,,,,,,,,,,,,,,,,,,,,,,,,,,,,,,,,,,,,,,,,,,,,,,,,,Rashmi,001,2023-04-14_15h06.42.265,EE_trial,2022.2.5,60.038316453514405,
,,,,,,3,triangle,0.8,0.4,0.9,triangle.png,0.8.png,,,,,0,1,1,1,0,0,0,5,,,,,,,,,,,,,,,,,,,,,,,,,,,,,,,,,,,,,,,,,,,,,,,461.11801190000006,461.59921529999883,461.59921529999883,0.5103085000009742,0.11388888888888889,0.07314814814814814,1,0,0,image_right_es,right,0.9,0.8,1,1,1,465.44867729999896,465.44867729999896,465.95483559999957,465.95483559999957,Rashmi,001,2023-04-14_15h06.42.265,EE_trial,2022.2.5,60.038316453514405,
,,,,,,3,square,0.4,0.6,0.7,square.png,0.4.png,,,,,0,1,1,1,0,1,1,11,,,,,,,,,,,,,,,,,,,,,,,,,,,,,,,,,,,,,,,,,,,,,,,465.95483559999957,466.448982599999,466.448982599999,0.512148600000728,-0.25,0.011111111111111112,1,0,0,image_left_es,left,0.6,square,1,1,1,469.3656033999996,469.3656033999996,469.8706422999985,469.8706422999985,Rashmi,001,2023-04-14_15h06.42.265,EE_trial,2022.2.5,60.038316453514405,
,,,,,,3,triangle,-0.2,0.4,0,triangle.png,-0.2.png,,,,,0,1,1,1,0,2,2,0,,,,,,,,,,,,,,,,,,,,,,,,,,,,,,,,,,,,,,,,,,,,,,,469.8706422999985,470.3656412,470.3656412,0.5113897999999608,-0.24444444444444444,-0.010185185185185186,1,0,0,image_left_es,left,0.4,triangle,-1,-1,-1,473.88215929999933,473.88215929999933,474.39525219999996,474.39525219999996,Rashmi,001,2023-04-14_15h06.42.265,EE_trial,2022.2.5,60.038316453514405,
,,,,,,3,cross,-0.8,0.1,0.1,cross.png,-0.8.png,,,,,0,1,1,1,0,3,3,15,,,,,,,,,,,,,,,,,,,,,,,,,,,,,,,,,,,,,,,,,,,,,,,474.39525219999996,474.8821502999999,474.8821502999999,0.5145406999999977,-0.325,-0.01574074074074074,1,0,0,image_left_es,left,0.1,cross,-1,-1,-1,477.26567029999933,477.26567029999933,477.77283929999976,477.77283929999976,Rashmi,001,2023-04-14_15h06.42.265,EE_trial,2022.2.5,60.038316453514405,
,,,,,,3,square,-0.4,0.6,0.3,square.png,-0.4.png,,,,,0,1,1,1,0,4,4,9,,,,,,,,,,,,,,,,,,,,,,,,,,,,,,,,,,,,,,,,,,,,,,,477.77283929999976,478.2656748999998,478.2656748999998,0.5111047000009421,-0.2601851851851852,0.008333333333333333,1,0,0,image_left_es,left,0.6,square,-1,-1,-1,479.3818386999992,479.3818386999992,479.88435129999925,479.88435129999925,Rashmi,001,2023-04-14_15h06.42.265,EE_trial,2022.2.5,60.038316453514405,
,,,,,,3,circle,-0.8,0.9,0.1,circle.png,-0.8.png,,,,,0,1,1,1,0,5,5,22,,,,,,,,,,,,,,,,,,,,,,,,,,,,,,,,,,,,,,,,,,,,,,,479.88435129999925,480.38228589999926,480.38228589999926,0.5141082999998616,-0.2611111111111111,0.008333333333333333,1,0,0,image_left_es,left,0.9,circle,1,-1,1,482.3319651999991,482.3319651999991,482.83634639999946,482.83634639999946,Rashmi,001,2023-04-14_15h06.42.265,EE_trial,2022.2.5,60.038316453514405,
,,,,,,3,circle,0.8,0.9,0.9,circle.png,0.8.png,,,,,0,1,1,1,0,6,6,26,,,,,,,,,,,,,,,,,,,,,,,,,,,,,,,,,,,,,,,,,,,,,,,482.83634639999946,483.3322441,483.3322441,0.5135336000003008,0.2777777777777778,-0.18518518518518517,1,0,0,image_right_es,right,0.9,0.8,1,1,1,488.7820776999997,488.7820776999997,489.2850258999988,489.2850258999988,Rashmi,001,2023-04-14_15h06.42.265,EE_trial,2022.2.5,60.038316453514405,
,,,,,,3,cross,0,0.1,0.5,cross.png,0.png,,,,,0,1,1,1,0,7,7,17,,,,,,,,,,,,,,,,,,,,,,,,,,,,,,,,,,,,,,,,,,,,,,,489.2850258999988,489.782408699999,489.782408699999,0.5146029999996244,0.2935185185185185,-0.053703703703703705,1,0,0,image_right_es,right,0.5,0,-1,1,1,495.64875389999906,495.64875389999906,496.16019549999874,496.16019549999874,Rashmi,001,2023-04-14_15h06.42.265,EE_trial,2022.2.5,60.038316453514405,
,,,,,,3,cross,-0.2,0.1,0,cross.png,-0.2.png,,,,,0,1,1,1,0,8,8,14,,,,,,,,,,,,,,,,,,,,,,,,,,,,,,,,,,,,,,,,,,,,,,,496.16019549999874,496.6491206999999,496.6491206999999,0.5137130999992223,-0.2962962962962963,-0.025925925925925925,1,0,0,image_left_es,left,0.1,cross,-1,-1,-1,501.66578429999936,501.66578429999936,502.1709259999989,502.1709259999989,Rashmi,001,2023-04-14_15h06.42.265,EE_trial,2022.2.5,60.038316453514405,
,,,,,,3,circle,-0.2,0.9,0,circle.png,-0.2.png,,,,,0,1,1,1,0,9,9,21,,,,,,,,,,,,,,,,,,,,,,,,,,,,,,,,,,,,,,,,,,,,,,,502.1709259999989,502.6660174999997,502.6660174999997,0.5128342999996676,-0.3,-0.016666666666666666,1,0,0,image_left_es,left,0.9,circle,1,-1,1,504.13208119999945,504.13208119999945,504.63285480000013,504.63285480000013,Rashmi,001,2023-04-14_15h06.42.265,EE_trial,2022.2.5,60.038316453514405,
,,,,,,3,triangle,-0.4,0.4,0.3,triangle.png,-0.4.png,,,,,0,1,1,1,0,10,10,2,,,,,,,,,,,,,,,,,,,,,,,,,,,,,,,,,,,,,,,,,,,,,,,504.63285480000013,505.13261710000006,505.13261710000006,0.5130477000002429,-0.27314814814814814,-0.04259259259259259,1,0,0,image_left_es,left,0.4,triangle,-1,-1,-1,510.4822632999985,510.4822632999985,510.9891177999998,510.9891177999998,Rashmi,001,2023-04-14_15h06.42.265,EE_trial,2022.2.5,60.038316453514405,
,,,,,,3,triangle,0.4,0.4,0.7,triangle.png,0.4.png,,,,,0,1,1,1,0,11,11,4,,,,,,,,,,,,,,,,,,,,,,,,,,,,,,,,,,,,,,,,,,,,,,,510.9891177999998,511.4825459999993,511.4825459999993,0.5146845999988727,0.07222222222222222,0.03981481481481482,1,0,0,image_right_es,right,0.7,0.4,-1,-1,-1,514.5322593000001,514.5322593000001,515.0384159999994,515.0384159999994,Rashmi,001,2023-04-14_15h06.42.265,EE_trial,2022.2.5,60.038316453514405,
,,,,,,3,square,-0.8,0.6,0.1,square.png,-0.8.png,,,,,0,1,1,1,0,12,12,8,,,,,,,,,,,,,,,,,,,,,,,,,,,,,,,,,,,,,,,,,,,,,,,515.0384159999994,515.5322219999998,515.5322219999998,0.5136188000014954,-0.2953703703703704,-0.001851851851851852,1,0,0,image_left_es,left,0.6,square,1,-1,1,516.7487273999996,516.7487273999996,517.2494083000001,517.2494083000001,Rashmi,001,2023-04-14_15h06.42.265,EE_trial,2022.2.5,60.038316453514405,
,,,,,,3,square,0.2,0.6,0.2,square.png,0.2.png,,,,,0,1,1,1,0,13,13,13,,,,,,,,,,,,,,,,,,,,,,,,,,,,,,,,,,,,,,,,,,,,,,,517.2494083000001,517.7493863999989,517.7493863999989,0.5145500999988144,-0.2611111111111111,0.0,1,0,0,image_left_es,left,0.6,square,1,1,1,518.6829313999988,518.6829313999988,519.1860904999994,519.1860904999994,Rashmi,001,2023-04-14_15h06.42.265,EE_trial,2022.2.5,60.038316453514405,
,,,,,,3,circle,0,0.9,0.5,circle.png,0.png,,,,,0,1,1,1,0,14,14,24,,,,,,,,,,,,,,,,,,,,,,,,,,,,,,,,,,,,,,,,,,,,,,,519.1860904999994,519.6829555999993,519.6829555999993,0.5136843000000226,-0.36018518518518516,-0.025,1,0,0,image_left_es,left,0.9,circle,1,1,1,521.3321099999994,521.3321099999994,521.8401476999989,521.8401476999989,Rashmi,001,2023-04-14_15h06.42.265,EE_trial,2022.2.5,60.038316453514405,
,,,,,,3,circle,0.4,0.9,0.7,circle.png,0.4.png,,,,,0,1,1,1,0,15,15,25,,,,,,,,,,,,,,,,,,,,,,,,,,,,,,,,,,,,,,,,,,,,,,,521.8401476999989,522.3323743000001,522.3323743000001,0.5142687000006845,-0.24537037037037038,-0.012962962962962963,1,0,0,image_left_es,left,0.9,circle,1,1,1,524.1990084999998,524.1990084999998,524.7075506000001,524.7075506000001,Rashmi,001,2023-04-14_15h06.42.265,EE_trial,2022.2.5,60.038316453514405,
,,,,,,3,cross,0.2,0.1,0.2,cross.png,0.2.png,,,,,0,1,1,1,0,16,16,20,,,,,,,,,,,,,,,,,,,,,,,,,,,,,,,,,,,,,,,,,,,,,,,524.7075506000001,525.1996485999989,525.1996485999989,0.513340600000447,0.2833333333333333,0.08148148148148149,1,0,0,image_right_es,right,0.2,0.2,-1,-1,-1,529.0154468000001,529.0154468000001,529.5172242999997,529.5172242999997,Rashmi,001,2023-04-14_15h06.42.265,EE_trial,2022.2.5,60.038316453514405,
,,,,,,3,cross,0.8,0.1,0.9,cross.png,0.8.png,,,,,0,1,1,1,0,17,17,19,,,,,,,,,,,,,,,,,,,,,,,,,,,,,,,,,,,,,,,,,,,,,,,529.5172242999997,530.0157600999992,530.0157600999992,0.5130869000004168,0.2814814814814815,-0.014814814814814815,1,0,0,image_right_es,right,0.9,0.8,1,1,1,533.732505,533.732505,534.2339692999994,534.2339692999994,Rashmi,001,2023-04-14_15h06.42.265,EE_trial,2022.2.5,60.038316453514405,
,,,,,,3,triangle,0,0.4,0.5,triangle.png,0.png,,,,,0,1,1,1,0,18,18,3,,,,,,,,,,,,,,,,,,,,,,,,,,,,,,,,,,,,,,,,,,,,,,,534.2339692999994,534.7328431999995,534.7328431999995,0.5136922999990929,-0.24351851851851852,0.006481481481481481,1,0,0,image_left_es,left,0.4,triangle,-1,-1,-1,536.6331676999998,536.6331676999998,537.135338,537.135338,Rashmi,001,2023-04-14_15h06.42.265,EE_trial,2022.2.5,60.038316453514405,
,,,,,,3,square,0.8,0.6,0.9,square.png,0.8.png,,,,,0,1,1,1,0,19,19,12,,,,,,,,,,,,,,,,,,,,,,,,,,,,,,,,,,,,,,,,,,,,,,,537.135338,537.6338605000001,537.6338605000001,0.5138214999988122,0.44814814814814813,0.0712962962962963,1,0,0,image_right_es,right,0.9,0.8,-1,1,1,541.8666348999996,541.8666348999996,542.372494199999,542.372494199999,Rashmi,001,2023-04-14_15h06.42.265,EE_trial,2022.2.5,60.038316453514405,
,,,,,,3,circle,-0.4,0.9,0.3,circle.png,-0.4.png,,,,,0,1,1,1,0,20,20,23,,,,,,,,,,,,,,,,,,,,,,,,,,,,,,,,,,,,,,,,,,,,,,,542.372494199999,542.8671850999999,542.8671850999999,0.5146879999992962,-0.262037037037037,0.003703703703703704,1,0,0,image_left_es,left,0.9,circle,1,-1,1,544.3999671000001,544.3999671000001,544.9050296999994,544.9050296999994,Rashmi,001,2023-04-14_15h06.42.265,EE_trial,2022.2.5,60.038316453514405,
,,,,,,3,triangle,0.2,0.4,0.2,triangle.png,0.2.png,,,,,0,1,1,1,0,21,21,6,,,,,,,,,,,,,,,,,,,,,,,,,,,,,,,,,,,,,,,,,,,,,,,544.9050296999994,545.4004421999998,545.4004421999998,0.5137654999998631,0.4287037037037037,-0.08518518518518518,1,0,0,image_right_es,right,0.2,0.2,1,1,1,549.3987546999997,549.3987546999997,549.9037664999996,549.9037664999996,Rashmi,001,2023-04-14_15h06.42.265,EE_trial,2022.2.5,60.038316453514405,
,,,,,,3,triangle,-0.8,0.4,0.1,triangle.png,-0.8.png,,,,,0,1,1,1,0,22,22,1,,,,,,,,,,,,,,,,,,,,,,,,,,,,,,,,,,,,,,,,,,,,,,,549.9037664999996,550.3990502999986,550.3990502999986,0.5135816999991221,-0.2777777777777778,-0.012962962962962963,1,0,0,image_left_es,left,0.4,triangle,-1,-1,-1,551.3490929999989,551.3490929999989,551.8633168999986,551.8633168999986,Rashmi,001,2023-04-14_15h06.42.265,EE_trial,2022.2.5,60.038316453514405,
,,,,,,3,square,-0.2,0.6,0,square.png,-0.2.png,,,,,0,1,1,1,0,23,23,7,,,,,,,,,,,,,,,,,,,,,,,,,,,,,,,,,,,,,,,,,,,,,,,551.8633168999986,552.3498153,552.3498153,0.5148821999991924,-0.25833333333333336,0.000925925925925926,1,0,0,image_left_es,left,0.6,square,1,-1,1,553.2821062999992,553.2821062999992,553.7907269999996,553.7907269999996,Rashmi,001,2023-04-14_15h06.42.265,EE_trial,2022.2.5,60.038316453514405,
,,,,,,3,square,0,0.6,0.5,square.png,0.png,,,,,0,1,1,1,0,24,24,10,,,,,,,,,,,,,,,,,,,,,,,,,,,,,,,,,,,,,,,,,,,,,,,553.7907269999996,554.2826932999997,554.2826932999997,0.5143757999994705,-0.3055555555555556,0.0,1,0,0,image_left_es,left,0.6,square,-1,-1,-1,555.8155241999993,555.8155241999993,556.3163606999988,556.3163606999988,Rashmi,001,2023-04-14_15h06.42.265,EE_trial,2022.2.5,60.038316453514405,
,,,,,,3,cross,0.4,0.1,0.7,cross.png,0.4.png,,,,,0,1,1,1,0,25,25,18,,,,,,,,,,,,,,,,,,,,,,,,,,,,,,,,,,,,,,,,,,,,,,,556.3163606999988,556.8159533999988,556.8159533999988,0.5137747000007948,0.18981481481481483,0.17037037037037037,1,0,0,image_right_es,right,0.7,0.4,-1,1,1,567.8990723999996,567.8990723999996,568.4048987999995,568.4048987999995,Rashmi,001,2023-04-14_15h06.42.265,EE_trial,2022.2.5,60.038316453514405,
,,,,,,3,cross,-0.4,0.1,0.3,cross.png,-0.4.png,,,,,0,1,1,1,0,26,26,16,,,,,,,,,,,,,,,,,,,,,,,,,,,,,,,,,,,,,,,,,,,,,,,568.4048987999995,568.8997782999995,568.8997782999995,0.5158917999997357,-0.28425925925925927,-0.028703703703703703,1,0,0,image_left_es,left,0.1,cross,-1,-1,-1,574.1323918999988,574.1323918999988,574.6387259999992,574.6387259999992,Rashmi,001,2023-04-14_15h06.42.265,EE_trial,2022.2.5,60.038316453514405,
,,,,,,3,circle,0.2,0.9,0.2,circle.png,0.2.png,,,,,0,1,1,1,0,27,27,27,,,,,,,,,,,,,,,,,,,,,,,,,,,,,,,,,,,,,,,,,,,,,,,574.6387259999992,575.1329873999985,575.1329873999985,0.514482800001133,-0.28425925925925927,-0.028703703703703703,1,0,0,image_left_es,left,0.9,circle,1,-1,1,576.4991997999987,576.4991997999987,577.0236858999997,577.0236858999997,Rashmi,001,2023-04-14_15h06.42.265,EE_trial,2022.2.5,60.038316453514405,
,,,,,,3,,,,,,,,,,,0,1,1,1,,,,,,,,,,,,,,,,,,,,,,,,,,,,,,,,,,,,,,,,,,,,,,,,,,,,,,,,,,,,,,,,,,,,,,,Rashmi,001,2023-04-14_15h06.42.265,EE_trial,2022.2.5,60.038316453514405,
,,,,,,5,cross,-0.4,0.1,0.3,cross.png,-0.4.png,,,,,0,2,2,2,0,0,0,16,,,,,,,,,,,,,,,,,,,,,,,,,,,,,,,,,,,,,,,,,,,,,,,577.0236858999997,577.4994934999995,577.4994934999995,0.5123938000015187,-0.28425925925925927,-0.028703703703703703,1,0,0,image_left_es,left,0.1,cross,-1,-1,-1,578.5657488999987,578.5657488999987,579.0696804999989,579.0696804999989,Rashmi,001,2023-04-14_15h06.42.265,EE_trial,2022.2.5,60.038316453514405,
,,,,,,5,square,0,0.6,0.5,square.png,0.png,,,,,0,2,2,2,0,1,1,10,,,,,,,,,,,,,,,,,,,,,,,,,,,,,,,,,,,,,,,,,,,,,,,579.0696804999989,579.5662658000001,579.5662658000001,0.5151924999991024,-0.28425925925925927,-0.028703703703703703,1,0,0,image_left_es,left,0.6,square,1,-1,1,580.7993855999994,580.7993855999994,581.3006083,581.3006083,Rashmi,001,2023-04-14_15h06.42.265,EE_trial,2022.2.5,60.038316453514405,
,,,,,,5,triangle,0.8,0.4,0.9,triangle.png,0.8.png,,,,,0,2,2,2,0,2,2,5,,,,,,,,,,,,,,,,,,,,,,,,,,,,,,,,,,,,,,,,,,,,,,,581.3006083,581.7999445999994,581.7999445999994,0.5131820000005973,0.4787037037037037,-0.13148148148148148,1,0,0,image_right_es,right,0.9,0.8,-1,1,1,586.7330695,586.7330695,587.2362560000001,587.2362560000001,Rashmi,001,2023-04-14_15h06.42.265,EE_trial,2022.2.5,60.038316453514405,
,,,,,,5,square,0.2,0.6,0.2,square.png,0.2.png,,,,,0,2,2,2,0,3,3,13,,,,,,,,,,,,,,,,,,,,,,,,,,,,,,,,,,,,,,,,,,,,,,,587.2362560000001,587.7327491999986,587.7327491999986,0.5146700999994209,-0.2824074074074074,0.030555555555555555,1,0,0,image_left_es,left,0.6,square,-1,-1,-1,590.5991663999994,590.5991663999994,591.1005604999991,591.1005604999991,Rashmi,001,2023-04-14_15h06.42.265,EE_trial,2022.2.5,60.038316453514405,
,,,,,,5,circle,0.2,0.9,0.2,circle.png,0.2.png,,,,,0,2,2,2,0,4,4,27,,,,,,,,,,,,,,,,,,,,,,,,,,,,,,,,,,,,,,,,,,,,,,,591.1005604999991,591.5998531999994,591.5998531999994,0.5138747000000876,-0.2861111111111111,0.01574074074074074,1,0,0,image_left_es,left,0.9,circle,1,-1,1,592.6827192000001,592.6827192000001,593.1933415999993,593.1933415999993,Rashmi,001,2023-04-14_15h06.42.265,EE_trial,2022.2.5,60.038316453514405,
,,,,,,5,triangle,0,0.4,0.5,triangle.png,0.png,,,,,0,2,2,2,0,5,5,3,,,,,,,,,,,,,,,,,,,,,,,,,,,,,,,,,,,,,,,,,,,,,,,593.1933415999993,593.6833583999996,593.6833583999996,0.5146404999995866,-0.2861111111111111,0.01574074074074074,1,0,0,image_left_es,left,0.4,triangle,-1,-1,-1,595.8159983999994,595.8159983999994,596.3254019999986,596.3254019999986,Rashmi,001,2023-04-14_15h06.42.265,EE_trial,2022.2.5,60.038316453514405,
,,,,,,5,circle,0.8,0.9,0.9,circle.png,0.8.png,,,,,0,2,2,2,0,6,6,26,,,,,,,,,,,,,,,,,,,,,,,,,,,,,,,,,,,,,,,,,,,,,,,596.3254019999986,596.8163998,596.8163998,0.5128010000007635,0.3685185185185185,-0.20833333333333334,1,0,0,image_right_es,right,0.9,0.8,1,1,1,603.3993089999985,603.3993089999985,603.9027999999998,603.9027999999998,Rashmi,001,2023-04-14_15h06.42.265,EE_trial,2022.2.5,60.038316453514405,
,,,,,,5,circle,-0.4,0.9,0.3,circle.png,-0.4.png,,,,,0,2,2,2,0,7,7,23,,,,,,,,,,,,,,,,,,,,,,,,,,,,,,,,,,,,,,,,,,,,,,,603.9027999999998,604.3998726999998,604.3998726999998,0.5152699999998731,-0.30185185185185187,-0.016666666666666666,1,0,0,image_left_es,left,0.9,circle,-1,-1,-1,605.8992367999999,605.8992367999999,606.4036914999997,606.4036914999997,Rashmi,001,2023-04-14_15h06.42.265,EE_trial,2022.2.5,60.038316453514405,
,,,,,,5,circle,0,0.9,0.5,circle.png,0.png,,,,,0,2,2,2,0,8,8,24,,,,,,,,,,,,,,,,,,,,,,,,,,,,,,,,,,,,,,,,,,,,,,,606.4036914999997,606.8998233999991,606.8998233999991,0.515211799998724,-0.3138888888888889,-0.026851851851851852,1,0,0,image_left_es,left,0.9,circle,1,-1,1,607.8161614,607.8161614,608.3197832999995,608.3197832999995,Rashmi,001,2023-04-14_15h06.42.265,EE_trial,2022.2.5,60.038316453514405,
,,,,,,5,cross,0.8,0.1,0.9,cross.png,0.8.png,,,,,0,2,2,2,0,9,9,19,,,,,,,,,,,,,,,,,,,,,,,,,,,,,,,,,,,,,,,,,,,,,,,608.3197832999995,608.8162498999991,608.8162498999991,0.5131166000010126,0.25555555555555554,0.11666666666666667,1,0,0,image_right_es,right,0.9,0.8,-1,1,1,613.5327376999994,613.5327376999994,614.0345952999996,614.0345952999996,Rashmi,001,2023-04-14_15h06.42.265,EE_trial,2022.2.5,60.038316453514405,
,,,,,,5,cross,0.2,0.1,0.2,cross.png,0.2.png,,,,,0,2,2,2,0,10,10,20,,,,,,,,,,,,,,,,,,,,,,,,,,,,,,,,,,,,,,,,,,,,,,,614.0345952999996,614.5331956999999,614.5331956999999,0.5131272000016907,0.39351851851851855,-0.09907407407407408,1,0,0,image_right_es,right,0.2,0.2,-1,-1,-1,625.5162311999993,625.5162311999993,626.0225547999999,626.0225547999999,Rashmi,001,2023-04-14_15h06.42.265,EE_trial,2022.2.5,60.038316453514405,
,,,,,,5,circle,-0.8,0.9,0.1,circle.png,-0.8.png,,,,,0,2,2,2,0,11,11,22,,,,,,,,,,,,,,,,,,,,,,,,,,,,,,,,,,,,,,,,,,,,,,,626.0225547999999,626.5164702000002,626.5164702000002,0.5135222000008071,-0.2759259259259259,-0.012037037037037037,1,0,0,image_left_es,left,0.9,circle,-1,-1,-1,627.9995073999999,627.9995073999999,628.4999510999987,628.4999510999987,Rashmi,001,2023-04-14_15h06.42.265,EE_trial,2022.2.5,60.038316453514405,
,,,,,,5,square,0.4,0.6,0.7,square.png,0.4.png,,,,,0,2,2,2,0,12,12,11,,,,,,,,,,,,,,,,,,,,,,,,,,,,,,,,,,,,,,,,,,,,,,,628.4999510999987,628.9995209999997,628.9995209999997,0.5136972999989666,-0.26481481481481484,-0.004629629629629629,1,0,0,image_left_es,left,0.6,square,1,1,1,630.1497628999987,630.1497628999987,630.6544364999991,630.6544364999991,Rashmi,001,2023-04-14_15h06.42.265,EE_trial,2022.2.5,60.038316453514405,
,,,,,,5,square,-0.4,0.6,0.3,square.png,-0.4.png,,,,,0,2,2,2,0,13,13,9,,,,,,,,,,,,,,,,,,,,,,,,,,,,,,,,,,,,,,,,,,,,,,,630.6544364999991,631.1500828999997,631.1500828999997,0.5144065999993472,-0.2777777777777778,-0.009259259259259259,1,0,0,image_left_es,left,0.6,square,-1,-1,-1,632.0829715999989,632.0829715999989,632.5895136999989,632.5895136999989,Rashmi,001,2023-04-14_15h06.42.265,EE_trial,2022.2.5,60.038316453514405,
,,,,,,5,triangle,-0.8,0.4,0.1,triangle.png,-0.8.png,,,,,0,2,2,2,0,14,14,1,,,,,,,,,,,,,,,,,,,,,,,,,,,,,,,,,,,,,,,,,,,,,,,632.5895136999989,633.0835472999988,633.0835472999988,0.5139600000002247,-0.31574074074074077,0.0962962962962963,1,0,0,image_left_es,left,0.4,triangle,1,-1,1,634.8184161999998,634.8184161999998,,,Rashmi,001,2023-04-14_15h06.42.265,EE_trial,2022.2.5,60.038316453514405,
,,,,,,5,cross,-0.8,0.1,0.1,cross.png,-0.8.png,,,,,0,2,2,2,0,15,15,15,,,,,,,,,,,,,,,,,,,,,,,,,,,,,,,,,,,,,,,,,,,,,,,635.3369966999999,635.8167254999989,635.8167254999989,0.5086232000012387,-0.337037037037037,0.003703703703703704,1,0,0,image_left_es,left,0.1,cross,-1,-1,-1,636.9493193999988,636.9493193999988,637.4494195999996,637.4494195999996,Rashmi,001,2023-04-14_15h06.42.265,EE_trial,2022.2.5,60.038316453514405,
,,,,,,5,triangle,0.2,0.4,0.2,triangle.png,0.2.png,,,,,0,2,2,2,0,16,16,6,,,,,,,,,,,,,,,,,,,,,,,,,,,,,,,,,,,,,,,,,,,,,,,637.4494195999996,637.9508233999986,637.9508233999986,0.5152803000000858,-0.337037037037037,0.003703703703703704,1,0,0,image_left_es,left,0.4,triangle,1,-1,1,639.0834362999994,639.0834362999994,639.5838523000002,639.5838523000002,Rashmi,001,2023-04-14_15h06.42.265,EE_trial,2022.2.5,60.038316453514405,
,,,,,,5,cross,0,0.1,0.5,cross.png,0.png,,,,,0,2,2,2,0,17,17,17,,,,,,,,,,,,,,,,,,,,,,,,,,,,,,,,,,,,,,,,,,,,,,,639.5838523000002,640.0836571,640.0836571,0.5122424999990471,-0.337037037037037,0.003703703703703704,1,0,0,image_left_es,left,0.1,cross,-1,1,-1,640.9666822999989,640.9666822999989,641.4706884999996,641.4706884999996,Rashmi,001,2023-04-14_15h06.42.265,EE_trial,2022.2.5,60.038316453514405,
,,,,,,5,triangle,-0.2,0.4,0,triangle.png,-0.2.png,,,,,0,2,2,2,0,18,18,0,,,,,,,,,,,,,,,,,,,,,,,,,,,,,,,,,,,,,,,,,,,,,,,641.4706884999996,641.9665940999985,641.9665940999985,0.514142100000754,-0.337037037037037,0.003703703703703704,1,0,0,image_left_es,left,0.4,triangle,-1,-1,-1,643.0327339999985,643.0327339999985,643.5401089999996,643.5401089999996,Rashmi,001,2023-04-14_15h06.42.265,EE_trial,2022.2.5,60.038316453514405,
,,,,,,5,cross,-0.2,0.1,0,cross.png,-0.2.png,,,,,0,2,2,2,0,19,19,14,,,,,,,,,,,,,,,,,,,,,,,,,,,,,,,,,,,,,,,,,,,,,,,643.5401089999996,644.0333589999991,644.0333589999991,0.5144058999994741,-0.337037037037037,0.003703703703703704,1,0,0,image_left_es,left,0.1,cross,-1,-1,-1,644.7165215999994,644.7165215999994,645.2195379999994,645.2195379999994,Rashmi,001,2023-04-14_15h06.42.265,EE_trial,2022.2.5,60.038316453514405,
,,,,,,5,square,0.8,0.6,0.9,square.png,0.8.png,,,,,0,2,2,2,0,20,20,12,,,,,,,,,,,,,,,,,,,,,,,,,,,,,,,,,,,,,,,,,,,,,,,645.2195379999994,645.7166479999996,645.7166479999996,0.5137420999999449,0.12407407407407407,-0.21481481481481482,1,0,0,image_right_es,right,0.9,0.8,1,1,1,651.2162963999999,651.2162963999999,651.7183157,651.7183157,Rashmi,001,2023-04-14_15h06.42.265,EE_trial,2022.2.5,60.038316453514405,
,,,,,,5,triangle,0.4,0.4,0.7,triangle.png,0.4.png,,,,,0,2,2,2,0,21,21,4,,,,,,,,,,,,,,,,,,,,,,,,,,,,,,,,,,,,,,,,,,,,,,,651.7183157,652.2167757999996,652.2167757999996,0.5135854000000108,0.1685185185185185,0.1787037037037037,1,0,0,image_right_es,right,0.7,0.4,-1,1,1,660.5164651999985,660.5164651999985,661.0227572999993,661.0227572999993,Rashmi,001,2023-04-14_15h06.42.265,EE_trial,2022.2.5,60.038316453514405,
,,,,,,5,circle,0.4,0.9,0.7,circle.png,0.4.png,,,,,0,2,2,2,0,22,22,25,,,,,,,,,,,,,,,,,,,,,,,,,,,,,,,,,,,,,,,,,,,,,,,661.0227572999993,661.5171486999989,661.5171486999989,0.5149016000013944,-0.3314814814814815,0.008333333333333333,1,0,0,image_left_es,left,0.9,circle,1,1,1,663.8997838999985,663.8997838999985,664.4074094999996,664.4074094999996,Rashmi,001,2023-04-14_15h06.42.265,EE_trial,2022.2.5,60.038316453514405,
,,,,,,5,cross,0.4,0.1,0.7,cross.png,0.4.png,,,,,0,2,2,2,0,23,23,18,,,,,,,,,,,,,,,,,,,,,,,,,,,,,,,,,,,,,,,,,,,,,,,664.4074094999996,664.8996816999988,664.8996816999988,0.5126811000009184,-0.3287037037037037,-0.018518518518518517,1,0,0,image_left_es,left,0.1,cross,-1,1,-1,669.8331816999998,669.8331816999998,670.3408643999992,670.3408643999992,Rashmi,001,2023-04-14_15h06.42.265,EE_trial,2022.2.5,60.038316453514405,
,,,,,,5,circle,-0.2,0.9,0,circle.png,-0.2.png,,,,,0,2,2,2,0,24,24,21,,,,,,,,,,,,,,,,,,,,,,,,,,,,,,,,,,,,,,,,,,,,,,,670.3408643999992,670.8332808999985,670.8332808999985,0.5143780999987939,-0.29907407407407405,0.017592592592592594,1,0,0,image_left_es,left,0.9,circle,-1,-1,-1,675.8161511999988,675.8161511999988,676.3273222999997,676.3273222999997,Rashmi,001,2023-04-14_15h06.42.265,EE_trial,2022.2.5,60.038316453514405,
,,,,,,5,square,-0.8,0.6,0.1,square.png,-0.8.png,,,,,0,2,2,2,0,25,25,8,,,,,,,,,,,,,,,,,,,,,,,,,,,,,,,,,,,,,,,,,,,,,,,676.3273222999997,676.8170952,676.8170952,0.512670000000071,-0.27870370370370373,-0.012037037037037037,1,0,0,image_left_es,left,0.6,square,1,-1,1,680.6666498999984,680.6666498999984,681.1706853999985,681.1706853999985,Rashmi,001,2023-04-14_15h06.42.265,EE_trial,2022.2.5,60.038316453514405,
,,,,,,5,triangle,-0.4,0.4,0.3,triangle.png,-0.4.png,,,,,0,2,2,2,0,26,26,2,,,,,,,,,,,,,,,,,,,,,,,,,,,,,,,,,,,,,,,,,,,,,,,681.1706853999985,681.6671564999997,681.6671564999997,0.513541799999075,-0.27870370370370373,-0.012037037037037037,1,0,0,image_left_es,left,0.4,triangle,-1,-1,-1,682.6663705999999,682.6663705999999,683.1753895000002,683.1753895000002,Rashmi,001,2023-04-14_15h06.42.265,EE_trial,2022.2.5,60.038316453514405,
,,,,,,5,square,-0.2,0.6,0,square.png,-0.2.png,,,,,0,2,2,2,0,27,27,7,,,,,,,,,,,,,,,,,,,,,,,,,,,,,,,,,,,,,,,,,,,,,,,683.1753895000002,683.6669911999998,683.6669911999998,0.5146099000012327,-0.27870370370370373,-0.012037037037037037,1,0,0,image_left_es,left,0.6,square,-1,-1,-1,684.3834079999997,684.3834079999997,684.8795042000002,684.8795042000002,Rashmi,001,2023-04-14_15h06.42.265,EE_trial,2022.2.5,60.038316453514405,
,,,,,,5,,,,,,,,,,,0,2,2,2,,,,,,,,,,,,,,,,,,,,,,,,,,,,,,,,,,,,,,,,,,,,,,,,,,,,,,,,,,,,,,,,,,,,,,,Rashmi,001,2023-04-14_15h06.42.265,EE_trial,2022.2.5,60.038316453514405,
