﻿shape_left,shape_right,probability_left,probability_right,address_left,address_right,difficulty,shape_left_es,shape_right_es,probability_left_es,probability_right_es,address_left_es,address_right_es,trials.thisRepN,trials.thisTrialN,trials.thisN,trials.thisIndex,trials_2.thisRepN,trials_2.thisTrialN,trials_2.thisN,trials_2.thisIndex,trials_es.thisRepN,trials_es.thisTrialN,trials_es.thisN,trials_es.thisIndex,image_back.started,image_welcome.started,Text_2.started,key_resp.started,key_resp.keys,key_resp.rt,image_back2.started,image_instruct1.started,text_3.started,key_resp_2.started,key_resp_2.keys,key_resp_2.rt,image_back3.started,image_instruct2.started,text_4.started,key_resp_3.started,key_resp_3.keys,key_resp_3.rt,image_background.started,image_left.started,image_right.started,mouse.started,mouse.x,mouse.y,mouse.leftButton,mouse.midButton,mouse.rightButton,mouse.clicked_name,chosen_side,chosen_probability,chosen_shape,outcome_left,outcome_right,chosen_outcome,image_background2.started,text.started,image_retained.started,image_back4.started,key_resp_4.started,image_instruct3.started,text_5.started,key_resp_4.keys,key_resp_4.rt,image_background3.started,image_left_es.started,image_right_es.started,mouse_es.started,mouse_es.x,mouse_es.y,mouse_es.leftButton,mouse_es.midButton,mouse_es.rightButton,mouse_es.clicked_name,chosen_side_es,chosen_probability_es,chosen_shape_es,outcome_left_es,outcome_right_es,chosen_outcome_es,image_background4.started,text_2.started,image_background4.stopped,text_2.stopped,participant,session,date,expName,psychopyVersion,frameRate,
,,,,,,,,,,,,,,,,,,,,,,,,,54.79708419996314,54.79708419996314,54.79708419996314,54.79708419996314,space,3.870504799997434,,,,,,,,,,,,,,,,,,,,,,,,,,,,,,,,,,,,,,,,,,,,,,,,,,,,,,,,,,Saloni,001,2023-04-14_21h49.25.501,EE_trial,2022.2.5,59.8107945401297,
,,,,,,,,,,,,,,,,,,,,,,,,,,,,,,,58.70636620000005,58.70636620000005,58.70636620000005,58.70636620000005,space,10.205469900043681,,,,,,,,,,,,,,,,,,,,,,,,,,,,,,,,,,,,,,,,,,,,,,,,,,,,Saloni,001,2023-04-14_21h49.25.501,EE_trial,2022.2.5,59.8107945401297,
,,,,,,,,,,,,,,,,,,,,,,,,,,,,,,,,,,,,,68.95306770002935,68.95306770002935,68.95306770002935,68.95306770002935,space,25.880518799996935,,,,,,,,,,,,,,,,,,,,,,,,,,,,,,,,,,,,,,,,,,,,,,Saloni,001,2023-04-14_21h49.25.501,EE_trial,2022.2.5,59.8107945401297,
cross,circle,0.1,0.9,cross.png,circle.png,,,,,,,,0,0,0,2,,,,,,,,,,,,,,,,,,,,,,,,,,,94.98401749995537,95.35546180000529,95.35546180000529,0.5093000999186188,-0.3194444444444444,-0.022222222222222223,1,0,0,image_left,left,0.1,cross,-1,1,-1,99.75584009999875,99.75584009999875,99.75584009999875,,,,,,,,,,,,,,,,,,,,,,,,,,,Saloni,001,2023-04-14_21h49.25.501,EE_trial,2022.2.5,59.8107945401297,
triangle,square,0.4,0.6,triangle.png,square.png,,,,,,,,0,1,1,0,,,,,,,,,,,,,,,,,,,,,,,,,,,100.68837620003615,101.13844839995727,101.13844839995727,0.5057996000396088,0.32592592592592595,0.027777777777777776,1,0,0,image_right,right,0.6,square,1,1,1,103.5094792000018,103.5094792000018,103.5094792000018,,,,,,,,,,,,,,,,,,,,,,,,,,,Saloni,001,2023-04-14_21h49.25.501,EE_trial,2022.2.5,59.8107945401297,
circle,cross,0.9,0.1,circle.png,cross.png,,,,,,,,0,2,2,3,,,,,,,,,,,,,,,,,,,,,,,,,,,104.51544969994575,104.96971650002524,104.96971650002524,0.5062651000916958,-0.2564814814814815,-0.03888888888888889,1,0,0,image_left,left,0.9,circle,1,-1,1,107.4436907999916,107.4436907999916,107.4436907999916,,,,,,,,,,,,,,,,,,,,,,,,,,,Saloni,001,2023-04-14_21h49.25.501,EE_trial,2022.2.5,59.8107945401297,
triangle,square,0.4,0.6,triangle.png,square.png,,,,,,,,0,3,3,0,,,,,,,,,,,,,,,,,,,,,,,,,,,108.46435989998281,108.91978500003461,108.91978500003461,0.5111047000391409,0.3212962962962963,-0.025925925925925925,1,0,0,image_right,right,0.6,square,-1,1,1,111.24564229999669,111.24564229999669,111.24564229999669,,,,,,,,,,,,,,,,,,,,,,,,,,,Saloni,001,2023-04-14_21h49.25.501,EE_trial,2022.2.5,59.8107945401297,
triangle,square,0.4,0.6,triangle.png,square.png,,,,,,,,1,0,4,0,,,,,,,,,,,,,,,,,,,,,,,,,,,112.25638619996607,112.71950090001337,112.71950090001337,0.5106574000092223,0.3425925925925926,0.005555555555555556,1,0,0,image_right,right,0.6,square,-1,-1,-1,114.54928279994056,114.54928279994056,114.54928279994056,,,,,,,,,,,,,,,,,,,,,,,,,,,Saloni,001,2023-04-14_21h49.25.501,EE_trial,2022.2.5,59.8107945401297,
cross,circle,0.1,0.9,cross.png,circle.png,,,,,,,,1,1,5,2,,,,,,,,,,,,,,,,,,,,,,,,,,,115.57189340004697,116.01773169997614,116.01773169997614,0.5084688999922946,-0.3148148148148148,-0.06851851851851852,1,0,0,image_left,left,0.1,cross,1,1,1,118.03985820000526,118.03985820000526,118.03985820000526,,,,,,,,,,,,,,,,,,,,,,,,,,,Saloni,001,2023-04-14_21h49.25.501,EE_trial,2022.2.5,59.8107945401297,
cross,circle,0.1,0.9,cross.png,circle.png,,,,,,,,1,2,6,2,,,,,,,,,,,,,,,,,,,,,,,,,,,119.0545416000532,119.50030459999107,119.50030459999107,0.5058412000071257,-0.24074074074074073,-0.03518518518518519,1,0,0,image_left,left,0.1,cross,-1,-1,-1,120.84231550002005,120.84231550002005,120.84231550002005,,,,,,,,,,,,,,,,,,,,,,,,,,,Saloni,001,2023-04-14_21h49.25.501,EE_trial,2022.2.5,59.8107945401297,
triangle,square,0.4,0.6,triangle.png,square.png,,,,,,,,1,3,7,0,,,,,,,,,,,,,,,,,,,,,,,,,,,121.84167080000043,122.29979840002488,122.29979840002488,0.5102781999157742,-0.2722222222222222,-0.06018518518518518,1,0,0,image_left,left,0.4,triangle,-1,-1,-1,124.29278490005527,124.29278490005527,124.29278490005527,,,,,,,,,,,,,,,,,,,,,,,,,,,Saloni,001,2023-04-14_21h49.25.501,EE_trial,2022.2.5,59.8107945401297,
circle,cross,0.9,0.1,circle.png,cross.png,,,,,,,,2,0,8,3,,,,,,,,,,,,,,,,,,,,,,,,,,,125.30964310001582,125.76630859996658,125.76630859996658,0.5092615999747068,0.2638888888888889,-0.07592592592592592,1,0,0,image_right,right,0.1,cross,1,-1,-1,127.66372059995774,127.66372059995774,127.66372059995774,,,,,,,,,,,,,,,,,,,,,,,,,,,Saloni,001,2023-04-14_21h49.25.501,EE_trial,2022.2.5,59.8107945401297,
square,triangle,0.6,0.4,square.png,triangle.png,,,,,,,,2,1,9,1,,,,,,,,,,,,,,,,,,,,,,,,,,,128.6754276000429,129.13146589999087,129.13146589999087,0.5079049998894334,-0.26666666666666666,-0.002777777777777778,1,0,0,image_left,left,0.6,square,-1,-1,-1,130.24274410004728,130.24274410004728,130.24274410004728,,,,,,,,,,,,,,,,,,,,,,,,,,,Saloni,001,2023-04-14_21h49.25.501,EE_trial,2022.2.5,59.8107945401297,
cross,circle,0.1,0.9,cross.png,circle.png,,,,,,,,2,2,10,2,,,,,,,,,,,,,,,,,,,,,,,,,,,131.25742120004725,131.71386849996634,131.71386849996634,0.5094573000678793,0.28703703703703703,-0.03333333333333333,1,0,0,image_right,right,0.9,circle,-1,1,1,132.82403260003775,132.82403260003775,132.82403260003775,,,,,,,,,,,,,,,,,,,,,,,,,,,Saloni,001,2023-04-14_21h49.25.501,EE_trial,2022.2.5,59.8107945401297,
triangle,square,0.4,0.6,triangle.png,square.png,,,,,,,,2,3,11,0,,,,,,,,,,,,,,,,,,,,,,,,,,,133.84534360002726,134.29661219997797,134.29661219997797,0.509719500085339,-0.24444444444444444,-0.044444444444444446,1,0,0,image_left,left,0.4,triangle,-1,-1,-1,135.49226970004383,135.49226970004383,135.49226970004383,,,,,,,,,,,,,,,,,,,,,,,,,,,Saloni,001,2023-04-14_21h49.25.501,EE_trial,2022.2.5,59.8107945401297,
circle,cross,0.9,0.1,circle.png,cross.png,,,,,,,,3,0,12,3,,,,,,,,,,,,,,,,,,,,,,,,,,,136.5054194999393,136.96285649994388,136.96285649994388,0.506608400028199,-0.3490740740740741,-0.023148148148148147,1,0,0,image_left,left,0.9,circle,1,1,1,137.96757500001695,137.96757500001695,137.96757500001695,,,,,,,,,,,,,,,,,,,,,,,,,,,Saloni,001,2023-04-14_21h49.25.501,EE_trial,2022.2.5,59.8107945401297,
square,triangle,0.6,0.4,square.png,triangle.png,,,,,,,,3,1,13,1,,,,,,,,,,,,,,,,,,,,,,,,,,,138.97829360002652,139.42848270002287,139.42848270002287,0.5084739000303671,-0.3398148148148148,0.058333333333333334,1,0,0,image_left,left,0.6,square,-1,-1,-1,140.82219089998398,140.82219089998398,140.82219089998398,,,,,,,,,,,,,,,,,,,,,,,,,,,Saloni,001,2023-04-14_21h49.25.501,EE_trial,2022.2.5,59.8107945401297,
cross,circle,0.1,0.9,cross.png,circle.png,,,,,,,,3,2,14,2,,,,,,,,,,,,,,,,,,,,,,,,,,,141.83914860000368,142.29488920001313,142.29488920001313,0.509747999953106,-0.22870370370370371,-0.020370370370370372,1,0,0,image_left,left,0.1,cross,-1,-1,-1,144.64126389997546,144.64126389997546,144.64126389997546,,,,,,,,,,,,,,,,,,,,,,,,,,,Saloni,001,2023-04-14_21h49.25.501,EE_trial,2022.2.5,59.8107945401297,
circle,cross,0.9,0.1,circle.png,cross.png,,,,,,,,3,3,15,3,,,,,,,,,,,,,,,,,,,,,,,,,,,145.6569297000533,146.10966950003058,146.10966950003058,0.5068441000767052,0.2722222222222222,0.001851851851851852,1,0,0,image_right,right,0.1,cross,1,1,1,146.83200629998464,146.83200629998464,146.83200629998464,,,,,,,,,,,,,,,,,,,,,,,,,,,Saloni,001,2023-04-14_21h49.25.501,EE_trial,2022.2.5,59.8107945401297,
square,triangle,0.6,0.4,square.png,triangle.png,,,,,,,,4,0,16,1,,,,,,,,,,,,,,,,,,,,,,,,,,,147.85194169997703,148.31010939995758,148.31010939995758,0.5112907000584528,-0.2722222222222222,0.013888888888888888,1,0,0,image_left,left,0.6,square,-1,-1,-1,148.73929940001108,148.73929940001108,148.73929940001108,,,,,,,,,,,,,,,,,,,,,,,,,,,Saloni,001,2023-04-14_21h49.25.501,EE_trial,2022.2.5,59.8107945401297,
square,triangle,0.6,0.4,square.png,triangle.png,,,,,,,,4,1,17,1,,,,,,,,,,,,,,,,,,,,,,,,,,,149.7643756000325,150.20943729998544,150.20943729998544,0.510236700065434,0.2712962962962963,-0.03425925925925926,1,0,0,image_right,right,0.4,triangle,-1,-1,-1,150.6718326000264,150.6718326000264,150.6718326000264,,,,,,,,,,,,,,,,,,,,,,,,,,,Saloni,001,2023-04-14_21h49.25.501,EE_trial,2022.2.5,59.8107945401297,
cross,circle,0.1,0.9,cross.png,circle.png,,,,,,,,4,2,18,2,,,,,,,,,,,,,,,,,,,,,,,,,,,151.68545929994434,152.1424388999585,152.1424388999585,0.5102164000272751,-0.30462962962962964,0.004629629629629629,1,0,0,image_left,left,0.1,cross,-1,1,-1,152.8647354999557,152.8647354999557,152.8647354999557,,,,,,,,,,,,,,,,,,,,,,,,,,,Saloni,001,2023-04-14_21h49.25.501,EE_trial,2022.2.5,59.8107945401297,
square,triangle,0.6,0.4,square.png,triangle.png,,,,,,,,4,3,19,1,,,,,,,,,,,,,,,,,,,,,,,,,,,153.86699979996774,154.32545190001838,154.32545190001838,0.5089431999949738,0.25555555555555554,0.0,1,0,0,image_right,right,0.4,triangle,-1,-1,-1,155.2503837000113,155.2503837000113,155.2503837000113,,,,,,,,,,,,,,,,,,,,,,,,,,,Saloni,001,2023-04-14_21h49.25.501,EE_trial,2022.2.5,59.8107945401297,
circle,cross,0.9,0.1,circle.png,cross.png,,,,,,,,5,0,20,3,,,,,,,,,,,,,,,,,,,,,,,,,,,156.26381449995097,156.7252739999676,156.7252739999676,0.5111688999459147,-0.2564814814814815,-0.016666666666666666,1,0,0,image_left,left,0.9,circle,1,-1,1,158.85857769998256,158.85857769998256,158.85857769998256,,,,,,,,,,,,,,,,,,,,,,,,,,,Saloni,001,2023-04-14_21h49.25.501,EE_trial,2022.2.5,59.8107945401297,
circle,cross,0.9,0.1,circle.png,cross.png,,,,,,,,5,1,21,3,,,,,,,,,,,,,,,,,,,,,,,,,,,159.86963159998413,160.32387209997978,160.32387209997978,0.5045191999524832,-0.2564814814814815,-0.016666666666666666,1,0,0,image_left,left,0.9,circle,1,-1,1,161.26829929999076,161.26829929999076,161.26829929999076,,,,,,,,,,,,,,,,,,,,,,,,,,,Saloni,001,2023-04-14_21h49.25.501,EE_trial,2022.2.5,59.8107945401297,
square,triangle,0.6,0.4,square.png,triangle.png,,,,,,,,5,2,22,1,,,,,,,,,,,,,,,,,,,,,,,,,,,162.28367669996805,162.73990050004795,162.73990050004795,0.5104434000095353,-0.2564814814814815,-0.016666666666666666,1,0,0,image_left,left,0.6,square,-1,-1,-1,163.98721209994983,163.98721209994983,163.98721209994983,,,,,,,,,,,,,,,,,,,,,,,,,,,Saloni,001,2023-04-14_21h49.25.501,EE_trial,2022.2.5,59.8107945401297,
cross,circle,0.1,0.9,cross.png,circle.png,,,,,,,,5,3,23,2,,,,,,,,,,,,,,,,,,,,,,,,,,,165.00466580002103,165.45648229995277,165.45648229995277,0.5102087999694049,-0.2518518518518518,-0.016666666666666666,1,0,0,image_left,left,0.1,cross,-1,1,-1,166.97173949994612,166.97173949994612,166.97173949994612,,,,,,,,,,,,,,,,,,,,,,,,,,,Saloni,001,2023-04-14_21h49.25.501,EE_trial,2022.2.5,59.8107945401297,
circle,cross,0.9,0.1,circle.png,cross.png,,,,,,,,6,0,24,3,,,,,,,,,,,,,,,,,,,,,,,,,,,168.00097010005265,168.43820990005042,168.43820990005042,0.5067244999809191,-0.24074074074074073,-0.04259259259259259,1,0,0,image_left,left,0.9,circle,1,-1,1,169.30875199998263,169.30875199998263,169.30875199998263,,,,,,,,,,,,,,,,,,,,,,,,,,,Saloni,001,2023-04-14_21h49.25.501,EE_trial,2022.2.5,59.8107945401297,
triangle,square,0.4,0.6,triangle.png,square.png,,,,,,,,6,1,25,0,,,,,,,,,,,,,,,,,,,,,,,,,,,170.3116989999544,170.77269050001632,170.77269050001632,0.5120021000038832,0.35648148148148145,-0.04259259259259259,1,0,0,image_right,right,0.6,square,1,1,1,172.6005360999843,172.6005360999843,172.6005360999843,,,,,,,,,,,,,,,,,,,,,,,,,,,Saloni,001,2023-04-14_21h49.25.501,EE_trial,2022.2.5,59.8107945401297,
square,triangle,0.6,0.4,square.png,triangle.png,,,,,,,,6,2,26,1,,,,,,,,,,,,,,,,,,,,,,,,,,,173.61597309994977,174.07012819999363,174.07012819999363,0.5058828999754041,-0.22962962962962963,-0.049074074074074076,1,0,0,image_left,left,0.6,square,1,1,1,175.5365407000063,175.5365407000063,175.5365407000063,,,,,,,,,,,,,,,,,,,,,,,,,,,Saloni,001,2023-04-14_21h49.25.501,EE_trial,2022.2.5,59.8107945401297,
triangle,square,0.4,0.6,triangle.png,square.png,,,,,,,,6,3,27,0,,,,,,,,,,,,,,,,,,,,,,,,,,,176.5546835999703,177.0031544000376,177.0031544000376,0.5053495999891311,0.30277777777777776,-0.010185185185185186,1,0,0,image_right,right,0.6,square,-1,1,1,178.43297079997137,178.43297079997137,178.43297079997137,,,,,,,,,,,,,,,,,,,,,,,,,,,Saloni,001,2023-04-14_21h49.25.501,EE_trial,2022.2.5,59.8107945401297,
cross,circle,0.1,0.9,cross.png,circle.png,,,,,,,,7,0,28,2,,,,,,,,,,,,,,,,,,,,,,,,,,,179.416220300016,179.88455039996188,179.88455039996188,0.5035009999992326,0.24351851851851852,0.021296296296296296,1,0,0,image_right,right,0.9,circle,1,1,1,181.18453830003273,181.18453830003273,181.18453830003273,,,,,,,,,,,,,,,,,,,,,,,,,,,Saloni,001,2023-04-14_21h49.25.501,EE_trial,2022.2.5,59.8107945401297,
cross,circle,0.1,0.9,cross.png,circle.png,,,,,,,,7,1,29,2,,,,,,,,,,,,,,,,,,,,,,,,,,,182.21898779994808,182.66988649999257,182.66988649999257,0.5153468999778852,0.3333333333333333,-0.005555555555555556,1,0,0,image_right,right,0.9,circle,-1,1,1,183.56738300004508,183.56738300004508,183.56738300004508,,,,,,,,,,,,,,,,,,,,,,,,,,,Saloni,001,2023-04-14_21h49.25.501,EE_trial,2022.2.5,59.8107945401297,
triangle,square,0.4,0.6,triangle.png,square.png,,,,,,,,7,2,30,0,,,,,,,,,,,,,,,,,,,,,,,,,,,184.5951403999934,185.0502910000505,185.0502910000505,0.5122000999981537,0.2574074074074074,0.0,1,0,0,image_right,right,0.6,square,-1,-1,-1,185.95502819994,185.95502819994,185.95502819994,,,,,,,,,,,,,,,,,,,,,,,,,,,Saloni,001,2023-04-14_21h49.25.501,EE_trial,2022.2.5,59.8107945401297,
circle,cross,0.9,0.1,circle.png,cross.png,,,,,,,,7,3,31,3,,,,,,,,,,,,,,,,,,,,,,,,,,,186.9596408000216,187.4359169000527,187.4359169000527,0.5157194000203162,-0.29444444444444445,0.046296296296296294,1,0,0,image_left,left,0.9,circle,1,-1,1,188.69721320003737,188.69721320003737,188.69721320003737,,,,,,,,,,,,,,,,,,,,,,,,,,,Saloni,001,2023-04-14_21h49.25.501,EE_trial,2022.2.5,59.8107945401297,
circle,cross,0.9,0.1,circle.png,cross.png,,,,,,,,8,0,32,3,,,,,,,,,,,,,,,,,,,,,,,,,,,189.726383500034,190.1830278999405,190.1830278999405,0.5129821000155061,-0.33611111111111114,0.004629629629629629,1,0,0,image_left,left,0.9,circle,1,-1,1,190.95076399995014,190.95076399995014,190.95076399995014,,,,,,,,,,,,,,,,,,,,,,,,,,,Saloni,001,2023-04-14_21h49.25.501,EE_trial,2022.2.5,59.8107945401297,
cross,circle,0.1,0.9,cross.png,circle.png,,,,,,,,8,1,33,2,,,,,,,,,,,,,,,,,,,,,,,,,,,191.96585789998062,192.41480439994484,192.41480439994484,0.5045874000061303,0.35,0.040740740740740744,1,0,0,image_right,right,0.9,circle,-1,1,1,193.68073709995952,193.68073709995952,193.68073709995952,,,,,,,,,,,,,,,,,,,,,,,,,,,Saloni,001,2023-04-14_21h49.25.501,EE_trial,2022.2.5,59.8107945401297,
circle,cross,0.9,0.1,circle.png,cross.png,,,,,,,,8,2,34,3,,,,,,,,,,,,,,,,,,,,,,,,,,,194.71116980002262,195.16533019999042,195.16533019999042,0.5134657999733463,-0.29444444444444445,0.04259259259259259,1,0,0,image_left,left,0.9,circle,1,-1,1,196.0010066999821,196.0010066999821,196.0010066999821,,,,,,,,,,,,,,,,,,,,,,,,,,,Saloni,001,2023-04-14_21h49.25.501,EE_trial,2022.2.5,59.8107945401297,
square,triangle,0.6,0.4,square.png,triangle.png,,,,,,,,8,3,35,1,,,,,,,,,,,,,,,,,,,,,,,,,,,197.031701699947,197.46599759999663,197.46599759999663,0.5070504999021068,-0.3277777777777778,0.007407407407407408,1,0,0,image_left,left,0.6,square,1,1,1,198.49834149994422,198.49834149994422,198.49834149994422,,,,,,,,,,,,,,,,,,,,,,,,,,,Saloni,001,2023-04-14_21h49.25.501,EE_trial,2022.2.5,59.8107945401297,
square,triangle,0.6,0.4,square.png,triangle.png,,,,,,,,9,0,36,1,,,,,,,,,,,,,,,,,,,,,,,,,,,199.52704239997547,199.9639443999622,199.9639443999622,0.5077480999752879,-0.3675925925925926,0.025,1,0,0,image_left,left,0.6,square,1,-1,1,201.07017730001826,201.07017730001826,201.07017730001826,,,,,,,,,,,,,,,,,,,,,,,,,,,Saloni,001,2023-04-14_21h49.25.501,EE_trial,2022.2.5,59.8107945401297,
triangle,square,0.4,0.6,triangle.png,square.png,,,,,,,,9,1,37,0,,,,,,,,,,,,,,,,,,,,,,,,,,,202.08112139999866,202.53077960002702,202.53077960002702,0.5094445999711752,0.362962962962963,0.008333333333333333,1,0,0,image_right,right,0.6,square,-1,-1,-1,203.84323250001762,203.84323250001762,203.84323250001762,,,,,,,,,,,,,,,,,,,,,,,,,,,Saloni,001,2023-04-14_21h49.25.501,EE_trial,2022.2.5,59.8107945401297,
triangle,square,0.4,0.6,triangle.png,square.png,,,,,,,,9,2,38,0,,,,,,,,,,,,,,,,,,,,,,,,,,,204.858033800032,205.3124418000225,205.3124418000225,0.5080406001070514,0.2953703703703704,0.009259259259259259,1,0,0,image_right,right,0.6,square,1,1,1,206.6554009000538,206.6554009000538,206.6554009000538,,,,,,,,,,,,,,,,,,,,,,,,,,,Saloni,001,2023-04-14_21h49.25.501,EE_trial,2022.2.5,59.8107945401297,
square,triangle,0.6,0.4,square.png,triangle.png,,,,,,,,9,3,39,1,,,,,,,,,,,,,,,,,,,,,,,,,,,207.66920859995298,208.12865880003665,208.12865880003665,0.5103114999365062,-0.3277777777777778,0.01574074074074074,1,0,0,image_left,left,0.6,square,1,1,1,209.72392799996305,209.72392799996305,209.72392799996305,,,,,,,,,,,,,,,,,,,,,,,,,,,Saloni,001,2023-04-14_21h49.25.501,EE_trial,2022.2.5,59.8107945401297,
,,,,,,,,,,,,,,,,,,,,,,,,,,,,,,,,,,,,,,,,,,,,,,,,,,,,,,,,,,,,,,210.73192010005005,210.73192010005005,210.73192010005005,210.73192010005005,space,23.766680200002156,,,,,,,,,,,,,,,,,,,,,Saloni,001,2023-04-14_21h49.25.501,EE_trial,2022.2.5,59.8107945401297,
,,,,,,1,square,0,0.6,0.5,square.png,0.png,,,,,0,0,0,0,0,0,0,10,,,,,,,,,,,,,,,,,,,,,,,,,,,,,,,,,,,,,,,,,,,,234.61302269995213,235.0214668000117,235.0214668000117,0.5074570999713615,0.4166666666666667,-0.21574074074074073,1,0,0,image_right_es,right,0.5,0,1,1,1,239.73114980000537,239.73114980000537,,,Saloni,001,2023-04-14_21h49.25.501,EE_trial,2022.2.5,59.8107945401297,
,,,,,,1,circle,0.8,0.9,0.9,circle.png,0.8.png,,,,,0,0,0,0,0,1,1,26,,,,,,,,,,,,,,,,,,,,,,,,,,,,,,,,,,,,,,,,,,,,240.25624519994017,240.70298379997257,240.70298379997257,0.5011815000325441,0.17592592592592593,0.2074074074074074,1,0,0,image_right_es,right,0.9,0.8,1,1,1,245.97583969996776,245.97583969996776,,,Saloni,001,2023-04-14_21h49.25.501,EE_trial,2022.2.5,59.8107945401297,
,,,,,,1,cross,0.8,0.1,0.9,cross.png,0.8.png,,,,,0,0,0,0,0,2,2,19,,,,,,,,,,,,,,,,,,,,,,,,,,,,,,,,,,,,,,,,,,,,246.51629129995126,246.97205979994033,246.97205979994033,0.5117101001087576,0.20833333333333334,-0.1787037037037037,1,0,0,image_right_es,right,0.9,0.8,-1,1,1,249.9935612999834,249.9935612999834,,,Saloni,001,2023-04-14_21h49.25.501,EE_trial,2022.2.5,59.8107945401297,
,,,,,,1,square,0.8,0.6,0.9,square.png,0.8.png,,,,,0,0,0,0,0,3,3,12,,,,,,,,,,,,,,,,,,,,,,,,,,,,,,,,,,,,,,,,,,,,250.52935319999233,250.98619319999125,250.98619319999125,0.5101279000518844,-0.30925925925925923,0.01574074074074074,1,0,0,image_left_es,left,0.6,square,1,1,1,255.60608049994335,255.60608049994335,,,Saloni,001,2023-04-14_21h49.25.501,EE_trial,2022.2.5,59.8107945401297,
,,,,,,1,triangle,-0.2,0.4,0,triangle.png,-0.2.png,,,,,0,0,0,0,0,4,4,0,,,,,,,,,,,,,,,,,,,,,,,,,,,,,,,,,,,,,,,,,,,,256.14081400004216,256.5995221999474,256.5995221999474,0.5080128000117838,0.38796296296296295,-0.2,1,0,0,image_right_es,right,0,-0.2,1,-1,-1,266.24741680000443,266.24741680000443,,,Saloni,001,2023-04-14_21h49.25.501,EE_trial,2022.2.5,59.8107945401297,
,,,,,,1,cross,0.2,0.1,0.2,cross.png,0.2.png,,,,,0,0,0,0,0,5,5,20,,,,,,,,,,,,,,,,,,,,,,,,,,,,,,,,,,,,,,,,,,,,266.79993430001196,267.24836059997324,267.24836059997324,0.5142660000128672,0.07037037037037037,-0.03796296296296296,1,0,0,image_right_es,right,0.2,0.2,-1,1,1,270.54601279995404,270.54601279995404,271.0641672000056,271.0641672000056,Saloni,001,2023-04-14_21h49.25.501,EE_trial,2022.2.5,59.8107945401297,
,,,,,,1,triangle,0.2,0.4,0.2,triangle.png,0.2.png,,,,,0,0,0,0,0,6,6,6,,,,,,,,,,,,,,,,,,,,,,,,,,,,,,,,,,,,,,,,,,,,271.0641672000056,271.5477106999606,271.5477106999606,0.5156286999117583,0.062037037037037036,0.08611111111111111,1,0,0,image_right_es,right,0.2,0.2,-1,-1,-1,274.6332238999894,274.6332238999894,,,Saloni,001,2023-04-14_21h49.25.501,EE_trial,2022.2.5,59.8107945401297,
,,,,,,1,triangle,-0.4,0.4,0.3,triangle.png,-0.4.png,,,,,0,0,0,0,0,7,7,2,,,,,,,,,,,,,,,,,,,,,,,,,,,,,,,,,,,,,,,,,,,,275.180555799976,275.6304350999417,275.6304350999417,0.5127676000120118,-0.3287037037037037,0.008333333333333333,1,0,0,image_left_es,left,0.4,triangle,-1,-1,-1,278.2598124999786,278.2598124999786,,,Saloni,001,2023-04-14_21h49.25.501,EE_trial,2022.2.5,59.8107945401297,
,,,,,,1,circle,0,0.9,0.5,circle.png,0.png,,,,,0,0,0,0,0,8,8,24,,,,,,,,,,,,,,,,,,,,,,,,,,,,,,,,,,,,,,,,,,,,278.80108949996065,279.245796800009,279.245796800009,0.5077322999713942,-0.25925925925925924,-0.004629629629629629,1,0,0,image_left_es,left,0.9,circle,1,-1,1,280.57606460002717,280.57606460002717,,,Saloni,001,2023-04-14_21h49.25.501,EE_trial,2022.2.5,59.8107945401297,
,,,,,,1,cross,-0.4,0.1,0.3,cross.png,-0.4.png,,,,,0,0,0,0,0,9,9,16,,,,,,,,,,,,,,,,,,,,,,,,,,,,,,,,,,,,,,,,,,,,281.1105408000294,281.56178029999137,281.56178029999137,0.5065003000199795,-0.375,0.008333333333333333,1,0,0,image_left_es,left,0.1,cross,-1,-1,-1,283.1500023000408,283.1500023000408,,,Saloni,001,2023-04-14_21h49.25.501,EE_trial,2022.2.5,59.8107945401297,
,,,,,,1,triangle,0.8,0.4,0.9,triangle.png,0.8.png,,,,,0,0,0,0,0,10,10,5,,,,,,,,,,,,,,,,,,,,,,,,,,,,,,,,,,,,,,,,,,,,283.69254870002624,284.14933879999444,284.14933879999444,0.5157044000225142,0.20462962962962963,0.29814814814814816,1,0,0,image_right_es,right,0.9,0.8,-1,1,1,286.7186704999767,286.7186704999767,,,Saloni,001,2023-04-14_21h49.25.501,EE_trial,2022.2.5,59.8107945401297,
,,,,,,1,square,-0.8,0.6,0.1,square.png,-0.8.png,,,,,0,0,0,0,0,11,11,8,,,,,,,,,,,,,,,,,,,,,,,,,,,,,,,,,,,,,,,,,,,,287.263975400012,287.7144806999713,287.7144806999713,0.5144749999744818,-0.275,-0.025925925925925925,1,0,0,image_left_es,left,0.6,square,1,-1,1,289.8993681999855,289.8993681999855,,,Saloni,001,2023-04-14_21h49.25.501,EE_trial,2022.2.5,59.8107945401297,
,,,,,,1,circle,-0.8,0.9,0.1,circle.png,-0.8.png,,,,,0,0,0,0,0,12,12,22,,,,,,,,,,,,,,,,,,,,,,,,,,,,,,,,,,,,,,,,,,,,290.4532147999853,290.8930026999442,290.8930026999442,0.5098757999949157,-0.275,-0.025925925925925925,1,0,0,image_left_es,left,0.9,circle,1,-1,1,291.8035592000233,291.8035592000233,,,Saloni,001,2023-04-14_21h49.25.501,EE_trial,2022.2.5,59.8107945401297,
,,,,,,1,cross,-0.2,0.1,0,cross.png,-0.2.png,,,,,0,0,0,0,0,13,13,14,,,,,,,,,,,,,,,,,,,,,,,,,,,,,,,,,,,,,,,,,,,,292.3421282999916,292.79335880000144,292.79335880000144,0.5031595000764355,0.14351851851851852,-0.06388888888888888,1,0,0,image_right_es,right,0,-0.2,-1,-1,-1,295.73114359995816,295.73114359995816,,,Saloni,001,2023-04-14_21h49.25.501,EE_trial,2022.2.5,59.8107945401297,
,,,,,,1,circle,-0.2,0.9,0,circle.png,-0.2.png,,,,,0,0,0,0,0,14,14,21,,,,,,,,,,,,,,,,,,,,,,,,,,,,,,,,,,,,,,,,,,,,296.2657864999492,296.7223903000122,296.7223903000122,0.5074386999476701,-0.29814814814814816,0.006481481481481481,1,0,0,image_left_es,left,0.9,circle,1,-1,1,297.8405004000524,297.8405004000524,,,Saloni,001,2023-04-14_21h49.25.501,EE_trial,2022.2.5,59.8107945401297,
,,,,,,1,circle,0.2,0.9,0.2,circle.png,0.2.png,,,,,0,0,0,0,0,15,15,27,,,,,,,,,,,,,,,,,,,,,,,,,,,,,,,,,,,,,,,,,,,,298.3754710999783,298.84005809994414,298.84005809994414,0.5140215998981148,-0.29814814814814816,0.006481481481481481,1,0,0,image_left_es,left,0.9,circle,1,-1,1,300.11147520004306,300.11147520004306,,,Saloni,001,2023-04-14_21h49.25.501,EE_trial,2022.2.5,59.8107945401297,
,,,,,,1,triangle,0,0.4,0.5,triangle.png,0.png,,,,,0,0,0,0,0,16,16,3,,,,,,,,,,,,,,,,,,,,,,,,,,,,,,,,,,,,,,,,,,,,300.6496677000541,301.10597539995797,301.10597539995797,0.5099757000571117,0.5009259259259259,0.09074074074074075,1,0,0,image_right_es,right,0.5,0,-1,-1,-1,303.8208123999648,303.8208123999648,304.3337468999671,304.3337468999671,Saloni,001,2023-04-14_21h49.25.501,EE_trial,2022.2.5,59.8107945401297,
,,,,,,1,circle,-0.4,0.9,0.3,circle.png,-0.4.png,,,,,0,0,0,0,0,17,17,23,,,,,,,,,,,,,,,,,,,,,,,,,,,,,,,,,,,,,,,,,,,,304.3337468999671,304.8208338000113,304.8208338000113,0.5137123999884352,-0.3148148148148148,-0.021296296296296296,1,0,0,image_left_es,left,0.9,circle,1,-1,1,305.93998909997754,305.93998909997754,,,Saloni,001,2023-04-14_21h49.25.501,EE_trial,2022.2.5,59.8107945401297,
,,,,,,1,triangle,0.4,0.4,0.7,triangle.png,0.4.png,,,,,0,0,0,0,0,18,18,4,,,,,,,,,,,,,,,,,,,,,,,,,,,,,,,,,,,,,,,,,,,,306.46571140002925,306.9366733999923,306.9366733999923,0.5114558000350371,0.225,0.18796296296296297,1,0,0,image_right_es,right,0.7,0.4,-1,1,1,310.0386332999915,310.0386332999915,,,Saloni,001,2023-04-14_21h49.25.501,EE_trial,2022.2.5,59.8107945401297,
,,,,,,1,circle,0.4,0.9,0.7,circle.png,0.4.png,,,,,0,0,0,0,0,19,19,25,,,,,,,,,,,,,,,,,,,,,,,,,,,,,,,,,,,,,,,,,,,,310.5819706999464,311.0376699999906,311.0376699999906,0.5116135999560356,-0.3787037037037037,0.023148148148148147,1,0,0,image_left_es,left,0.9,circle,1,-1,1,313.035652999999,313.035652999999,313.5741925999755,313.5741925999755,Saloni,001,2023-04-14_21h49.25.501,EE_trial,2022.2.5,59.8107945401297,
,,,,,,1,square,0.2,0.6,0.2,square.png,0.2.png,,,,,0,0,0,0,0,20,20,13,,,,,,,,,,,,,,,,,,,,,,,,,,,,,,,,,,,,,,,,,,,,313.5741925999755,314.0441886000335,314.0441886000335,0.5001728000352159,0.3,-0.1648148148148148,1,0,0,image_right_es,right,0.2,0.2,1,-1,-1,317.7839747000253,317.7839747000253,318.300798799959,318.300798799959,Saloni,001,2023-04-14_21h49.25.501,EE_trial,2022.2.5,59.8107945401297,
,,,,,,1,cross,0.4,0.1,0.7,cross.png,0.4.png,,,,,0,0,0,0,0,21,21,18,,,,,,,,,,,,,,,,,,,,,,,,,,,,,,,,,,,,,,,,,,,,318.300798799959,318.77121539996006,318.77121539996006,0.5009917999850586,0.12962962962962962,-0.1259259259259259,1,0,0,image_right_es,right,0.7,0.4,-1,1,1,321.0721805000212,321.0721805000212,,,Saloni,001,2023-04-14_21h49.25.501,EE_trial,2022.2.5,59.8107945401297,
,,,,,,1,square,-0.4,0.6,0.3,square.png,-0.4.png,,,,,0,0,0,0,0,22,22,9,,,,,,,,,,,,,,,,,,,,,,,,,,,,,,,,,,,,,,,,,,,,321.62041990004946,322.0682184000034,322.0682184000034,0.5126860999735072,-0.2611111111111111,0.020370370370370372,1,0,0,image_left_es,left,0.6,square,1,-1,1,323.57106109999586,323.57106109999586,,,Saloni,001,2023-04-14_21h49.25.501,EE_trial,2022.2.5,59.8107945401297,
,,,,,,1,cross,0,0.1,0.5,cross.png,0.png,,,,,0,0,0,0,0,23,23,17,,,,,,,,,,,,,,,,,,,,,,,,,,,,,,,,,,,,,,,,,,,,324.1163908999879,324.56926559994463,324.56926559994463,0.5129415000556037,0.37592592592592594,0.24814814814814815,1,0,0,image_right_es,right,0.5,0,-1,1,1,327.72015009995084,327.72015009995084,,,Saloni,001,2023-04-14_21h49.25.501,EE_trial,2022.2.5,59.8107945401297,
,,,,,,1,triangle,-0.8,0.4,0.1,triangle.png,-0.8.png,,,,,0,0,0,0,0,24,24,1,,,,,,,,,,,,,,,,,,,,,,,,,,,,,,,,,,,,,,,,,,,,328.2544143999694,328.7156759999925,328.7156759999925,0.5109668000368401,-0.3287037037037037,0.032407407407407406,1,0,0,image_left_es,left,0.4,triangle,-1,-1,-1,330.80120340001304,330.80120340001304,,,Saloni,001,2023-04-14_21h49.25.501,EE_trial,2022.2.5,59.8107945401297,
,,,,,,1,square,0.4,0.6,0.7,square.png,0.4.png,,,,,0,0,0,0,0,25,25,11,,,,,,,,,,,,,,,,,,,,,,,,,,,,,,,,,,,,,,,,,,,,331.34560390003026,331.7983798000496,331.7983798000496,0.5130470999283716,0.20555555555555555,-0.14166666666666666,1,0,0,image_right_es,right,0.7,0.4,-1,-1,-1,334.221793100005,334.221793100005,,,Saloni,001,2023-04-14_21h49.25.501,EE_trial,2022.2.5,59.8107945401297,
,,,,,,1,cross,-0.8,0.1,0.1,cross.png,-0.8.png,,,,,0,0,0,0,0,26,26,15,,,,,,,,,,,,,,,,,,,,,,,,,,,,,,,,,,,,,,,,,,,,334.7620157999918,335.21485889994074,335.21485889994074,0.506603299989365,-0.24537037037037038,-0.04722222222222222,1,0,0,image_left_es,left,0.1,cross,-1,-1,-1,337.22034849994816,337.22034849994816,,,Saloni,001,2023-04-14_21h49.25.501,EE_trial,2022.2.5,59.8107945401297,
,,,,,,1,square,-0.2,0.6,0,square.png,-0.2.png,,,,,0,0,0,0,0,27,27,7,,,,,,,,,,,,,,,,,,,,,,,,,,,,,,,,,,,,,,,,,,,,337.7559570999583,338.212516300031,338.212516300031,0.5074572999728844,-0.24537037037037038,-0.04722222222222222,1,0,0,image_left_es,left,0.6,square,1,-1,1,339.9327977000503,339.9327977000503,,,Saloni,001,2023-04-14_21h49.25.501,EE_trial,2022.2.5,59.8107945401297,
,,,,,,1,,,,,,,,,,,0,0,0,0,,,,,,,,,,,,,,,,,,,,,,,,,,,,,,,,,,,,,,,,,,,,,,,,,,,,,,,,,,,,,,,,,,,,Saloni,001,2023-04-14_21h49.25.501,EE_trial,2022.2.5,59.8107945401297,
,,,,,,3,triangle,-0.4,0.4,0.3,triangle.png,-0.4.png,,,,,0,1,1,1,0,0,0,2,,,,,,,,,,,,,,,,,,,,,,,,,,,,,,,,,,,,,,,,,,,,340.52122190000955,340.93081769999117,340.93081769999117,0.5125619999598712,-0.27037037037037037,0.021296296296296296,1,0,0,image_left_es,left,0.4,triangle,-1,-1,-1,343.07966689998284,343.07966689998284,343.61112230003346,343.61112230003346,Saloni,001,2023-04-14_21h49.25.501,EE_trial,2022.2.5,59.8107945401297,
,,,,,,3,cross,0.2,0.1,0.2,cross.png,0.2.png,,,,,0,1,1,1,0,1,1,20,,,,,,,,,,,,,,,,,,,,,,,,,,,,,,,,,,,,,,,,,,,,343.61112230003346,344.0787614999572,344.0787614999572,0.5137047000462189,0.5787037037037037,0.18981481481481483,1,0,0,image_right_es,right,0.2,0.2,-1,1,1,348.33546520001255,348.33546520001255,,,Saloni,001,2023-04-14_21h49.25.501,EE_trial,2022.2.5,59.8107945401297,
,,,,,,3,cross,0.4,0.1,0.7,cross.png,0.4.png,,,,,0,1,1,1,0,2,2,18,,,,,,,,,,,,,,,,,,,,,,,,,,,,,,,,,,,,,,,,,,,,348.87840940000024,349.3284362000413,349.3284362000413,0.5090676000108942,0.2064814814814815,0.006481481481481481,1,0,0,image_right_es,right,0.7,0.4,-1,1,1,356.0585454000393,356.0585454000393,356.5915496000089,356.5915496000089,Saloni,001,2023-04-14_21h49.25.501,EE_trial,2022.2.5,59.8107945401297,
,,,,,,3,cross,0,0.1,0.5,cross.png,0.png,,,,,0,1,1,1,0,3,3,17,,,,,,,,,,,,,,,,,,,,,,,,,,,,,,,,,,,,,,,,,,,,356.5915496000089,357.0604282999411,357.0604282999411,0.5156055999686942,0.4527777777777778,-0.07685185185185185,1,0,0,image_right_es,right,0.5,0,1,1,1,362.8813134999946,362.8813134999946,,,Saloni,001,2023-04-14_21h49.25.501,EE_trial,2022.2.5,59.8107945401297,
,,,,,,3,square,0.8,0.6,0.9,square.png,0.8.png,,,,,0,1,1,1,0,4,4,12,,,,,,,,,,,,,,,,,,,,,,,,,,,,,,,,,,,,,,,,,,,,363.4060868000379,363.87527149997186,363.87527149997186,0.5094241000479087,0.28703703703703703,0.08055555555555556,1,0,0,image_right_es,right,0.9,0.8,-1,1,1,368.82230430003256,368.82230430003256,369.35962689993903,369.35962689993903,Saloni,001,2023-04-14_21h49.25.501,EE_trial,2022.2.5,59.8107945401297,
,,,,,,3,cross,0.8,0.1,0.9,cross.png,0.8.png,,,,,0,1,1,1,0,5,5,19,,,,,,,,,,,,,,,,,,,,,,,,,,,,,,,,,,,,,,,,,,,,369.35962689993903,369.823717399966,369.823717399966,0.5148500999202952,0.21388888888888888,-0.07407407407407407,1,0,0,image_right_es,right,0.9,0.8,-1,1,1,373.8043983000098,373.8043983000098,374.3419393999502,374.3419393999502,Saloni,001,2023-04-14_21h49.25.501,EE_trial,2022.2.5,59.8107945401297,
,,,,,,3,triangle,-0.8,0.4,0.1,triangle.png,-0.8.png,,,,,0,1,1,1,0,6,6,1,,,,,,,,,,,,,,,,,,,,,,,,,,,,,,,,,,,,,,,,,,,,374.3419393999502,374.80492949998006,374.80492949998006,0.5140484999865294,-0.3472222222222222,0.03148148148148148,1,0,0,image_left_es,left,0.4,triangle,1,-1,1,376.2427132000448,376.2427132000448,,,Saloni,001,2023-04-14_21h49.25.501,EE_trial,2022.2.5,59.8107945401297,
,,,,,,3,triangle,-0.2,0.4,0,triangle.png,-0.2.png,,,,,0,1,1,1,0,7,7,0,,,,,,,,,,,,,,,,,,,,,,,,,,,,,,,,,,,,,,,,,,,,376.7854862000095,377.23728560004383,377.23728560004383,0.5103188999928534,-0.29074074074074074,-0.023148148148148147,1,0,0,image_left_es,left,0.4,triangle,-1,-1,-1,380.3516412000172,380.3516412000172,,,Saloni,001,2023-04-14_21h49.25.501,EE_trial,2022.2.5,59.8107945401297,
,,,,,,3,square,0.4,0.6,0.7,square.png,0.4.png,,,,,0,1,1,1,0,8,8,11,,,,,,,,,,,,,,,,,,,,,,,,,,,,,,,,,,,,,,,,,,,,380.86284209997393,381.335609999951,381.335609999951,0.5063822999363765,-0.32407407407407407,0.023148148148148147,1,0,0,image_left_es,left,0.6,square,1,1,1,385.8526260999497,385.8526260999497,,,Saloni,001,2023-04-14_21h49.25.501,EE_trial,2022.2.5,59.8107945401297,
,,,,,,3,circle,0.4,0.9,0.7,circle.png,0.4.png,,,,,0,1,1,1,0,9,9,25,,,,,,,,,,,,,,,,,,,,,,,,,,,,,,,,,,,,,,,,,,,,386.38411450001877,386.8347892999882,386.8347892999882,0.500681999954395,-0.32407407407407407,0.023148148148148147,1,0,0,image_left_es,left,0.9,circle,1,-1,1,387.8221613999922,387.8221613999922,,,Saloni,001,2023-04-14_21h49.25.501,EE_trial,2022.2.5,59.8107945401297,
,,,,,,3,circle,-0.2,0.9,0,circle.png,-0.2.png,,,,,0,1,1,1,0,10,10,21,,,,,,,,,,,,,,,,,,,,,,,,,,,,,,,,,,,,,,,,,,,,388.3656262999866,388.81666250003036,388.81666250003036,0.509971100022085,-0.32407407407407407,0.023148148148148147,1,0,0,image_left_es,left,0.9,circle,1,-1,1,390.2227350999601,390.2227350999601,,,Saloni,001,2023-04-14_21h49.25.501,EE_trial,2022.2.5,59.8107945401297,
,,,,,,3,cross,-0.4,0.1,0.3,cross.png,-0.4.png,,,,,0,1,1,1,0,11,11,16,,,,,,,,,,,,,,,,,,,,,,,,,,,,,,,,,,,,,,,,,,,,390.76956679997966,391.2184997999575,391.2184997999575,0.5114963999949396,-0.32407407407407407,0.023148148148148147,1,0,0,image_left_es,left,0.1,cross,-1,-1,-1,392.57425039994996,392.57425039994996,,,Saloni,001,2023-04-14_21h49.25.501,EE_trial,2022.2.5,59.8107945401297,
,,,,,,3,square,-0.2,0.6,0,square.png,-0.2.png,,,,,0,1,1,1,0,12,12,7,,,,,,,,,,,,,,,,,,,,,,,,,,,,,,,,,,,,,,,,,,,,393.1155567000387,393.56703040003777,393.56703040003777,0.5089318000245839,-0.27037037037037037,0.023148148148148147,1,0,0,image_left_es,left,0.6,square,1,-1,1,395.3229927000357,395.3229927000357,,,Saloni,001,2023-04-14_21h49.25.501,EE_trial,2022.2.5,59.8107945401297,
,,,,,,3,triangle,0.8,0.4,0.9,triangle.png,0.8.png,,,,,0,1,1,1,0,13,13,5,,,,,,,,,,,,,,,,,,,,,,,,,,,,,,,,,,,,,,,,,,,,395.8728093999671,396.3163639999693,396.3163639999693,0.5071570000145584,0.3685185185185185,-0.07222222222222222,1,0,0,image_right_es,right,0.9,0.8,-1,1,1,400.8240190000506,400.8240190000506,,,Saloni,001,2023-04-14_21h49.25.501,EE_trial,2022.2.5,59.8107945401297,
,,,,,,3,circle,0.2,0.9,0.2,circle.png,0.2.png,,,,,0,1,1,1,0,14,14,27,,,,,,,,,,,,,,,,,,,,,,,,,,,,,,,,,,,,,,,,,,,,401.3709233000409,401.81560249999166,401.81560249999166,0.5091708999825642,-0.28703703703703703,0.01574074074074074,1,0,0,image_left_es,left,0.9,circle,1,-1,1,403.76231499994174,403.76231499994174,,,Saloni,001,2023-04-14_21h49.25.501,EE_trial,2022.2.5,59.8107945401297,
,,,,,,3,triangle,0.4,0.4,0.7,triangle.png,0.4.png,,,,,0,1,1,1,0,15,15,4,,,,,,,,,,,,,,,,,,,,,,,,,,,,,,,,,,,,,,,,,,,,404.3027855999535,404.74869429995306,404.74869429995306,0.5074944000225514,0.4398148148148148,-0.175,1,0,0,image_right_es,right,0.7,0.4,-1,-1,-1,408.9364930000156,408.9364930000156,,,Saloni,001,2023-04-14_21h49.25.501,EE_trial,2022.2.5,59.8107945401297,
,,,,,,3,circle,-0.4,0.9,0.3,circle.png,-0.4.png,,,,,0,1,1,1,0,16,16,23,,,,,,,,,,,,,,,,,,,,,,,,,,,,,,,,,,,,,,,,,,,,409.4754571999656,409.9304815999931,409.9304815999931,0.5098797000246122,-0.26296296296296295,0.006481481481481481,1,0,0,image_left_es,left,0.9,circle,1,1,1,411.20695529994555,411.20695529994555,,,Saloni,001,2023-04-14_21h49.25.501,EE_trial,2022.2.5,59.8107945401297,
,,,,,,3,cross,-0.2,0.1,0,cross.png,-0.2.png,,,,,0,1,1,1,0,17,17,14,,,,,,,,,,,,,,,,,,,,,,,,,,,,,,,,,,,,,,,,,,,,411.7442698000232,412.1954443999566,412.1954443999566,0.5033659000182524,-0.26296296296296295,0.006481481481481481,1,0,0,image_left_es,left,0.1,cross,-1,-1,-1,413.5273649999872,413.5273649999872,,,Saloni,001,2023-04-14_21h49.25.501,EE_trial,2022.2.5,59.8107945401297,
,,,,,,3,square,-0.4,0.6,0.3,square.png,-0.4.png,,,,,0,1,1,1,0,18,18,9,,,,,,,,,,,,,,,,,,,,,,,,,,,,,,,,,,,,,,,,,,,,414.0805833999766,414.52868999994826,414.52868999994826,0.5150012000231072,-0.26296296296296295,0.006481481481481481,1,0,0,image_left_es,left,0.6,square,-1,-1,-1,415.5926469999831,415.5926469999831,,,Saloni,001,2023-04-14_21h49.25.501,EE_trial,2022.2.5,59.8107945401297,
,,,,,,3,square,0,0.6,0.5,square.png,0.png,,,,,0,1,1,1,0,19,19,10,,,,,,,,,,,,,,,,,,,,,,,,,,,,,,,,,,,,,,,,,,,,416.1034047999419,416.57813569996506,416.57813569996506,0.5059286000905558,-0.3175925925925926,0.010185185185185186,1,0,0,image_left_es,left,0.6,square,-1,-1,-1,419.33226209995337,419.33226209995337,,,Saloni,001,2023-04-14_21h49.25.501,EE_trial,2022.2.5,59.8107945401297,
,,,,,,3,cross,-0.8,0.1,0.1,cross.png,-0.8.png,,,,,0,1,1,1,0,20,20,15,,,,,,,,,,,,,,,,,,,,,,,,,,,,,,,,,,,,,,,,,,,,419.85420840000734,420.32605479995254,420.32605479995254,0.5085842999396846,-0.3509259259259259,-0.007407407407407408,1,0,0,image_left_es,left,0.1,cross,1,1,1,421.77681760000996,421.77681760000996,,,Saloni,001,2023-04-14_21h49.25.501,EE_trial,2022.2.5,59.8107945401297,
,,,,,,3,circle,0,0.9,0.5,circle.png,0.png,,,,,0,1,1,1,0,21,21,24,,,,,,,,,,,,,,,,,,,,,,,,,,,,,,,,,,,,,,,,,,,,422.3035145000322,422.7744509000331,422.7744509000331,0.5113270001020283,-0.3509259259259259,-0.007407407407407408,1,0,0,image_left_es,left,0.9,circle,1,1,1,423.6419101000065,423.6419101000065,424.1771593999583,424.1771593999583,Saloni,001,2023-04-14_21h49.25.501,EE_trial,2022.2.5,59.8107945401297,
,,,,,,3,triangle,0,0.4,0.5,triangle.png,0.png,,,,,0,1,1,1,0,22,22,3,,,,,,,,,,,,,,,,,,,,,,,,,,,,,,,,,,,,,,,,,,,,424.1771593999583,424.6427778999787,424.6427778999787,0.5152070999611169,-0.3509259259259259,-0.007407407407407408,1,0,0,image_left_es,left,0.4,triangle,1,1,1,425.84964290005155,425.84964290005155,,,Saloni,001,2023-04-14_21h49.25.501,EE_trial,2022.2.5,59.8107945401297,
,,,,,,3,triangle,0.2,0.4,0.2,triangle.png,0.2.png,,,,,0,1,1,1,0,23,23,6,,,,,,,,,,,,,,,,,,,,,,,,,,,,,,,,,,,,,,,,,,,,426.38890360004734,426.844360099989,426.844360099989,0.5104386999737471,0.5518518518518518,-0.10925925925925926,1,0,0,image_right_es,right,0.2,0.2,-1,-1,-1,430.628571499954,430.628571499954,,,Saloni,001,2023-04-14_21h49.25.501,EE_trial,2022.2.5,59.8107945401297,
,,,,,,3,circle,-0.8,0.9,0.1,circle.png,-0.8.png,,,,,0,1,1,1,0,24,24,22,,,,,,,,,,,,,,,,,,,,,,,,,,,,,,,,,,,,,,,,,,,,431.16223500005435,431.62484619999304,431.62484619999304,0.512377499951981,-0.2657407407407407,0.004629629629629629,1,0,0,image_left_es,left,0.9,circle,1,-1,1,432.64676679996774,432.64676679996774,,,Saloni,001,2023-04-14_21h49.25.501,EE_trial,2022.2.5,59.8107945401297,
,,,,,,3,square,-0.8,0.6,0.1,square.png,-0.8.png,,,,,0,1,1,1,0,25,25,8,,,,,,,,,,,,,,,,,,,,,,,,,,,,,,,,,,,,,,,,,,,,433.17069970001467,433.6443163000513,433.6443163000513,0.5133970000315458,-0.2657407407407407,0.004629629629629629,1,0,0,image_left_es,left,0.6,square,-1,-1,-1,434.5951087999856,434.5951087999856,,,Saloni,001,2023-04-14_21h49.25.501,EE_trial,2022.2.5,59.8107945401297,
,,,,,,3,circle,0.8,0.9,0.9,circle.png,0.8.png,,,,,0,1,1,1,0,26,26,26,,,,,,,,,,,,,,,,,,,,,,,,,,,,,,,,,,,,,,,,,,,,435.13916739996057,435.5894595000427,435.5894595000427,0.5099966000998393,-0.2657407407407407,0.004629629629629629,1,0,0,image_left_es,left,0.9,circle,1,1,1,436.0774252000265,436.0774252000265,,,Saloni,001,2023-04-14_21h49.25.501,EE_trial,2022.2.5,59.8107945401297,
,,,,,,3,square,0.2,0.6,0.2,square.png,0.2.png,,,,,0,1,1,1,0,27,27,13,,,,,,,,,,,,,,,,,,,,,,,,,,,,,,,,,,,,,,,,,,,,436.6210014000535,437.0739393000258,437.0739393000258,0.5119071000954136,-0.2657407407407407,0.004629629629629629,1,0,0,image_left_es,left,0.6,square,-1,-1,-1,438.4806901999982,438.4806901999982,,,Saloni,001,2023-04-14_21h49.25.501,EE_trial,2022.2.5,59.8107945401297,
,,,,,,3,,,,,,,,,,,0,1,1,1,,,,,,,,,,,,,,,,,,,,,,,,,,,,,,,,,,,,,,,,,,,,,,,,,,,,,,,,,,,,,,,,,,,,Saloni,001,2023-04-14_21h49.25.501,EE_trial,2022.2.5,59.8107945401297,
,,,,,,5,square,-0.2,0.6,0,square.png,-0.2.png,,,,,0,2,2,2,0,0,0,7,,,,,,,,,,,,,,,,,,,,,,,,,,,,,,,,,,,,,,,,,,,,439.0600071999943,439.4722084000241,439.4722084000241,0.5084740999154747,-0.2675925925925926,-0.002777777777777778,1,0,0,image_left_es,left,0.6,square,-1,-1,-1,441.41052579996176,441.41052579996176,,,Saloni,001,2023-04-14_21h49.25.501,EE_trial,2022.2.5,59.8107945401297,
,,,,,,5,circle,-0.2,0.9,0,circle.png,-0.2.png,,,,,0,2,2,2,0,1,1,21,,,,,,,,,,,,,,,,,,,,,,,,,,,,,,,,,,,,,,,,,,,,441.945421100012,442.4047253000317,442.4047253000317,0.5095065999776125,-0.2675925925925926,-0.002777777777777778,1,0,0,image_left_es,left,0.9,circle,1,-1,1,443.33690400002524,443.33690400002524,443.85109739995096,443.85109739995096,Saloni,001,2023-04-14_21h49.25.501,EE_trial,2022.2.5,59.8107945401297,
,,,,,,5,triangle,-0.2,0.4,0,triangle.png,-0.2.png,,,,,0,2,2,2,0,2,2,0,,,,,,,,,,,,,,,,,,,,,,,,,,,,,,,,,,,,,,,,,,,,443.85109739995096,444.33657080004923,444.33657080004923,0.513430800056085,0.39166666666666666,0.16203703703703703,1,0,0,image_right_es,right,0,-0.2,1,-1,-1,450.01832210004795,450.01832210004795,450.5522443000227,450.5522443000227,Saloni,001,2023-04-14_21h49.25.501,EE_trial,2022.2.5,59.8107945401297,
,,,,,,5,square,0.4,0.6,0.7,square.png,0.4.png,,,,,0,2,2,2,0,3,3,11,,,,,,,,,,,,,,,,,,,,,,,,,,,,,,,,,,,,,,,,,,,,450.5522443000227,451.01945250004064,451.01945250004064,0.5141075999708846,0.5314814814814814,-0.13796296296296295,1,0,0,image_right_es,right,0.7,0.4,1,1,1,457.7123061999446,457.7123061999446,,,Saloni,001,2023-04-14_21h49.25.501,EE_trial,2022.2.5,59.8107945401297,
,,,,,,5,triangle,0.4,0.4,0.7,triangle.png,0.4.png,,,,,0,2,2,2,0,4,4,4,,,,,,,,,,,,,,,,,,,,,,,,,,,,,,,,,,,,,,,,,,,,458.23961329995655,458.70288120000623,458.70288120000623,0.5082327999407426,0.5231481481481481,-0.19722222222222222,1,0,0,image_right_es,right,0.7,0.4,1,1,1,464.47934830002487,464.47934830002487,,,Saloni,001,2023-04-14_21h49.25.501,EE_trial,2022.2.5,59.8107945401297,
,,,,,,5,triangle,-0.8,0.4,0.1,triangle.png,-0.8.png,,,,,0,2,2,2,0,5,5,1,,,,,,,,,,,,,,,,,,,,,,,,,,,,,,,,,,,,,,,,,,,,465.0046336000087,465.46437249996234,465.46437249996234,0.5037806000327691,-0.2361111111111111,0.008333333333333333,1,0,0,image_left_es,left,0.4,triangle,1,1,1,467.00228180002887,467.00228180002887,,,Saloni,001,2023-04-14_21h49.25.501,EE_trial,2022.2.5,59.8107945401297,
,,,,,,5,triangle,0.2,0.4,0.2,triangle.png,0.2.png,,,,,0,2,2,2,0,6,6,6,,,,,,,,,,,,,,,,,,,,,,,,,,,,,,,,,,,,,,,,,,,,467.5473656000104,467.99994969996624,467.99994969996624,0.5126051000552252,0.4675925925925926,-0.17777777777777778,1,0,0,image_right_es,right,0.2,0.2,-1,-1,-1,474.6419150000438,474.6419150000438,,,Saloni,001,2023-04-14_21h49.25.501,EE_trial,2022.2.5,59.8107945401297,
,,,,,,5,cross,-0.8,0.1,0.1,cross.png,-0.8.png,,,,,0,2,2,2,0,7,7,15,,,,,,,,,,,,,,,,,,,,,,,,,,,,,,,,,,,,,,,,,,,,475.1815387000097,475.62966570002027,475.62966570002027,0.5028909000102431,-0.29907407407407405,0.05555555555555555,1,0,0,image_left_es,left,0.1,cross,-1,-1,-1,476.917830600054,476.917830600054,,,Saloni,001,2023-04-14_21h49.25.501,EE_trial,2022.2.5,59.8107945401297,
,,,,,,5,circle,0.4,0.9,0.7,circle.png,0.4.png,,,,,0,2,2,2,0,8,8,25,,,,,,,,,,,,,,,,,,,,,,,,,,,,,,,,,,,,,,,,,,,,477.4554688000353,477.9126086999895,477.9126086999895,0.5099471999565139,-0.29907407407407405,0.05555555555555555,1,0,0,image_left_es,left,0.9,circle,1,1,1,478.33408619998954,478.33408619998954,,,Saloni,001,2023-04-14_21h49.25.501,EE_trial,2022.2.5,59.8107945401297,
,,,,,,5,cross,0.2,0.1,0.2,cross.png,0.2.png,,,,,0,2,2,2,0,9,9,20,,,,,,,,,,,,,,,,,,,,,,,,,,,,,,,,,,,,,,,,,,,,478.8772541000508,479.3326214000117,479.3326214000117,0.5135037999134511,0.28703703703703703,0.041666666666666664,1,0,0,image_right_es,right,0.2,0.2,-1,-1,-1,485.38544600002933,485.38544600002933,,,Saloni,001,2023-04-14_21h49.25.501,EE_trial,2022.2.5,59.8107945401297,
,,,,,,5,cross,-0.4,0.1,0.3,cross.png,-0.4.png,,,,,0,2,2,2,0,10,10,16,,,,,,,,,,,,,,,,,,,,,,,,,,,,,,,,,,,,,,,,,,,,485.9364218999399,486.3785360000329,486.3785360000329,0.5105675000231713,-0.3537037037037037,-0.008333333333333333,1,0,0,image_left_es,left,0.1,cross,-1,-1,-1,489.88417039997876,489.88417039997876,,,Saloni,001,2023-04-14_21h49.25.501,EE_trial,2022.2.5,59.8107945401297,
,,,,,,5,cross,0,0.1,0.5,cross.png,0.png,,,,,0,2,2,2,0,11,11,17,,,,,,,,,,,,,,,,,,,,,,,,,,,,,,,,,,,,,,,,,,,,490.4362438999815,490.8763106999686,490.8763106999686,0.5073351999744773,0.13240740740740742,-0.049074074074074076,1,0,0,image_right_es,right,0.5,0,-1,1,1,498.74879260000307,498.74879260000307,,,Saloni,001,2023-04-14_21h49.25.501,EE_trial,2022.2.5,59.8107945401297,
,,,,,,5,circle,-0.4,0.9,0.3,circle.png,-0.4.png,,,,,0,2,2,2,0,12,12,23,,,,,,,,,,,,,,,,,,,,,,,,,,,,,,,,,,,,,,,,,,,,499.29497609997634,499.7418319999706,499.7418319999706,0.5101715999189764,-0.3,-0.03981481481481482,1,0,0,image_left_es,left,0.9,circle,1,1,1,500.5618360999506,500.5618360999506,,,Saloni,001,2023-04-14_21h49.25.501,EE_trial,2022.2.5,59.8107945401297,
,,,,,,5,triangle,0,0.4,0.5,triangle.png,0.png,,,,,0,2,2,2,0,13,13,3,,,,,,,,,,,,,,,,,,,,,,,,,,,,,,,,,,,,,,,,,,,,501.1100137999747,501.5566489000339,501.5566489000339,0.5109869999578223,0.48518518518518516,-0.22777777777777777,1,0,0,image_right_es,right,0.5,0,-1,-1,-1,506.9397307999898,506.9397307999898,507.4784194000531,507.4784194000531,Saloni,001,2023-04-14_21h49.25.501,EE_trial,2022.2.5,59.8107945401297,
,,,,,,5,square,-0.4,0.6,0.3,square.png,-0.4.png,,,,,0,2,2,2,0,14,14,9,,,,,,,,,,,,,,,,,,,,,,,,,,,,,,,,,,,,,,,,,,,,507.4784194000531,507.9387669999851,507.9387669999851,0.5126656000502408,-0.28055555555555556,-0.005555555555555556,1,0,0,image_left_es,left,0.6,square,-1,-1,-1,509.28472590004094,509.28472590004094,,,Saloni,001,2023-04-14_21h49.25.501,EE_trial,2022.2.5,59.8107945401297,
,,,,,,5,square,-0.8,0.6,0.1,square.png,-0.8.png,,,,,0,2,2,2,0,15,15,8,,,,,,,,,,,,,,,,,,,,,,,,,,,,,,,,,,,,,,,,,,,,509.82025240000803,510.27142480004113,510.27142480004113,0.5010266000172123,-0.28055555555555556,-0.005555555555555556,1,0,0,image_left_es,left,0.6,square,-1,-1,-1,511.21415000001434,511.21415000001434,,,Saloni,001,2023-04-14_21h49.25.501,EE_trial,2022.2.5,59.8107945401297,
,,,,,,5,cross,0.4,0.1,0.7,cross.png,0.4.png,,,,,0,2,2,2,0,16,16,18,,,,,,,,,,,,,,,,,,,,,,,,,,,,,,,,,,,,,,,,,,,,511.7635884999763,512.2054305999773,512.2054305999773,0.5057126999599859,0.5472222222222223,-0.2361111111111111,1,0,0,image_right_es,right,0.7,0.4,-1,1,1,518.1903675999492,518.1903675999492,,,Saloni,001,2023-04-14_21h49.25.501,EE_trial,2022.2.5,59.8107945401297,
,,,,,,5,circle,-0.8,0.9,0.1,circle.png,-0.8.png,,,,,0,2,2,2,0,17,17,22,,,,,,,,,,,,,,,,,,,,,,,,,,,,,,,,,,,,,,,,,,,,518.7284691999666,519.1849986000452,519.1849986000452,0.5101092000259086,-0.30462962962962964,0.03333333333333333,1,0,0,image_left_es,left,0.9,circle,-1,-1,-1,520.1002421999583,520.1002421999583,,,Saloni,001,2023-04-14_21h49.25.501,EE_trial,2022.2.5,59.8107945401297,
,,,,,,5,cross,-0.2,0.1,0,cross.png,-0.2.png,,,,,0,2,2,2,0,18,18,14,,,,,,,,,,,,,,,,,,,,,,,,,,,,,,,,,,,,,,,,,,,,520.6213296999922,521.0866521999706,521.0866521999706,0.5073242000071332,-0.30462962962962964,0.03333333333333333,1,0,0,image_left_es,left,0.1,cross,-1,-1,-1,522.4496166999452,522.4496166999452,,,Saloni,001,2023-04-14_21h49.25.501,EE_trial,2022.2.5,59.8107945401297,
,,,,,,5,cross,0.8,0.1,0.9,cross.png,0.8.png,,,,,0,2,2,2,0,19,19,19,,,,,,,,,,,,,,,,,,,,,,,,,,,,,,,,,,,,,,,,,,,,522.9781569000334,523.4336463999934,523.4336463999934,0.5051822001114488,0.5277777777777778,-0.10925925925925926,1,0,0,image_right_es,right,0.9,0.8,-1,1,1,529.3997300999472,529.3997300999472,529.9351752999937,529.9351752999937,Saloni,001,2023-04-14_21h49.25.501,EE_trial,2022.2.5,59.8107945401297,
,,,,,,5,circle,0,0.9,0.5,circle.png,0.png,,,,,0,2,2,2,0,20,20,24,,,,,,,,,,,,,,,,,,,,,,,,,,,,,,,,,,,,,,,,,,,,529.9351752999937,530.4009185000323,530.4009185000323,0.5145835999865085,-0.2657407407407407,-0.016666666666666666,1,0,0,image_left_es,left,0.9,circle,1,1,1,531.3926213999512,531.3926213999512,,,Saloni,001,2023-04-14_21h49.25.501,EE_trial,2022.2.5,59.8107945401297,
,,,,,,5,square,0,0.6,0.5,square.png,0.png,,,,,0,2,2,2,0,21,21,10,,,,,,,,,,,,,,,,,,,,,,,,,,,,,,,,,,,,,,,,,,,,531.9320867999922,532.3851756999502,532.3851756999502,0.507049800013192,-0.2657407407407407,-0.016666666666666666,1,0,0,image_left_es,left,0.6,square,1,1,1,533.1694465000182,533.1694465000182,,,Saloni,001,2023-04-14_21h49.25.501,EE_trial,2022.2.5,59.8107945401297,
,,,,,,5,square,0.8,0.6,0.9,square.png,0.8.png,,,,,0,2,2,2,0,22,22,12,,,,,,,,,,,,,,,,,,,,,,,,,,,,,,,,,,,,,,,,,,,,533.7144486999605,534.1654749000445,534.1654749000445,0.5108184000710025,0.2361111111111111,-0.14814814814814814,1,0,0,image_right_es,right,0.9,0.8,-1,1,1,540.1289549999638,540.1289549999638,,,Saloni,001,2023-04-14_21h49.25.501,EE_trial,2022.2.5,59.8107945401297,
,,,,,,5,square,0.2,0.6,0.2,square.png,0.2.png,,,,,0,2,2,2,0,23,23,13,,,,,,,,,,,,,,,,,,,,,,,,,,,,,,,,,,,,,,,,,,,,540.6634009999689,541.1139566999627,541.1139566999627,0.5063545999582857,-0.30092592592592593,0.03796296296296296,1,0,0,image_left_es,left,0.6,square,-1,-1,-1,542.1715722000226,542.1715722000226,,,Saloni,001,2023-04-14_21h49.25.501,EE_trial,2022.2.5,59.8107945401297,
,,,,,,5,triangle,-0.4,0.4,0.3,triangle.png,-0.4.png,,,,,0,2,2,2,0,24,24,2,,,,,,,,,,,,,,,,,,,,,,,,,,,,,,,,,,,,,,,,,,,,542.7129129000241,543.163177200011,543.163177200011,0.5077483000932261,-0.2814814814814815,-0.024074074074074074,1,0,0,image_left_es,left,0.4,triangle,1,1,1,545.5181981000351,545.5181981000351,,,Saloni,001,2023-04-14_21h49.25.501,EE_trial,2022.2.5,59.8107945401297,
,,,,,,5,circle,0.8,0.9,0.9,circle.png,0.8.png,,,,,0,2,2,2,0,25,25,26,,,,,,,,,,,,,,,,,,,,,,,,,,,,,,,,,,,,,,,,,,,,546.0616856999695,546.5145417000167,546.5145417000167,0.5116718999342993,-0.3574074074074074,-0.012962962962962963,1,0,0,image_left_es,left,0.9,circle,1,1,1,548.7372456999728,548.7372456999728,,,Saloni,001,2023-04-14_21h49.25.501,EE_trial,2022.2.5,59.8107945401297,
,,,,,,5,triangle,0.8,0.4,0.9,triangle.png,0.8.png,,,,,0,2,2,2,0,26,26,5,,,,,,,,,,,,,,,,,,,,,,,,,,,,,,,,,,,,,,,,,,,,549.274136699969,549.7271075999597,549.7271075999597,0.5062568000284955,0.15,0.06018518518518518,1,0,0,image_right_es,right,0.9,0.8,-1,-1,-1,555.3515418999596,555.3515418999596,,,Saloni,001,2023-04-14_21h49.25.501,EE_trial,2022.2.5,59.8107945401297,
,,,,,,5,circle,0.2,0.9,0.2,circle.png,0.2.png,,,,,0,2,2,2,0,27,27,27,,,,,,,,,,,,,,,,,,,,,,,,,,,,,,,,,,,,,,,,,,,,555.8923320999602,556.3435822000029,556.3435822000029,0.5080541999777779,-0.25,0.028703703703703703,1,0,0,image_left_es,left,0.9,circle,1,-1,1,557.242889199988,557.242889199988,557.7432445000159,557.7432445000159,Saloni,001,2023-04-14_21h49.25.501,EE_trial,2022.2.5,59.8107945401297,
,,,,,,5,,,,,,,,,,,0,2,2,2,,,,,,,,,,,,,,,,,,,,,,,,,,,,,,,,,,,,,,,,,,,,,,,,,,,,,,,,,,,,,,,,,,,,Saloni,001,2023-04-14_21h49.25.501,EE_trial,2022.2.5,59.8107945401297,
