﻿shape_left,shape_right,probability_left,probability_right,address_left,address_right,shape_left_es,shape_right_es,probability_left_es,probability_right_es,address_left_es,address_right_es,trials.thisRepN,trials.thisTrialN,trials.thisN,trials.thisIndex,trials_es.thisRepN,trials_es.thisTrialN,trials_es.thisN,trials_es.thisIndex,image_left.started,image_right.started,mouse.started,mouse.x,mouse.y,mouse.leftButton,mouse.midButton,mouse.rightButton,mouse.clicked_name,chosen_side,chosen_probability,chosen_shape,outcome_left,outcome_right,chosen_outcome,text.started,image_retained.started,image_left_es.started,image_right_es.started,mouse_es.started,mouse_es.x,mouse_es.y,mouse_es.leftButton,mouse_es.midButton,mouse_es.rightButton,mouse_es.clicked_name,chosen_side_es,chosen_probability_es,chosen_shape_es,outcome_left_es,outcome_right_es,chosen_outcome_es,participant,session,date,expName,psychopyVersion,frameRate,
cross,circle,0.1,0.9,cross.png,circle.png,,,,,,,0,0,0,2,,,,,19.81999909999996,19.81999909999996,0.499985899999956,-0.30092592592592593,-0.014814814814814815,1,0,0,image_left,left,0.1,cross,-1,1,-1,22.401763700000004,22.401763700000004,,,,,,,,,,,,,,,,mohika,001,2023-04-06_22h06.07.557,EE_trial,2022.2.5,143.71883995892668,
cross,circle,0.1,0.9,cross.png,circle.png,,,,,,,0,1,1,2,,,,,24.844153199999994,24.844153199999994,0.5012326000000371,0.32314814814814813,0.022222222222222223,1,0,0,image_right,right,0.9,circle,-1,1,1,27.045287400000007,27.045287400000007,,,,,,,,,,,,,,,,mohika,001,2023-04-06_22h06.07.557,EE_trial,2022.2.5,143.71883995892668,
cross,circle,0.1,0.9,cross.png,circle.png,,,,,,,0,2,2,2,,,,,29.537032599999975,29.537032599999975,0.5038864999999646,-0.32037037037037036,-0.014814814814814815,1,0,0,image_left,left,0.1,cross,-1,1,-1,32.3625634,32.3625634,,,,,,,,,,,,,,,,mohika,001,2023-04-06_22h06.07.557,EE_trial,2022.2.5,143.71883995892668,
square,triangle,0.6,0.4,square.png,triangle.png,,,,,,,0,3,3,1,,,,,34.8543224,34.8543224,0.5033178999999564,0.30925925925925923,-0.03518518518518519,1,0,0,image_right,right,0.4,triangle,1,1,1,36.0753148,36.0753148,,,,,,,,,,,,,,,,mohika,001,2023-04-06_22h06.07.557,EE_trial,2022.2.5,143.71883995892668,
triangle,square,0.4,0.6,triangle.png,square.png,,,,,,,1,0,4,0,,,,,38.566602699999976,38.566602699999976,0.5025183999999854,0.2898148148148148,-0.03611111111111111,1,0,0,image_right,right,0.6,square,-1,-1,-1,39.73929989999999,39.73929989999999,,,,,,,,,,,,,,,,mohika,001,2023-04-06_22h06.07.557,EE_trial,2022.2.5,143.71883995892668,
square,triangle,0.6,0.4,square.png,triangle.png,,,,,,,1,1,5,1,,,,,42.23095119999999,42.23095119999999,0.503048299999989,-0.29444444444444445,-0.023148148148148147,1,0,0,image_left,left,0.6,square,-1,-1,-1,43.44548929999996,43.44548929999996,,,,,,,,,,,,,,,,mohika,001,2023-04-06_22h06.07.557,EE_trial,2022.2.5,143.71883995892668,
triangle,square,0.4,0.6,triangle.png,square.png,,,,,,,1,2,6,0,,,,,45.93713629999996,45.93713629999996,0.5032941000000051,0.25462962962962965,-0.006481481481481481,1,0,0,image_right,right,0.6,square,-1,-1,-1,46.722033899999985,46.722033899999985,,,,,,,,,,,,,,,,mohika,001,2023-04-06_22h06.07.557,EE_trial,2022.2.5,143.71883995892668,
circle,cross,0.9,0.1,circle.png,cross.png,,,,,,,1,3,7,3,,,,,49.21345859999997,49.21345859999997,0.5038955999999644,0.3648148148148148,-0.0712962962962963,1,0,0,image_right,right,0.1,cross,1,-1,-1,51.4699071,51.4699071,,,,,,,,,,,,,,,,mohika,001,2023-04-06_22h06.07.557,EE_trial,2022.2.5,143.71883995892668,
triangle,square,0.4,0.6,triangle.png,square.png,,,,,,,2,0,8,0,,,,,53.96120679999996,53.96120679999996,0.5032679000000257,0.287962962962963,-0.021296296296296296,1,0,0,image_right,right,0.6,square,-1,-1,-1,55.397524299999986,55.397524299999986,,,,,,,,,,,,,,,,mohika,001,2023-04-06_22h06.07.557,EE_trial,2022.2.5,143.71883995892668,
circle,cross,0.9,0.1,circle.png,cross.png,,,,,,,2,1,9,3,,,,,57.88840449999998,57.88840449999998,0.5024981000000253,-0.3296296296296296,-0.01574074074074074,1,0,0,image_left,left,0.9,circle,1,-1,1,58.54722340000001,58.54722340000001,,,,,,,,,,,,,,,,mohika,001,2023-04-06_22h06.07.557,EE_trial,2022.2.5,143.71883995892668,
square,triangle,0.6,0.4,square.png,triangle.png,,,,,,,2,2,10,1,,,,,61.03893310000001,61.03893310000001,0.5032143000000815,-0.31851851851851853,0.023148148148148147,1,0,0,image_left,left,0.6,square,1,1,1,61.64937659999998,61.64937659999998,,,,,,,,,,,,,,,,mohika,001,2023-04-06_22h06.07.557,EE_trial,2022.2.5,143.71883995892668,
triangle,square,0.4,0.6,triangle.png,square.png,,,,,,,2,3,11,0,,,,,64.14128110000001,64.14128110000001,0.5038477000000512,-0.24259259259259258,0.041666666666666664,1,0,0,image_left,left,0.4,triangle,-1,-1,-1,64.78653259999999,64.78653259999999,,,,,,,,,,,,,,,,mohika,001,2023-04-06_22h06.07.557,EE_trial,2022.2.5,143.71883995892668,
circle,cross,0.9,0.1,circle.png,cross.png,,,,,,,3,0,12,3,,,,,67.27787030000002,67.27787030000002,0.5031560000001036,0.3333333333333333,0.005555555555555556,1,0,0,image_right,right,0.1,cross,1,-1,-1,68.89686019999999,68.89686019999999,,,,,,,,,,,,,,,,mohika,001,2023-04-06_22h06.07.557,EE_trial,2022.2.5,143.71883995892668,
cross,circle,0.1,0.9,cross.png,circle.png,,,,,,,3,1,13,2,,,,,71.38835589999997,71.38835589999997,0.5046942999999828,-0.2962962962962963,-0.006481481481481481,1,0,0,image_left,left,0.1,cross,-1,1,-1,72.01998349999997,72.01998349999997,,,,,,,,,,,,,,,,mohika,001,2023-04-06_22h06.07.557,EE_trial,2022.2.5,143.71883995892668,
circle,cross,0.9,0.1,circle.png,cross.png,,,,,,,3,2,14,3,,,,,74.51148209999997,74.51148209999997,0.5036722999999483,0.3527777777777778,0.012962962962962963,1,0,0,image_right,right,0.1,cross,1,-1,-1,74.87157849999994,74.87157849999994,,,,,,,,,,,,,,,,mohika,001,2023-04-06_22h06.07.557,EE_trial,2022.2.5,143.71883995892668,
triangle,square,0.4,0.6,triangle.png,square.png,,,,,,,3,3,15,0,,,,,77.36296900000002,77.36296900000002,0.5027685999999676,-0.25462962962962965,0.011111111111111112,1,0,0,image_left,left,0.4,triangle,1,1,1,77.68846229999997,77.68846229999997,,,,,,,,,,,,,,,,mohika,001,2023-04-06_22h06.07.557,EE_trial,2022.2.5,143.71883995892668,
square,triangle,0.6,0.4,square.png,triangle.png,,,,,,,4,0,16,1,,,,,80.18019549999997,80.18019549999997,0.5032595999999785,-0.20277777777777778,-0.021296296296296296,1,0,0,image_left,left,0.6,square,1,-1,1,80.73462140000004,80.73462140000004,,,,,,,,,,,,,,,,mohika,001,2023-04-06_22h06.07.557,EE_trial,2022.2.5,143.71883995892668,
cross,circle,0.1,0.9,cross.png,circle.png,,,,,,,4,1,17,2,,,,,83.22626830000002,83.22626830000002,0.5026820000000498,-0.2759259259259259,-0.018518518518518517,1,0,0,image_left,left,0.1,cross,1,1,1,83.78799789999994,83.78799789999994,,,,,,,,,,,,,,,,mohika,001,2023-04-06_22h06.07.557,EE_trial,2022.2.5,143.71883995892668,
cross,circle,0.1,0.9,cross.png,circle.png,,,,,,,4,2,18,2,,,,,86.27929859999995,86.27929859999995,0.5024755999999115,-0.33611111111111114,-0.011111111111111112,1,0,0,image_left,left,0.1,cross,-1,1,-1,86.79477789999999,86.79477789999999,,,,,,,,,,,,,,,,mohika,001,2023-04-06_22h06.07.557,EE_trial,2022.2.5,143.71883995892668,
cross,circle,0.1,0.9,cross.png,circle.png,,,,,,,4,3,19,2,,,,,89.27928139999995,89.27928139999995,0.5054532999999992,0.22314814814814815,0.0,1,0,0,image_right,right,0.9,circle,1,1,1,90.29247839999994,90.29247839999994,,,,,,,,,,,,,,,,mohika,001,2023-04-06_22h06.07.557,EE_trial,2022.2.5,143.71883995892668,
triangle,square,0.4,0.6,triangle.png,square.png,,,,,,,5,0,20,0,,,,,92.7840347,92.7840347,0.503167699999949,-0.28703703703703703,0.01574074074074074,1,0,0,image_left,left,0.4,triangle,1,1,1,93.56826460000002,93.56826460000002,,,,,,,,,,,,,,,,mohika,001,2023-04-06_22h06.07.557,EE_trial,2022.2.5,143.71883995892668,
square,triangle,0.6,0.4,square.png,triangle.png,,,,,,,5,1,21,1,,,,,96.0600488,96.0600488,0.5035050000000183,-0.22962962962962963,0.01574074074074074,1,0,0,image_left,left,0.6,square,1,1,1,98.09352379999996,98.09352379999996,,,,,,,,,,,,,,,,mohika,001,2023-04-06_22h06.07.557,EE_trial,2022.2.5,143.71883995892668,
circle,cross,0.9,0.1,circle.png,cross.png,,,,,,,5,2,22,3,,,,,100.58503350000001,100.58503350000001,0.5026698000000351,-0.25555555555555554,-0.07777777777777778,1,0,0,image_left,left,0.9,circle,1,-1,1,101.13985249999996,101.13985249999996,,,,,,,,,,,,,,,,mohika,001,2023-04-06_22h06.07.557,EE_trial,2022.2.5,143.71883995892668,
triangle,square,0.4,0.6,triangle.png,square.png,,,,,,,5,3,23,0,,,,,103.63151400000004,103.63151400000004,0.5034107000000176,-0.2916666666666667,0.028703703703703703,1,0,0,image_left,left,0.4,triangle,-1,1,-1,105.03326670000001,105.03326670000001,,,,,,,,,,,,,,,,mohika,001,2023-04-06_22h06.07.557,EE_trial,2022.2.5,143.71883995892668,
circle,cross,0.9,0.1,circle.png,cross.png,,,,,,,6,0,24,3,,,,,107.52457979999997,107.52457979999997,0.5029892000000018,0.287962962962963,-0.030555555555555555,1,0,0,image_right,right,0.1,cross,1,-1,-1,108.0471986,108.0471986,,,,,,,,,,,,,,,,mohika,001,2023-04-06_22h06.07.557,EE_trial,2022.2.5,143.71883995892668,
cross,circle,0.1,0.9,cross.png,circle.png,,,,,,,6,1,25,2,,,,,110.53191459999994,110.53191459999994,0.499039899999957,-0.24259259259259258,-0.01574074074074074,1,0,0,image_left,left,0.1,cross,-1,1,-1,110.98234070000001,110.98234070000001,,,,,,,,,,,,,,,,mohika,001,2023-04-06_22h06.07.557,EE_trial,2022.2.5,143.71883995892668,
circle,cross,0.9,0.1,circle.png,cross.png,,,,,,,6,2,26,3,,,,,113.47387370000001,113.47387370000001,0.5032800000000179,0.32037037037037036,-0.046296296296296294,1,0,0,image_right,right,0.1,cross,1,-1,-1,114.04942870000002,114.04942870000002,,,,,,,,,,,,,,,,mohika,001,2023-04-06_22h06.07.557,EE_trial,2022.2.5,143.71883995892668,
circle,cross,0.9,0.1,circle.png,cross.png,,,,,,,6,3,27,3,,,,,116.54101379999997,116.54101379999997,0.5030024999999796,-0.3490740740740741,0.023148148148148147,1,0,0,image_left,left,0.9,circle,1,-1,1,116.8803183,116.8803183,,,,,,,,,,,,,,,,mohika,001,2023-04-06_22h06.07.557,EE_trial,2022.2.5,143.71883995892668,
triangle,square,0.4,0.6,triangle.png,square.png,,,,,,,7,0,28,0,,,,,119.37222239999994,119.37222239999994,0.5033213000000387,-0.3490740740740741,0.023148148148148147,1,0,0,image_left,left,0.4,triangle,-1,-1,-1,119.75329679999993,119.75329679999993,,,,,,,,,,,,,,,,mohika,001,2023-04-06_22h06.07.557,EE_trial,2022.2.5,143.71883995892668,
square,triangle,0.6,0.4,square.png,triangle.png,,,,,,,7,1,29,1,,,,,122.24484359999997,122.24484359999997,0.5034941999999774,-0.3490740740740741,0.023148148148148147,1,0,0,image_left,left,0.6,square,-1,-1,-1,122.64710790000004,122.64710790000004,,,,,,,,,,,,,,,,mohika,001,2023-04-06_22h06.07.557,EE_trial,2022.2.5,143.71883995892668,
square,triangle,0.6,0.4,square.png,triangle.png,,,,,,,7,2,30,1,,,,,125.13868509999998,125.13868509999998,0.5034891000000243,0.22870370370370371,0.004629629629629629,1,0,0,image_right,right,0.4,triangle,1,-1,-1,126.65277300000002,126.65277300000002,,,,,,,,,,,,,,,,mohika,001,2023-04-06_22h06.07.557,EE_trial,2022.2.5,143.71883995892668,
circle,cross,0.9,0.1,circle.png,cross.png,,,,,,,7,3,31,3,,,,,129.1443253,129.1443253,0.504431400000044,-0.27314814814814814,0.008333333333333333,1,0,0,image_left,left,0.9,circle,1,-1,1,129.4765569,129.4765569,,,,,,,,,,,,,,,,mohika,001,2023-04-06_22h06.07.557,EE_trial,2022.2.5,143.71883995892668,
triangle,square,0.4,0.6,triangle.png,square.png,,,,,,,8,0,32,0,,,,,131.9678609,131.9678609,0.5024899000000005,-0.27314814814814814,0.008333333333333333,1,0,0,image_left,left,0.4,triangle,-1,-1,-1,132.33498309999993,132.33498309999993,,,,,,,,,,,,,,,,mohika,001,2023-04-06_22h06.07.557,EE_trial,2022.2.5,143.71883995892668,
square,triangle,0.6,0.4,square.png,triangle.png,,,,,,,8,1,33,1,,,,,134.82647989999998,134.82647989999998,0.5028105999999752,-0.27314814814814814,0.008333333333333333,1,0,0,image_left,left,0.6,square,1,1,1,135.186551,135.186551,,,,,,,,,,,,,,,,mohika,001,2023-04-06_22h06.07.557,EE_trial,2022.2.5,143.71883995892668,
circle,cross,0.9,0.1,circle.png,cross.png,,,,,,,8,2,34,3,,,,,137.67810099999997,137.67810099999997,0.5029852999999775,-0.27314814814814814,0.008333333333333333,1,0,0,image_left,left,0.9,circle,1,-1,1,138.00349519999997,138.00349519999997,,,,,,,,,,,,,,,,mohika,001,2023-04-06_22h06.07.557,EE_trial,2022.2.5,143.71883995892668,
cross,circle,0.1,0.9,cross.png,circle.png,,,,,,,8,3,35,2,,,,,140.49468590000004,140.49468590000004,0.5029008000000204,-0.27314814814814814,0.008333333333333333,1,0,0,image_left,left,0.1,cross,-1,1,-1,141.99372570000003,141.99372570000003,,,,,,,,,,,,,,,,mohika,001,2023-04-06_22h06.07.557,EE_trial,2022.2.5,143.71883995892668,
cross,circle,0.1,0.9,cross.png,circle.png,,,,,,,9,0,36,2,,,,,144.48531089999994,144.48531089999994,0.5031552000000374,-0.27314814814814814,0.008333333333333333,1,0,0,image_left,left,0.1,cross,-1,1,-1,144.84718599999997,144.84718599999997,,,,,,,,,,,,,,,,mohika,001,2023-04-06_22h06.07.557,EE_trial,2022.2.5,143.71883995892668,
square,triangle,0.6,0.4,square.png,triangle.png,,,,,,,9,1,37,1,,,,,147.33886729999995,147.33886729999995,0.5049731000000293,-0.27314814814814814,0.008333333333333333,1,0,0,image_left,left,0.6,square,1,1,1,147.6914706,147.6914706,,,,,,,,,,,,,,,,mohika,001,2023-04-06_22h06.07.557,EE_trial,2022.2.5,143.71883995892668,
square,triangle,0.6,0.4,square.png,triangle.png,,,,,,,9,2,38,1,,,,,150.18240500000002,150.18240500000002,0.5019931000000497,-0.27314814814814814,0.008333333333333333,1,0,0,image_left,left,0.6,square,1,-1,1,150.77830789999996,150.77830789999996,,,,,,,,,,,,,,,,mohika,001,2023-04-06_22h06.07.557,EE_trial,2022.2.5,143.71883995892668,
triangle,square,0.4,0.6,triangle.png,square.png,,,,,,,9,3,39,0,,,,,153.26943329999995,153.26943329999995,0.5022000000000162,-0.27314814814814814,0.008333333333333333,1,0,0,image_left,left,0.4,triangle,1,1,1,153.66437569999994,153.66437569999994,,,,,,,,,,,,,,,,mohika,001,2023-04-06_22h06.07.557,EE_trial,2022.2.5,143.71883995892668,
,,,,,,circle,-0.8,0.9,0.1,circle.png,-0.8.png,,,,,0,0,0,22,,,,,,,,,,,,,,,,,,156.15177240000003,156.15177240000003,0.5058923999999934,-0.27314814814814814,0.008333333333333333,1,0,0,image_left_es,left,0.9,circle,1,-1,1,mohika,001,2023-04-06_22h06.07.557,EE_trial,2022.2.5,143.71883995892668,
,,,,,,circle,-0.2,0.9,0,circle.png,-0.2.png,,,,,0,1,1,21,,,,,,,,,,,,,,,,,,157.25302479999993,157.25302479999993,0.5021980999999869,-0.25833333333333336,0.011111111111111112,1,0,0,image_left_es,left,0.9,circle,1,-1,1,mohika,001,2023-04-06_22h06.07.557,EE_trial,2022.2.5,143.71883995892668,
,,,,,,square,0.8,0.6,0.9,square.png,0.8.png,,,,,0,2,2,12,,,,,,,,,,,,,,,,,,160.0141714,160.0141714,0.5025698999999122,0.32314814814814813,0.03888888888888889,1,0,0,image_right_es,right,0.9,0.8,-1,1,1,mohika,001,2023-04-06_22h06.07.557,EE_trial,2022.2.5,143.71883995892668,
,,,,,,cross,0.2,0.1,0.2,cross.png,0.2.png,,,,,0,3,3,20,,,,,,,,,,,,,,,,,,161.664126,161.664126,0.5030851000000212,0.32314814814814813,0.03888888888888889,1,0,0,image_right_es,right,0.2,0.2,-1,-1,-1,mohika,001,2023-04-06_22h06.07.557,EE_trial,2022.2.5,143.71883995892668,
,,,,,,triangle,-0.8,0.4,0.1,triangle.png,-0.8.png,,,,,0,4,4,1,,,,,,,,,,,,,,,,,,163.48766850000004,163.48766850000004,0.502541400000041,-0.28425925925925927,0.024074074074074074,1,0,0,image_left_es,left,0.4,triangle,-1,-1,-1,mohika,001,2023-04-06_22h06.07.557,EE_trial,2022.2.5,143.71883995892668,
,,,,,,triangle,0.4,0.4,0.7,triangle.png,0.4.png,,,,,0,5,5,4,,,,,,,,,,,,,,,,,,165.4916038,165.4916038,0.5027611000000434,0.2740740740740741,0.05740740740740741,1,0,0,image_right_es,right,0.7,0.4,-1,-1,-1,mohika,001,2023-04-06_22h06.07.557,EE_trial,2022.2.5,143.71883995892668,
,,,,,,circle,0,0.9,0.5,circle.png,0.png,,,,,0,6,6,24,,,,,,,,,,,,,,,,,,167.1412954,167.1412954,0.5027208999999857,-0.24074074074074073,-0.018518518518518517,1,0,0,image_left_es,left,0.9,circle,1,1,1,mohika,001,2023-04-06_22h06.07.557,EE_trial,2022.2.5,143.71883995892668,
,,,,,,square,-0.4,0.6,0.3,square.png,-0.4.png,,,,,0,7,7,9,,,,,,,,,,,,,,,,,,168.89871979999998,168.89871979999998,0.5044920999999931,-0.29444444444444445,0.003703703703703704,1,0,0,image_left_es,left,0.6,square,1,-1,1,mohika,001,2023-04-06_22h06.07.557,EE_trial,2022.2.5,143.71883995892668,
,,,,,,square,-0.8,0.6,0.1,square.png,-0.8.png,,,,,0,8,8,8,,,,,,,,,,,,,,,,,,170.80545180000001,170.80545180000001,0.5027166999999508,-0.30277777777777776,-0.026851851851851852,1,0,0,image_left_es,left,0.6,square,1,-1,1,mohika,001,2023-04-06_22h06.07.557,EE_trial,2022.2.5,143.71883995892668,
,,,,,,cross,-0.8,0.1,0.1,cross.png,-0.8.png,,,,,0,9,9,15,,,,,,,,,,,,,,,,,,172.27488370000003,172.27488370000003,0.5025082999999313,-0.30277777777777776,-0.026851851851851852,1,0,0,image_left_es,left,0.1,cross,-1,-1,-1,mohika,001,2023-04-06_22h06.07.557,EE_trial,2022.2.5,143.71883995892668,
,,,,,,square,-0.2,0.6,0,square.png,-0.2.png,,,,,0,10,10,7,,,,,,,,,,,,,,,,,,174.08447319999993,174.08447319999993,0.502349200000026,-0.3,0.001851851851851852,1,0,0,image_left_es,left,0.6,square,-1,-1,-1,mohika,001,2023-04-06_22h06.07.557,EE_trial,2022.2.5,143.71883995892668,
,,,,,,square,0.2,0.6,0.2,square.png,0.2.png,,,,,0,11,11,13,,,,,,,,,,,,,,,,,,175.75524910000001,175.75524910000001,0.502862700000037,0.2972222222222222,0.019444444444444445,1,0,0,image_right_es,right,0.2,0.2,1,1,1,mohika,001,2023-04-06_22h06.07.557,EE_trial,2022.2.5,143.71883995892668,
,,,,,,cross,0.8,0.1,0.9,cross.png,0.8.png,,,,,0,12,12,19,,,,,,,,,,,,,,,,,,177.98825349999993,177.98825349999993,0.5023446999999805,0.2972222222222222,0.019444444444444445,1,0,0,image_right_es,right,0.9,0.8,-1,1,1,mohika,001,2023-04-06_22h06.07.557,EE_trial,2022.2.5,143.71883995892668,
,,,,,,circle,0.4,0.9,0.7,circle.png,0.4.png,,,,,0,13,13,25,,,,,,,,,,,,,,,,,,179.1313086,179.1313086,0.5028641000000107,0.2972222222222222,0.019444444444444445,1,0,0,image_right_es,right,0.7,0.4,1,1,1,mohika,001,2023-04-06_22h06.07.557,EE_trial,2022.2.5,143.71883995892668,
,,,,,,cross,0.4,0.1,0.7,cross.png,0.4.png,,,,,0,14,14,18,,,,,,,,,,,,,,,,,,180.14920629999995,180.14920629999995,0.5028231999999662,0.2972222222222222,0.019444444444444445,1,0,0,image_right_es,right,0.7,0.4,-1,-1,-1,mohika,001,2023-04-06_22h06.07.557,EE_trial,2022.2.5,143.71883995892668,
,,,,,,square,0.4,0.6,0.7,square.png,0.4.png,,,,,0,15,15,11,,,,,,,,,,,,,,,,,,181.23649309999996,181.23649309999996,0.502864499999987,0.2972222222222222,0.019444444444444445,1,0,0,image_right_es,right,0.7,0.4,1,1,1,mohika,001,2023-04-06_22h06.07.557,EE_trial,2022.2.5,143.71883995892668,
,,,,,,cross,-0.2,0.1,0,cross.png,-0.2.png,,,,,0,16,16,14,,,,,,,,,,,,,,,,,,182.15031720000002,182.15031720000002,0.5025297999999339,-0.3314814814814815,-0.03148148148148148,1,0,0,image_left_es,left,0.1,cross,-1,-1,-1,mohika,001,2023-04-06_22h06.07.557,EE_trial,2022.2.5,143.71883995892668,
,,,,,,triangle,-0.2,0.4,0,triangle.png,-0.2.png,,,,,0,17,17,0,,,,,,,,,,,,,,,,,,183.75145959999998,183.75145959999998,0.5021828000000141,-0.31574074074074077,0.013888888888888888,1,0,0,image_left_es,left,0.4,triangle,1,-1,1,mohika,001,2023-04-06_22h06.07.557,EE_trial,2022.2.5,143.71883995892668,
,,,,,,triangle,0.8,0.4,0.9,triangle.png,0.8.png,,,,,0,18,18,5,,,,,,,,,,,,,,,,,,185.10978369999998,185.10978369999998,0.5025808999999981,0.3712962962962963,-0.012037037037037037,1,0,0,image_right_es,right,0.9,0.8,-1,1,1,mohika,001,2023-04-06_22h06.07.557,EE_trial,2022.2.5,143.71883995892668,
,,,,,,circle,0.8,0.9,0.9,circle.png,0.8.png,,,,,0,19,19,26,,,,,,,,,,,,,,,,,,186.69012999999995,186.69012999999995,0.5025998999999501,0.3712962962962963,-0.012037037037037037,1,0,0,image_right_es,right,0.9,0.8,1,1,1,mohika,001,2023-04-06_22h06.07.557,EE_trial,2022.2.5,143.71883995892668,
,,,,,,cross,0,0.1,0.5,cross.png,0.png,,,,,0,20,20,17,,,,,,,,,,,,,,,,,,187.7011377,187.7011377,0.5026364999999942,-0.22685185185185186,-0.058333333333333334,1,0,0,image_left_es,left,0.1,cross,-1,1,-1,mohika,001,2023-04-06_22h06.07.557,EE_trial,2022.2.5,143.71883995892668,
,,,,,,triangle,-0.4,0.4,0.3,triangle.png,-0.4.png,,,,,0,21,21,2,,,,,,,,,,,,,,,,,,189.68448239999998,189.68448239999998,0.5026890999999978,-0.2638888888888889,-0.05277777777777778,1,0,0,image_left_es,left,0.4,triangle,1,-1,1,mohika,001,2023-04-06_22h06.07.557,EE_trial,2022.2.5,143.71883995892668,
,,,,,,circle,0.2,0.9,0.2,circle.png,0.2.png,,,,,0,22,22,27,,,,,,,,,,,,,,,,,,191.74390110000002,191.74390110000002,0.5024184999999761,-0.2638888888888889,-0.05277777777777778,1,0,0,image_left_es,left,0.9,circle,1,-1,1,mohika,001,2023-04-06_22h06.07.557,EE_trial,2022.2.5,143.71883995892668,
,,,,,,triangle,0.2,0.4,0.2,triangle.png,0.2.png,,,,,0,23,23,6,,,,,,,,,,,,,,,,,,193.05364469999995,193.05364469999995,0.5031004999999595,0.2898148148148148,-0.022222222222222223,1,0,0,image_right_es,right,0.2,0.2,-1,-1,-1,mohika,001,2023-04-06_22h06.07.557,EE_trial,2022.2.5,143.71883995892668,
,,,,,,triangle,0,0.4,0.5,triangle.png,0.png,,,,,0,24,24,3,,,,,,,,,,,,,,,,,,194.7797336,194.7797336,0.5024499999999534,0.2898148148148148,-0.022222222222222223,1,0,0,image_right_es,right,0.5,0,-1,-1,-1,mohika,001,2023-04-06_22h06.07.557,EE_trial,2022.2.5,143.71883995892668,
,,,,,,circle,-0.4,0.9,0.3,circle.png,-0.4.png,,,,,0,25,25,23,,,,,,,,,,,,,,,,,,196.0339073,196.0339073,0.5026282000000037,-0.21944444444444444,0.012037037037037037,1,0,0,image_left_es,left,0.9,circle,1,1,1,mohika,001,2023-04-06_22h06.07.557,EE_trial,2022.2.5,143.71883995892668,
,,,,,,cross,-0.4,0.1,0.3,cross.png,-0.4.png,,,,,0,26,26,16,,,,,,,,,,,,,,,,,,198.23235209999996,198.23235209999996,0.5023615000000063,-0.31574074074074077,-0.012962962962962963,1,0,0,image_left_es,left,0.1,cross,-1,1,-1,mohika,001,2023-04-06_22h06.07.557,EE_trial,2022.2.5,143.71883995892668,
,,,,,,square,0,0.6,0.5,square.png,0.png,,,,,0,27,27,10,,,,,,,,,,,,,,,,,,201.49356469999998,201.49356469999998,0.5026464000000033,-0.31574074074074077,-0.012962962962962963,1,0,0,image_left_es,left,0.6,square,-1,-1,-1,mohika,001,2023-04-06_22h06.07.557,EE_trial,2022.2.5,143.71883995892668,
