﻿shape_left,shape_right,probability_left,probability_right,address_left,address_right,shape_left_es,shape_right_es,probability_left_es,probability_right_es,address_left_es,address_right_es,trials.thisRepN,trials.thisTrialN,trials.thisN,trials.thisIndex,trials_es.thisRepN,trials_es.thisTrialN,trials_es.thisN,trials_es.thisIndex,image_left.started,image_right.started,mouse.started,mouse.x,mouse.y,mouse.leftButton,mouse.midButton,mouse.rightButton,mouse.clicked_name,chosen_side,chosen_probability,chosen_shape,outcome_left,outcome_right,chosen_outcome,text.started,image_retained.started,image_left_es.started,image_right_es.started,mouse_es.started,mouse_es.x,mouse_es.y,mouse_es.leftButton,mouse_es.midButton,mouse_es.rightButton,mouse_es.clicked_name,chosen_side_es,chosen_probability_es,chosen_shape_es,outcome_left_es,outcome_right_es,chosen_outcome_es,participant,session,date,expName,psychopyVersion,frameRate,
cross,circle,0.1,0.9,cross.png,circle.png,,,,,,,0,0,0,2,,,,,42.791054129003896,42.791054129003896,0.5142709750070935,-0.2511111111111111,0.043333333333333335,1,0,0,image_left,left,0.1,cross,-1,1,-1,46.26904125500005,46.26904125500005,,,,,,,,,,,,,,,,Jhaansi ,005,2023-04-12_23h45.47.770,EE_trial,2022.2.5,None,
triangle,square,0.4,0.6,triangle.png,square.png,,,,,,,0,1,1,0,,,,,48.68637170299189,48.68637170299189,0.49922443700779695,0.25555555555555554,0.06,1,0,0,image_right,right,0.6,square,1,1,1,50.6629279399931,50.6629279399931,,,,,,,,,,,,,,,,Jhaansi ,005,2023-04-12_23h45.47.770,EE_trial,2022.2.5,None,
cross,circle,0.1,0.9,cross.png,circle.png,,,,,,,0,2,2,2,,,,,53.1279762119957,53.1279762119957,0.5018724309920799,0.25555555555555554,0.06,1,0,0,image_right,right,0.9,circle,-1,1,1,54.24468736500421,54.24468736500421,,,,,,,,,,,,,,,,Jhaansi ,005,2023-04-12_23h45.47.770,EE_trial,2022.2.5,None,
circle,cross,0.9,0.1,circle.png,cross.png,,,,,,,0,3,3,3,,,,,56.737968471992644,56.737968471992644,0.5021647130051861,-0.23777777777777778,0.03777777777777778,1,0,0,image_left,left,0.9,circle,1,1,1,58.996825979993446,58.996825979993446,,,,,,,,,,,,,,,,Jhaansi ,005,2023-04-12_23h45.47.770,EE_trial,2022.2.5,None,
circle,cross,0.9,0.1,circle.png,cross.png,,,,,,,1,0,4,3,,,,,61.46022405500116,61.46022405500116,0.5000557369930902,-0.23777777777777778,0.03777777777777778,1,0,0,image_left,left,0.9,circle,1,-1,1,62.42803204599477,62.42803204599477,,,,,,,,,,,,,,,,Jhaansi ,005,2023-04-12_23h45.47.770,EE_trial,2022.2.5,None,
circle,cross,0.9,0.1,circle.png,cross.png,,,,,,,1,1,5,3,,,,,64.89173121200292,64.89173121200292,0.5005017899966333,-0.23777777777777778,0.03777777777777778,1,0,0,image_left,left,0.9,circle,1,-1,1,65.57062773600046,65.57062773600046,,,,,,,,,,,,,,,,Jhaansi ,005,2023-04-12_23h45.47.770,EE_trial,2022.2.5,None,
triangle,square,0.4,0.6,triangle.png,square.png,,,,,,,1,2,6,0,,,,,68.04143020299671,68.04143020299671,0.5047818919993006,0.2966666666666667,0.09,1,0,0,image_right,right,0.6,square,-1,-1,-1,69.4549177930021,69.4549177930021,,,,,,,,,,,,,,,,Jhaansi ,005,2023-04-12_23h45.47.770,EE_trial,2022.2.5,None,
cross,circle,0.1,0.9,cross.png,circle.png,,,,,,,1,3,7,2,,,,,71.92464623799606,71.92464623799606,0.5039698769978713,0.2966666666666667,0.09,1,0,0,image_right,right,0.9,circle,-1,1,1,72.77157008899667,72.77157008899667,,,,,,,,,,,,,,,,Jhaansi ,005,2023-04-12_23h45.47.770,EE_trial,2022.2.5,None,
cross,circle,0.1,0.9,cross.png,circle.png,,,,,,,2,0,8,2,,,,,75.24163209499966,75.24163209499966,0.5045105359895388,0.2966666666666667,0.09,1,0,0,image_right,right,0.9,circle,-1,1,1,76.0025006079959,76.0025006079959,,,,,,,,,,,,,,,,Jhaansi ,005,2023-04-12_23h45.47.770,EE_trial,2022.2.5,None,
square,triangle,0.6,0.4,square.png,triangle.png,,,,,,,2,1,9,1,,,,,78.47518259299977,78.47518259299977,0.5061060599982738,-0.22777777777777777,-0.0011111111111111111,1,0,0,image_left,left,0.6,square,-1,-1,-1,80.48151882599632,80.48151882599632,,,,,,,,,,,,,,,,Jhaansi ,005,2023-04-12_23h45.47.770,EE_trial,2022.2.5,None,
circle,cross,0.9,0.1,circle.png,cross.png,,,,,,,2,2,10,3,,,,,82.95179303799523,82.95179303799523,0.5023570390039822,-0.22777777777777777,-0.0011111111111111111,1,0,0,image_left,left,0.9,circle,1,-1,1,83.65668456799176,83.65668456799176,,,,,,,,,,,,,,,,Jhaansi ,005,2023-04-12_23h45.47.770,EE_trial,2022.2.5,None,
circle,cross,0.9,0.1,circle.png,cross.png,,,,,,,2,3,11,3,,,,,86.12537074199645,86.12537074199645,0.5035141879925504,-0.22777777777777777,-0.0011111111111111111,1,0,0,image_left,left,0.9,circle,1,1,1,86.87092670399579,86.87092670399579,,,,,,,,,,,,,,,,Jhaansi ,005,2023-04-12_23h45.47.770,EE_trial,2022.2.5,None,
circle,cross,0.9,0.1,circle.png,cross.png,,,,,,,3,0,12,3,,,,,89.34307160299795,89.34307160299795,0.5050302379968343,-0.22777777777777777,-0.0011111111111111111,1,0,0,image_left,left,0.9,circle,1,1,1,89.94850914500421,89.94850914500421,,,,,,,,,,,,,,,,Jhaansi ,005,2023-04-12_23h45.47.770,EE_trial,2022.2.5,None,
square,triangle,0.6,0.4,square.png,triangle.png,,,,,,,3,1,13,1,,,,,92.42074340199179,92.42074340199179,0.5060726030060323,0.2111111111111111,-0.023333333333333334,1,0,0,image_right,right,0.4,triangle,-1,-1,-1,94.20162556899595,94.20162556899595,,,,,,,,,,,,,,,,Jhaansi ,005,2023-04-12_23h45.47.770,EE_trial,2022.2.5,None,
square,triangle,0.6,0.4,square.png,triangle.png,,,,,,,3,2,14,1,,,,,96.68013893099851,96.68013893099851,0.5048965329915518,0.21444444444444444,-0.0033333333333333335,1,0,0,image_right,right,0.4,triangle,1,1,1,98.99241123399406,98.99241123399406,,,,,,,,,,,,,,,,Jhaansi ,005,2023-04-12_23h45.47.770,EE_trial,2022.2.5,None,
cross,circle,0.1,0.9,cross.png,circle.png,,,,,,,3,3,15,2,,,,,101.46383794899157,101.46383794899157,0.5097990990034305,0.21444444444444444,-0.0033333333333333335,1,0,0,image_right,right,0.9,circle,-1,1,1,102.13728405800066,102.13728405800066,,,,,,,,,,,,,,,,Jhaansi ,005,2023-04-12_23h45.47.770,EE_trial,2022.2.5,None,
triangle,square,0.4,0.6,triangle.png,square.png,,,,,,,4,0,16,0,,,,,104.60998689399275,104.60998689399275,0.5081965419958578,0.20666666666666667,-0.0044444444444444444,1,0,0,image_right,right,0.6,square,-1,-1,-1,106.47777663200395,106.47777663200395,,,,,,,,,,,,,,,,Jhaansi ,005,2023-04-12_23h45.47.770,EE_trial,2022.2.5,None,
triangle,square,0.4,0.6,triangle.png,square.png,,,,,,,4,1,17,0,,,,,108.94243588499376,108.94243588499376,0.5002648590016179,-0.34555555555555556,0.011111111111111112,1,0,0,image_left,left,0.4,triangle,-1,-1,-1,110.36547867199988,110.36547867199988,,,,,,,,,,,,,,,,Jhaansi ,005,2023-04-12_23h45.47.770,EE_trial,2022.2.5,None,
triangle,square,0.4,0.6,triangle.png,square.png,,,,,,,4,2,18,0,,,,,112.85341410399997,112.85341410399997,0.5139033570012543,-0.24222222222222223,-0.011111111111111112,1,0,0,image_left,left,0.4,triangle,-1,1,-1,118.6887037819979,118.6887037819979,,,,,,,,,,,,,,,,Jhaansi ,005,2023-04-12_23h45.47.770,EE_trial,2022.2.5,None,
square,triangle,0.6,0.4,square.png,triangle.png,,,,,,,4,3,19,1,,,,,121.15872398699867,121.15872398699867,0.5063354779995279,-0.24222222222222223,-0.011111111111111112,1,0,0,image_left,left,0.6,square,1,1,1,122.21693632200186,122.21693632200186,,,,,,,,,,,,,,,,Jhaansi ,005,2023-04-12_23h45.47.770,EE_trial,2022.2.5,None,
square,triangle,0.6,0.4,square.png,triangle.png,,,,,,,5,0,20,1,,,,,124.68466581999382,124.68466581999382,0.5002273849968333,-0.24222222222222223,-0.011111111111111112,1,0,0,image_left,left,0.6,square,-1,-1,-1,125.47009019899997,125.47009019899997,,,,,,,,,,,,,,,,Jhaansi ,005,2023-04-12_23h45.47.770,EE_trial,2022.2.5,None,
triangle,square,0.4,0.6,triangle.png,square.png,,,,,,,5,1,21,0,,,,,127.94607757100312,127.94607757100312,0.5039409580058418,-0.24222222222222223,-0.011111111111111112,1,0,0,image_left,left,0.4,triangle,1,1,1,129.1824085929984,129.1824085929984,,,,,,,,,,,,,,,,Jhaansi ,005,2023-04-12_23h45.47.770,EE_trial,2022.2.5,None,
circle,cross,0.9,0.1,circle.png,cross.png,,,,,,,5,2,22,3,,,,,131.6530313770054,131.6530313770054,0.503629644998,-0.24222222222222223,-0.011111111111111112,1,0,0,image_left,left,0.9,circle,1,-1,1,132.45428530599747,132.45428530599747,,,,,,,,,,,,,,,,Jhaansi ,005,2023-04-12_23h45.47.770,EE_trial,2022.2.5,None,
circle,cross,0.9,0.1,circle.png,cross.png,,,,,,,5,3,23,3,,,,,134.92717308299325,134.92717308299325,0.5075752379925689,-0.24222222222222223,-0.011111111111111112,1,0,0,image_left,left,0.9,circle,1,-1,1,135.55468820600072,135.55468820600072,,,,,,,,,,,,,,,,Jhaansi ,005,2023-04-12_23h45.47.770,EE_trial,2022.2.5,None,
triangle,square,0.4,0.6,triangle.png,square.png,,,,,,,6,0,24,0,,,,,138.03019578399835,138.03019578399835,0.5013890499976696,-0.24222222222222223,-0.011111111111111112,1,0,0,image_left,left,0.4,triangle,1,1,1,139.1388351439964,139.1388351439964,,,,,,,,,,,,,,,,Jhaansi ,005,2023-04-12_23h45.47.770,EE_trial,2022.2.5,None,
square,triangle,0.6,0.4,square.png,triangle.png,,,,,,,6,1,25,1,,,,,141.60801490700396,141.60801490700396,0.5067845169978682,0.37444444444444447,-0.028888888888888888,1,0,0,image_right,right,0.4,triangle,1,1,1,142.9030357760057,142.9030357760057,,,,,,,,,,,,,,,,Jhaansi ,005,2023-04-12_23h45.47.770,EE_trial,2022.2.5,None,
triangle,square,0.4,0.6,triangle.png,square.png,,,,,,,6,2,26,0,,,,,145.37839240700123,145.37839240700123,0.5037282900011633,-0.23,-0.008888888888888889,1,0,0,image_left,left,0.4,triangle,1,1,1,146.5856785280048,146.5856785280048,,,,,,,,,,,,,,,,Jhaansi ,005,2023-04-12_23h45.47.770,EE_trial,2022.2.5,None,
cross,circle,0.1,0.9,cross.png,circle.png,,,,,,,6,3,27,2,,,,,149.05911340699822,149.05911340699822,0.5078561789996456,0.29777777777777775,0.028888888888888888,1,0,0,image_right,right,0.9,circle,-1,1,1,150.09304080899165,150.09304080899165,,,,,,,,,,,,,,,,Jhaansi ,005,2023-04-12_23h45.47.770,EE_trial,2022.2.5,None,
triangle,square,0.4,0.6,triangle.png,square.png,,,,,,,7,0,28,0,,,,,152.55959117600287,152.55959117600287,0.5011762170033762,-0.22444444444444445,0.01,1,0,0,image_left,left,0.4,triangle,-1,-1,-1,153.56562542800384,153.56562542800384,,,,,,,,,,,,,,,,Jhaansi ,005,2023-04-12_23h45.47.770,EE_trial,2022.2.5,None,
triangle,square,0.4,0.6,triangle.png,square.png,,,,,,,7,1,29,0,,,,,156.05145777500002,156.05145777500002,0.5112306290102424,-0.22444444444444445,0.01,1,0,0,image_left,left,0.4,triangle,1,1,1,157.74749039500603,157.74749039500603,,,,,,,,,,,,,,,,Jhaansi ,005,2023-04-12_23h45.47.770,EE_trial,2022.2.5,None,
circle,cross,0.9,0.1,circle.png,cross.png,,,,,,,7,2,30,3,,,,,160.2241615959938,160.2241615959938,0.500902663989109,-0.22444444444444445,0.01,1,0,0,image_left,left,0.9,circle,1,-1,1,161.6157717939932,161.6157717939932,,,,,,,,,,,,,,,,Jhaansi ,005,2023-04-12_23h45.47.770,EE_trial,2022.2.5,None,
cross,circle,0.1,0.9,cross.png,circle.png,,,,,,,7,3,31,2,,,,,164.09267504699528,164.09267504699528,0.5020859579963144,0.28,-0.0022222222222222222,1,0,0,image_right,right,0.9,circle,1,1,1,165.23791217600228,165.23791217600228,,,,,,,,,,,,,,,,Jhaansi ,005,2023-04-12_23h45.47.770,EE_trial,2022.2.5,None,
square,triangle,0.6,0.4,square.png,triangle.png,,,,,,,8,0,32,1,,,,,167.709947440002,167.709947440002,0.5083951029955642,0.2544444444444444,0.02,1,0,0,image_right,right,0.4,triangle,1,1,1,169.4696985030023,169.4696985030023,,,,,,,,,,,,,,,,Jhaansi ,005,2023-04-12_23h45.47.770,EE_trial,2022.2.5,None,
square,triangle,0.6,0.4,square.png,triangle.png,,,,,,,8,1,33,1,,,,,171.94663479700102,171.94663479700102,0.5006929960072739,0.3,-0.023333333333333334,1,0,0,image_right,right,0.4,triangle,1,1,1,173.6204008999921,173.6204008999921,,,,,,,,,,,,,,,,Jhaansi ,005,2023-04-12_23h45.47.770,EE_trial,2022.2.5,None,
circle,cross,0.9,0.1,circle.png,cross.png,,,,,,,8,2,34,3,,,,,176.09640794000006,176.09640794000006,0.5011728429963114,-0.2833333333333333,0.0011111111111111111,1,0,0,image_left,left,0.9,circle,1,-1,1,177.08196811900416,177.08196811900416,,,,,,,,,,,,,,,,Jhaansi ,005,2023-04-12_23h45.47.770,EE_trial,2022.2.5,None,
square,triangle,0.6,0.4,square.png,triangle.png,,,,,,,8,3,35,1,,,,,179.55496297200443,179.55496297200443,0.510170741006732,0.2688888888888889,-0.01888888888888889,1,0,0,image_right,right,0.4,triangle,1,-1,-1,180.68198728800053,180.68198728800053,,,,,,,,,,,,,,,,Jhaansi ,005,2023-04-12_23h45.47.770,EE_trial,2022.2.5,None,
cross,circle,0.1,0.9,cross.png,circle.png,,,,,,,9,0,36,2,,,,,183.1672294989985,183.1672294989985,0.5101495410053758,0.2688888888888889,-0.01888888888888889,1,0,0,image_right,right,0.9,circle,-1,-1,-1,183.88223457199638,183.88223457199638,,,,,,,,,,,,,,,,Jhaansi ,005,2023-04-12_23h45.47.770,EE_trial,2022.2.5,None,
square,triangle,0.6,0.4,square.png,triangle.png,,,,,,,9,1,37,1,,,,,186.3501807309949,186.3501807309949,0.4998112419998506,0.2688888888888889,-0.01888888888888889,1,0,0,image_right,right,0.4,triangle,-1,-1,-1,187.3237941260013,187.3237941260013,,,,,,,,,,,,,,,,Jhaansi ,005,2023-04-12_23h45.47.770,EE_trial,2022.2.5,None,
cross,circle,0.1,0.9,cross.png,circle.png,,,,,,,9,2,38,2,,,,,189.79184478400566,189.79184478400566,0.5034899980091723,0.24333333333333335,-0.021111111111111112,1,0,0,image_right,right,0.9,circle,-1,-1,-1,190.51175458800572,190.51175458800572,,,,,,,,,,,,,,,,Jhaansi ,005,2023-04-12_23h45.47.770,EE_trial,2022.2.5,None,
cross,circle,0.1,0.9,cross.png,circle.png,,,,,,,9,3,39,2,,,,,192.98997230900568,192.98997230900568,0.5002572829980636,-0.23222222222222222,-0.023333333333333334,1,0,0,image_left,left,0.1,cross,-1,1,-1,194.55204205500195,194.55204205500195,,,,,,,,,,,,,,,,Jhaansi ,005,2023-04-12_23h45.47.770,EE_trial,2022.2.5,None,
,,,,,,cross,-0.2,0.1,0,cross.png,-0.2.png,,,,,0,0,0,14,,,,,,,,,,,,,,,,,,197.04152885499934,197.04152885499934,0.5000304909917759,0.25666666666666665,-0.0033333333333333335,1,0,0,image_right_es,right,0,-0.2,1,-1,-1,Jhaansi ,005,2023-04-12_23h45.47.770,EE_trial,2022.2.5,None,
,,,,,,square,-0.8,0.6,0.1,square.png,-0.8.png,,,,,0,1,1,8,,,,,,,,,,,,,,,,,,203.97880655300105,203.97880655300105,0.5011178389977431,0.25,-0.05333333333333334,1,0,0,image_right_es,right,0.1,-0.8,1,1,1,Jhaansi ,005,2023-04-12_23h45.47.770,EE_trial,2022.2.5,None,
,,,,,,square,-0.2,0.6,0,square.png,-0.2.png,,,,,0,2,2,7,,,,,,,,,,,,,,,,,,244.41816460399423,244.41816460399423,0.5054680049943272,0.29888888888888887,-0.0011111111111111111,1,0,0,image_right_es,right,0,-0.2,1,-1,-1,Jhaansi ,005,2023-04-12_23h45.47.770,EE_trial,2022.2.5,None,
,,,,,,circle,0.4,0.9,0.7,circle.png,0.4.png,,,,,0,3,3,25,,,,,,,,,,,,,,,,,,258.5358816509979,258.5358816509979,0.5058588459942257,-0.33666666666666667,0.0044444444444444444,1,0,0,image_left_es,left,0.9,circle,1,-1,1,Jhaansi ,005,2023-04-12_23h45.47.770,EE_trial,2022.2.5,None,
,,,,,,triangle,0,0.4,0.5,triangle.png,0.png,,,,,0,4,4,3,,,,,,,,,,,,,,,,,,262.11720381000487,262.11720381000487,0.5103604869946139,-0.33666666666666667,0.0044444444444444444,1,0,0,image_left_es,left,0.4,triangle,1,1,1,Jhaansi ,005,2023-04-12_23h45.47.770,EE_trial,2022.2.5,None,
,,,,,,triangle,-0.8,0.4,0.1,triangle.png,-0.8.png,,,,,0,5,5,1,,,,,,,,,,,,,,,,,,267.4169537400012,267.4169537400012,0.5070595259894617,0.3,-0.035555555555555556,1,0,0,image_right_es,right,0.1,-0.8,-1,-1,-1,Jhaansi ,005,2023-04-12_23h45.47.770,EE_trial,2022.2.5,None,
,,,,,,square,0,0.6,0.5,square.png,0.png,,,,,0,6,6,10,,,,,,,,,,,,,,,,,,270.25453438199474,270.25453438199474,0.49951662300736643,0.27444444444444444,-0.035555555555555556,1,0,0,image_right_es,right,0.5,0,-1,-1,-1,Jhaansi ,005,2023-04-12_23h45.47.770,EE_trial,2022.2.5,None,
,,,,,,circle,-0.2,0.9,0,circle.png,-0.2.png,,,,,0,7,7,21,,,,,,,,,,,,,,,,,,279.0827425250027,279.0827425250027,0.5021509590005735,-0.23777777777777778,-0.02,1,0,0,image_left_es,left,0.9,circle,-1,-1,-1,Jhaansi ,005,2023-04-12_23h45.47.770,EE_trial,2022.2.5,None,
,,,,,,cross,-0.8,0.1,0.1,cross.png,-0.8.png,,,,,0,8,8,15,,,,,,,,,,,,,,,,,,293.84342311100045,293.84342311100045,0.500103111990029,-0.2511111111111111,0.0,1,0,0,image_left_es,left,0.1,cross,-1,-1,-1,Jhaansi ,005,2023-04-12_23h45.47.770,EE_trial,2022.2.5,None,
,,,,,,triangle,-0.2,0.4,0,triangle.png,-0.2.png,,,,,0,9,9,0,,,,,,,,,,,,,,,,,,302.9923955389968,302.9923955389968,0.5101948910014471,-0.2511111111111111,0.0,1,0,0,image_left_es,left,0.4,triangle,-1,-1,-1,Jhaansi ,005,2023-04-12_23h45.47.770,EE_trial,2022.2.5,None,
,,,,,,cross,0.8,0.1,0.9,cross.png,0.8.png,,,,,0,10,10,19,,,,,,,,,,,,,,,,,,311.79296968299604,311.79296968299604,0.5032780890032882,0.36777777777777776,0.03111111111111111,1,0,0,image_right_es,right,0.9,0.8,-1,1,1,Jhaansi ,005,2023-04-12_23h45.47.770,EE_trial,2022.2.5,None,
,,,,,,square,0.2,0.6,0.2,square.png,0.2.png,,,,,0,11,11,13,,,,,,,,,,,,,,,,,,314.87171804100217,314.87171804100217,0.4994321550038876,0.20666666666666667,-0.0033333333333333335,1,0,0,image_right_es,right,0.2,0.2,1,-1,-1,Jhaansi ,005,2023-04-12_23h45.47.770,EE_trial,2022.2.5,None,
,,,,,,square,-0.4,0.6,0.3,square.png,-0.4.png,,,,,0,12,12,9,,,,,,,,,,,,,,,,,,327.29929683500086,327.29929683500086,0.5016944029921433,0.20666666666666667,-0.0033333333333333335,1,0,0,image_right_es,right,0.3,-0.4,1,1,1,Jhaansi ,005,2023-04-12_23h45.47.770,EE_trial,2022.2.5,None,
,,,,,,square,0.8,0.6,0.9,square.png,0.8.png,,,,,0,13,13,12,,,,,,,,,,,,,,,,,,330.2732581549935,330.2732581549935,0.5060918569943169,0.32,-0.051111111111111114,1,0,0,image_right_es,right,0.9,0.8,1,1,1,Jhaansi ,005,2023-04-12_23h45.47.770,EE_trial,2022.2.5,None,
,,,,,,triangle,-0.4,0.4,0.3,triangle.png,-0.4.png,,,,,0,14,14,2,,,,,,,,,,,,,,,,,,338.426653728995,338.426653728995,0.5119473030063091,-0.24555555555555555,-0.03333333333333333,1,0,0,image_left_es,left,0.4,triangle,-1,-1,-1,Jhaansi ,005,2023-04-12_23h45.47.770,EE_trial,2022.2.5,None,
,,,,,,circle,0.2,0.9,0.2,circle.png,0.2.png,,,,,0,15,15,27,,,,,,,,,,,,,,,,,,343.0066872769967,343.0066872769967,0.5063753970025573,-0.2288888888888889,-0.015555555555555555,1,0,0,image_left_es,left,0.9,circle,1,-1,1,Jhaansi ,005,2023-04-12_23h45.47.770,EE_trial,2022.2.5,None,
,,,,,,circle,0.8,0.9,0.9,circle.png,0.8.png,,,,,0,16,16,26,,,,,,,,,,,,,,,,,,354.6666701560025,354.6666701560025,0.5050973640027223,-0.2288888888888889,-0.015555555555555555,1,0,0,image_left_es,left,0.9,circle,-1,-1,-1,Jhaansi ,005,2023-04-12_23h45.47.770,EE_trial,2022.2.5,None,
,,,,,,cross,0.4,0.1,0.7,cross.png,0.4.png,,,,,0,17,17,18,,,,,,,,,,,,,,,,,,356.57594245299697,356.57594245299697,0.5057731190026971,-0.2288888888888889,-0.015555555555555555,1,0,0,image_left_es,left,0.1,cross,-1,1,-1,Jhaansi ,005,2023-04-12_23h45.47.770,EE_trial,2022.2.5,None,
,,,,,,circle,-0.8,0.9,0.1,circle.png,-0.8.png,,,,,0,18,18,22,,,,,,,,,,,,,,,,,,360.86649898899486,360.86649898899486,0.506097460995079,-0.2288888888888889,-0.015555555555555555,1,0,0,image_left_es,left,0.9,circle,1,-1,1,Jhaansi ,005,2023-04-12_23h45.47.770,EE_trial,2022.2.5,None,
,,,,,,circle,0,0.9,0.5,circle.png,0.png,,,,,0,19,19,24,,,,,,,,,,,,,,,,,,364.14996814999904,364.14996814999904,0.5047176049993141,-0.2288888888888889,-0.015555555555555555,1,0,0,image_left_es,left,0.9,circle,1,-1,1,Jhaansi ,005,2023-04-12_23h45.47.770,EE_trial,2022.2.5,None,
,,,,,,circle,-0.4,0.9,0.3,circle.png,-0.4.png,,,,,0,20,20,23,,,,,,,,,,,,,,,,,,366.0003270890011,366.0003270890011,0.5059457499883138,-0.2288888888888889,-0.015555555555555555,1,0,0,image_left_es,left,0.9,circle,1,1,1,Jhaansi ,005,2023-04-12_23h45.47.770,EE_trial,2022.2.5,None,
,,,,,,cross,0,0.1,0.5,cross.png,0.png,,,,,0,21,21,17,,,,,,,,,,,,,,,,,,369.27249721900444,369.27249721900444,0.5084745039930567,-0.2288888888888889,-0.015555555555555555,1,0,0,image_left_es,left,0.1,cross,1,1,1,Jhaansi ,005,2023-04-12_23h45.47.770,EE_trial,2022.2.5,None,
,,,,,,triangle,0.2,0.4,0.2,triangle.png,0.2.png,,,,,0,22,22,6,,,,,,,,,,,,,,,,,,371.816911610993,371.816911610993,0.5069451419985853,-0.2288888888888889,-0.015555555555555555,1,0,0,image_left_es,left,0.4,triangle,1,1,1,Jhaansi ,005,2023-04-12_23h45.47.770,EE_trial,2022.2.5,None,
,,,,,,square,0.4,0.6,0.7,square.png,0.4.png,,,,,0,23,23,11,,,,,,,,,,,,,,,,,,373.51605767800356,373.51605767800356,0.5106108530017082,-0.2288888888888889,-0.015555555555555555,1,0,0,image_left_es,left,0.6,square,-1,-1,-1,Jhaansi ,005,2023-04-12_23h45.47.770,EE_trial,2022.2.5,None,
,,,,,,cross,0.2,0.1,0.2,cross.png,0.2.png,,,,,0,24,24,20,,,,,,,,,,,,,,,,,,375.1391677310021,375.1391677310021,0.5031217590003507,-0.2288888888888889,-0.015555555555555555,1,0,0,image_left_es,left,0.1,cross,-1,-1,-1,Jhaansi ,005,2023-04-12_23h45.47.770,EE_trial,2022.2.5,None,
,,,,,,cross,-0.4,0.1,0.3,cross.png,-0.4.png,,,,,0,25,25,16,,,,,,,,,,,,,,,,,,376.7200491179974,376.7200491179974,0.4990261200000532,0.3333333333333333,0.0033333333333333335,1,0,0,image_right_es,right,0.3,-0.4,-1,-1,-1,Jhaansi ,005,2023-04-12_23h45.47.770,EE_trial,2022.2.5,None,
,,,,,,triangle,0.4,0.4,0.7,triangle.png,0.4.png,,,,,0,26,26,4,,,,,,,,,,,,,,,,,,380.0392798840039,380.0392798840039,0.5052277439972386,-0.2811111111111111,0.042222222222222223,1,0,0,image_left_es,left,0.4,triangle,-1,-1,-1,Jhaansi ,005,2023-04-12_23h45.47.770,EE_trial,2022.2.5,None,
,,,,,,triangle,0.8,0.4,0.9,triangle.png,0.8.png,,,,,0,27,27,5,,,,,,,,,,,,,,,,,,394.898758344003,394.898758344003,0.5100196510029491,-0.2811111111111111,0.042222222222222223,1,0,0,image_left_es,left,0.4,triangle,1,1,1,Jhaansi ,005,2023-04-12_23h45.47.770,EE_trial,2022.2.5,None,
