﻿shape_left,shape_right,probability_left,probability_right,address_left,address_right,shape_left_es,shape_right_es,probability_left_es,probability_right_es,address_left_es,address_right_es,trials.thisRepN,trials.thisTrialN,trials.thisN,trials.thisIndex,trials_es.thisRepN,trials_es.thisTrialN,trials_es.thisN,trials_es.thisIndex,image_left.started,image_right.started,mouse.started,mouse.x,mouse.y,mouse.leftButton,mouse.midButton,mouse.rightButton,mouse.clicked_name,chosen_side,chosen_probability,chosen_shape,outcome_left,outcome_right,chosen_outcome,text.started,image_retained.started,text.stopped,image_retained.stopped,image_left_es.started,image_right_es.started,mouse_es.started,mouse_es.x,mouse_es.y,mouse_es.leftButton,mouse_es.midButton,mouse_es.rightButton,mouse_es.clicked_name,chosen_side_es,chosen_probability_es,chosen_shape_es,outcome_left_es,outcome_right_es,chosen_outcome_es,participant,session,date,expName,psychopyVersion,frameRate,
triangle,square,0.4,0.6,triangle.png,square.png,,,,,,,0,0,0,0,,,,,73.04187600000023,73.04187600000023,0.5582689000002574,-0.3148148148148148,-0.05555555555555555,1,0,0,image_left,left,0.4,triangle,-1,-1,-1,76.90056300000015,76.90056300000015,,,,,,,,,,,,,,,,,,Marri Shreya,001,2023-04-12_17h34.11.200,EE_trial,2022.2.5,60.08651256058407,
circle,cross,0.9,0.1,circle.png,cross.png,,,,,,,0,1,1,3,,,,,78.95416149999983,78.95416149999983,0.5072397000003548,0.337037037037037,0.001851851851851852,1,0,0,image_right,right,0.1,cross,-1,-1,-1,79.8730056000004,79.8730056000004,,,,,,,,,,,,,,,,,,Marri Shreya,001,2023-04-12_17h34.11.200,EE_trial,2022.2.5,60.08651256058407,
cross,circle,0.1,0.9,cross.png,circle.png,,,,,,,0,2,2,2,,,,,82.37054950000038,82.37054950000038,0.5116211999993538,-0.31574074074074077,-0.019444444444444445,1,0,0,image_left,left,0.1,cross,-1,1,-1,83.38928909999959,83.38928909999959,,,,,,,,,,,,,,,,,,Marri Shreya,001,2023-04-12_17h34.11.200,EE_trial,2022.2.5,60.08651256058407,
square,triangle,0.6,0.4,square.png,triangle.png,,,,,,,0,3,3,1,,,,,85.88665279999987,85.88665279999987,0.5118052999996507,0.30648148148148147,0.026851851851851852,1,0,0,image_right,right,0.4,triangle,1,1,1,86.43640010000036,86.43640010000036,88.44116389999999,88.44116389999999,,,,,,,,,,,,,,,,Marri Shreya,001,2023-04-12_17h34.11.200,EE_trial,2022.2.5,60.08651256058407,
circle,cross,0.9,0.1,circle.png,cross.png,,,,,,,1,0,4,3,,,,,88.93633020000016,88.93633020000016,0.5140195999993011,-0.26666666666666666,-0.04259259259259259,1,0,0,image_left,left,0.9,circle,1,-1,1,89.31956580000042,89.31956580000042,91.32010050000008,91.32010050000008,,,,,,,,,,,,,,,,Marri Shreya,001,2023-04-12_17h34.11.200,EE_trial,2022.2.5,60.08651256058407,
square,triangle,0.6,0.4,square.png,triangle.png,,,,,,,1,1,5,1,,,,,91.81916650000039,91.81916650000039,0.5145426999997653,0.2824074074074074,0.027777777777777776,1,0,0,image_right,right,0.4,triangle,1,1,1,92.31923019999977,92.31923019999977,94.32346289999987,94.32346289999987,,,,,,,,,,,,,,,,Marri Shreya,001,2023-04-12_17h34.11.200,EE_trial,2022.2.5,60.08651256058407,
circle,cross,0.9,0.1,circle.png,cross.png,,,,,,,1,2,6,3,,,,,94.81877330000043,94.81877330000043,0.5146988999995301,-0.31296296296296294,0.01574074074074074,1,0,0,image_left,left,0.9,circle,1,-1,1,95.46828910000022,95.46828910000022,97.4750167000002,97.4750167000002,,,,,,,,,,,,,,,,Marri Shreya,001,2023-04-12_17h34.11.200,EE_trial,2022.2.5,60.08651256058407,
circle,cross,0.9,0.1,circle.png,cross.png,,,,,,,1,3,7,3,,,,,97.9682402999997,97.9682402999997,0.5150440000006711,0.32592592592592595,0.018518518518518517,1,0,0,image_right,right,0.1,cross,1,-1,-1,98.6181402000002,98.6181402000002,100.61930519999987,100.61930519999987,,,,,,,,,,,,,,,,Marri Shreya,001,2023-04-12_17h34.11.200,EE_trial,2022.2.5,60.08651256058407,
square,triangle,0.6,0.4,square.png,triangle.png,,,,,,,2,0,8,1,,,,,101.11805939999977,101.11805939999977,0.5140389000007417,-0.24444444444444444,0.03425925925925926,1,0,0,image_left,left,0.6,square,1,1,1,101.83436220000021,101.83436220000021,103.83719519999977,103.83719519999977,,,,,,,,,,,,,,,,Marri Shreya,001,2023-04-12_17h34.11.200,EE_trial,2022.2.5,60.08651256058407,
cross,circle,0.1,0.9,cross.png,circle.png,,,,,,,2,1,9,2,,,,,104.33425230000012,104.33425230000012,0.5139532999992298,0.2657407407407407,-0.000925925925925926,1,0,0,image_right,right,0.9,circle,-1,1,1,104.9007332000001,104.9007332000001,106.90570300000036,106.90570300000036,,,,,,,,,,,,,,,,Marri Shreya,001,2023-04-12_17h34.11.200,EE_trial,2022.2.5,60.08651256058407,
triangle,square,0.4,0.6,triangle.png,square.png,,,,,,,2,2,10,0,,,,,107.40036799999962,107.40036799999962,0.5139634999995906,-0.2564814814814815,0.014814814814814815,1,0,0,image_left,left,0.4,triangle,-1,1,-1,108.21685760000037,108.21685760000037,110.2193100000004,110.2193100000004,,,,,,,,,,,,,,,,Marri Shreya,001,2023-04-12_17h34.11.200,EE_trial,2022.2.5,60.08651256058407,
circle,cross,0.9,0.1,circle.png,cross.png,,,,,,,2,3,11,3,,,,,110.71692299999995,110.71692299999995,0.5144806999996945,0.2111111111111111,-0.012037037037037037,1,0,0,image_right,right,0.1,cross,1,-1,-1,111.34988359999988,111.34988359999988,113.35224999999991,113.35224999999991,,,,,,,,,,,,,,,,Marri Shreya,001,2023-04-12_17h34.11.200,EE_trial,2022.2.5,60.08651256058407,
cross,circle,0.1,0.9,cross.png,circle.png,,,,,,,3,0,12,2,,,,,113.84993000000031,113.84993000000031,0.5147025999995094,-0.27314814814814814,-0.07777777777777778,1,0,0,image_left,left,0.1,cross,-1,1,-1,114.78585000000021,114.78585000000021,,,,,,,,,,,,,,,,,,Marri Shreya,001,2023-04-12_17h34.11.200,EE_trial,2022.2.5,60.08651256058407,
square,triangle,0.6,0.4,square.png,triangle.png,,,,,,,3,1,13,1,,,,,117.28282349999972,117.28282349999972,0.5145754999994097,0.2972222222222222,-0.017592592592592594,1,0,0,image_right,right,0.4,triangle,-1,-1,-1,118.54216650000035,118.54216650000035,,,,,,,,,,,,,,,,,,Marri Shreya,001,2023-04-12_17h34.11.200,EE_trial,2022.2.5,60.08651256058407,
triangle,square,0.4,0.6,triangle.png,square.png,,,,,,,3,2,14,0,,,,,121.03220599999986,121.03220599999986,0.5124922999993942,-0.28055555555555556,-0.027777777777777776,1,0,0,image_left,left,0.4,triangle,-1,-1,-1,121.50708519999989,121.50708519999989,,,,,,,,,,,,,,,,,,Marri Shreya,001,2023-04-12_17h34.11.200,EE_trial,2022.2.5,60.08651256058407,
circle,cross,0.9,0.1,circle.png,cross.png,,,,,,,3,3,15,3,,,,,123.98191959999986,123.98191959999986,0.5111671999993632,0.32592592592592595,-0.03796296296296296,1,0,0,image_right,right,0.1,cross,1,1,1,124.33137679999982,124.33137679999982,126.35340009999982,126.35340009999982,,,,,,,,,,,,,,,,Marri Shreya,001,2023-04-12_17h34.11.200,EE_trial,2022.2.5,60.08651256058407,
triangle,square,0.4,0.6,triangle.png,square.png,,,,,,,4,0,16,0,,,,,126.83160450000014,126.83160450000014,0.5148879999997007,-0.30833333333333335,-0.020370370370370372,1,0,0,image_left,left,0.4,triangle,-1,1,-1,127.43556259999968,127.43556259999968,,,,,,,,,,,,,,,,,,Marri Shreya,001,2023-04-12_17h34.11.200,EE_trial,2022.2.5,60.08651256058407,
cross,circle,0.1,0.9,cross.png,circle.png,,,,,,,4,1,17,2,,,,,129.91445629999998,129.91445629999998,0.5122989999999845,0.2574074074074074,-0.006481481481481481,1,0,0,image_right,right,0.9,circle,-1,1,1,130.27301110000008,130.27301110000008,,,,,,,,,,,,,,,,,,Marri Shreya,001,2023-04-12_17h34.11.200,EE_trial,2022.2.5,60.08651256058407,
square,triangle,0.6,0.4,square.png,triangle.png,,,,,,,4,2,18,1,,,,,132.76433410000027,132.76433410000027,0.5132651000003534,-0.31666666666666665,0.011111111111111112,1,0,0,image_left,left,0.6,square,1,-1,1,133.0239271999999,133.0239271999999,,,,,,,,,,,,,,,,,,Marri Shreya,001,2023-04-12_17h34.11.200,EE_trial,2022.2.5,60.08651256058407,
circle,cross,0.9,0.1,circle.png,cross.png,,,,,,,4,3,19,3,,,,,135.49725969999963,135.49725969999963,0.5117195000002539,0.26851851851851855,-0.002777777777777778,1,0,0,image_right,right,0.1,cross,1,-1,-1,136.0207608999999,136.0207608999999,,,,,,,,,,,,,,,,,,Marri Shreya,001,2023-04-12_17h34.11.200,EE_trial,2022.2.5,60.08651256058407,
circle,cross,0.9,0.1,circle.png,cross.png,,,,,,,5,0,20,3,,,,,138.49663820000023,138.49663820000023,0.5112711000001582,-0.3074074074074074,-0.06018518518518518,1,0,0,image_left,left,0.9,circle,1,-1,1,139.71267669999997,139.71267669999997,141.71566280000025,141.71566280000025,,,,,,,,,,,,,,,,Marri Shreya,001,2023-04-12_17h34.11.200,EE_trial,2022.2.5,60.08651256058407,
triangle,square,0.4,0.6,triangle.png,square.png,,,,,,,5,1,21,0,,,,,142.2125546999996,142.2125546999996,0.5145591000000422,0.23148148148148148,-0.04537037037037037,1,0,0,image_right,right,0.6,square,1,1,1,142.6291672999996,142.6291672999996,144.62910519999969,144.62910519999969,,,,,,,,,,,,,,,,Marri Shreya,001,2023-04-12_17h34.11.200,EE_trial,2022.2.5,60.08651256058407,
cross,circle,0.1,0.9,cross.png,circle.png,,,,,,,5,2,22,2,,,,,145.1289237000001,145.1289237000001,0.514669899999717,-0.3194444444444444,0.002777777777777778,1,0,0,image_left,left,0.1,cross,-1,1,-1,145.54541400000016,145.54541400000016,147.55303430000004,147.55303430000004,,,,,,,,,,,,,,,,Marri Shreya,001,2023-04-12_17h34.11.200,EE_trial,2022.2.5,60.08651256058407,
cross,circle,0.1,0.9,cross.png,circle.png,,,,,,,5,3,23,2,,,,,148.04551290000018,148.04551290000018,0.5149128000002747,0.3851851851851852,0.01574074074074074,1,0,0,image_right,right,0.9,circle,1,1,1,148.21178529999997,148.21178529999997,150.21470630000022,150.21470630000022,,,,,,,,,,,,,,,,Marri Shreya,001,2023-04-12_17h34.11.200,EE_trial,2022.2.5,60.08651256058407,
cross,circle,0.1,0.9,cross.png,circle.png,,,,,,,6,0,24,2,,,,,150.71154769999976,150.71154769999976,0.5146328000000722,-0.22314814814814815,0.017592592592592594,1,0,0,image_left,left,0.1,cross,-1,-1,-1,151.7114276000002,151.7114276000002,153.71227929999986,153.71227929999986,,,,,,,,,,,,,,,,Marri Shreya,001,2023-04-12_17h34.11.200,EE_trial,2022.2.5,60.08651256058407,
triangle,square,0.4,0.6,triangle.png,square.png,,,,,,,6,1,25,0,,,,,154.21115029999964,154.21115029999964,0.514658000000054,0.3675925925925926,-0.05648148148148148,1,0,0,image_right,right,0.6,square,-1,-1,-1,155.59415660000013,155.59415660000013,157.59833960000014,157.59833960000014,,,,,,,,,,,,,,,,Marri Shreya,001,2023-04-12_17h34.11.200,EE_trial,2022.2.5,60.08651256058407,
circle,cross,0.9,0.1,circle.png,cross.png,,,,,,,6,2,26,3,,,,,158.09388800000033,158.09388800000033,0.5149733000007473,-0.3472222222222222,0.03981481481481482,1,0,0,image_left,left,0.9,circle,1,-1,1,160.41015630000038,160.41015630000038,162.4110284999997,162.4110284999997,,,,,,,,,,,,,,,,Marri Shreya,001,2023-04-12_17h34.11.200,EE_trial,2022.2.5,60.08651256058407,
triangle,square,0.4,0.6,triangle.png,square.png,,,,,,,6,3,27,0,,,,,162.91013199999998,162.91013199999998,0.5149927000002208,0.28703703703703703,0.019444444444444445,1,0,0,image_right,right,0.6,square,-1,-1,-1,163.26023259999965,163.26023259999965,165.2664934000004,165.2664934000004,,,,,,,,,,,,,,,,Marri Shreya,001,2023-04-12_17h34.11.200,EE_trial,2022.2.5,60.08651256058407,
triangle,square,0.4,0.6,triangle.png,square.png,,,,,,,7,0,28,0,,,,,165.75977429999966,165.75977429999966,0.5150909000003594,-0.2851851851851852,-0.0787037037037037,1,0,0,image_left,left,0.4,triangle,-1,1,-1,171.30863339999996,171.30863339999996,173.3111171999999,173.3111171999999,,,,,,,,,,,,,,,,Marri Shreya,001,2023-04-12_17h34.11.200,EE_trial,2022.2.5,60.08651256058407,
cross,circle,0.1,0.9,cross.png,circle.png,,,,,,,7,1,29,2,,,,,173.80842800000028,173.80842800000028,0.5143882000002122,0.29444444444444445,-0.016666666666666666,1,0,0,image_right,right,0.9,circle,-1,1,1,174.15824580000026,174.15824580000026,176.1604100000004,176.1604100000004,,,,,,,,,,,,,,,,Marri Shreya,001,2023-04-12_17h34.11.200,EE_trial,2022.2.5,60.08651256058407,
cross,circle,0.1,0.9,cross.png,circle.png,,,,,,,7,2,30,2,,,,,176.6412633,176.6412633,0.5143430999996781,-0.24259259259259258,-0.009259259259259259,1,0,0,image_left,left,0.1,cross,-1,1,-1,177.19322159999956,177.19322159999956,,,,,,,,,,,,,,,,,,Marri Shreya,001,2023-04-12_17h34.11.200,EE_trial,2022.2.5,60.08651256058407,
square,triangle,0.6,0.4,square.png,triangle.png,,,,,,,7,3,31,1,,,,,179.6910269,179.6910269,0.514535799999976,0.3425925925925926,0.04814814814814815,1,0,0,image_right,right,0.4,triangle,-1,-1,-1,180.02451500000006,180.02451500000006,182.02577800000017,182.02577800000017,,,,,,,,,,,,,,,,Marri Shreya,001,2023-04-12_17h34.11.200,EE_trial,2022.2.5,60.08651256058407,
square,triangle,0.6,0.4,square.png,triangle.png,,,,,,,8,0,32,1,,,,,182.52410380000038,182.52410380000038,0.5142498999994132,-0.3101851851851852,0.06388888888888888,1,0,0,image_left,left,0.6,square,1,1,1,182.97380729999986,182.97380729999986,184.97633620000033,184.97633620000033,,,,,,,,,,,,,,,,Marri Shreya,001,2023-04-12_17h34.11.200,EE_trial,2022.2.5,60.08651256058407,
cross,circle,0.1,0.9,cross.png,circle.png,,,,,,,8,1,33,2,,,,,185.4736995000003,185.4736995000003,0.5145356000002721,0.27870370370370373,0.0,1,0,0,image_right,right,0.9,circle,-1,1,1,186.32354899999973,186.32354899999973,188.32431009999982,188.32431009999982,,,,,,,,,,,,,,,,Marri Shreya,001,2023-04-12_17h34.11.200,EE_trial,2022.2.5,60.08651256058407,
square,triangle,0.6,0.4,square.png,triangle.png,,,,,,,8,2,34,1,,,,,188.82340010000007,188.82340010000007,0.5148368000000119,-0.3435185185185185,0.01574074074074074,1,0,0,image_left,left,0.6,square,1,-1,1,189.57300620000024,189.57300620000024,191.57338049999998,191.57338049999998,,,,,,,,,,,,,,,,Marri Shreya,001,2023-04-12_17h34.11.200,EE_trial,2022.2.5,60.08651256058407,
square,triangle,0.6,0.4,square.png,triangle.png,,,,,,,8,3,35,1,,,,,192.07275539999955,192.07275539999955,0.5143439000003127,0.29074074074074074,0.002777777777777778,1,0,0,image_right,right,0.4,triangle,-1,-1,-1,192.67253970000002,192.67253970000002,194.67590839999957,194.67590839999957,,,,,,,,,,,,,,,,Marri Shreya,001,2023-04-12_17h34.11.200,EE_trial,2022.2.5,60.08651256058407,
triangle,square,0.4,0.6,triangle.png,square.png,,,,,,,9,0,36,0,,,,,195.17262930000015,195.17262930000015,0.5148726999996143,-0.27037037037037037,0.03888888888888889,1,0,0,image_left,left,0.4,triangle,-1,1,-1,195.77281570000014,195.77281570000014,,,,,,,,,,,,,,,,,,Marri Shreya,001,2023-04-12_17h34.11.200,EE_trial,2022.2.5,60.08651256058407,
square,triangle,0.6,0.4,square.png,triangle.png,,,,,,,9,1,37,1,,,,,198.27217389999987,198.27217389999987,0.514607299999625,0.3453703703703704,-0.020370370370370372,1,0,0,image_right,right,0.4,triangle,1,1,1,198.9885180000001,198.9885180000001,200.99081670000032,200.99081670000032,,,,,,,,,,,,,,,,Marri Shreya,001,2023-04-12_17h34.11.200,EE_trial,2022.2.5,60.08651256058407,
circle,cross,0.9,0.1,circle.png,cross.png,,,,,,,9,2,38,3,,,,,201.48854310000024,201.48854310000024,0.514689499999804,-0.31574074074074077,0.000925925925925926,1,0,0,image_left,left,0.9,circle,1,-1,1,202.43793370000003,202.43793370000003,204.4379488000004,204.4379488000004,,,,,,,,,,,,,,,,Marri Shreya,001,2023-04-12_17h34.11.200,EE_trial,2022.2.5,60.08651256058407,
triangle,square,0.4,0.6,triangle.png,square.png,,,,,,,9,3,39,0,,,,,204.93770740000036,204.93770740000036,0.5143893000004027,0.275,-0.009259259259259259,1,0,0,image_right,right,0.6,square,1,1,1,205.27116860000024,205.27116860000024,207.29521399999976,207.29521399999976,,,,,,,,,,,,,,,,Marri Shreya,001,2023-04-12_17h34.11.200,EE_trial,2022.2.5,60.08651256058407,
,,,,,,circle,0.8,0.9,0.9,circle.png,0.8.png,,,,,0,0,0,26,,,,,,,,,,,,,,,,,,,,207.7709519,207.7709519,0.5149714999997741,-0.23703703703703705,0.07592592592592592,1,0,0,image_left_es,left,0.9,circle,1,1,1,Marri Shreya,001,2023-04-12_17h34.11.200,EE_trial,2022.2.5,60.08651256058407,
,,,,,,square,0.2,0.6,0.2,square.png,0.2.png,,,,,0,1,1,13,,,,,,,,,,,,,,,,,,,,214.32007590000012,214.32007590000012,0.514752099999896,0.2953703703703704,-0.018518518518518517,1,0,0,image_right_es,right,0.2,0.2,1,-1,-1,Marri Shreya,001,2023-04-12_17h34.11.200,EE_trial,2022.2.5,60.08651256058407,
,,,,,,circle,-0.8,0.9,0.1,circle.png,-0.8.png,,,,,0,2,2,22,,,,,,,,,,,,,,,,,,,,234.96714379999958,234.96714379999958,0.5153277999997954,0.2953703703703704,-0.018518518518518517,1,0,0,image_right_es,right,0.1,-0.8,-1,-1,-1,Marri Shreya,001,2023-04-12_17h34.11.200,EE_trial,2022.2.5,60.08651256058407,
,,,,,,cross,0.4,0.1,0.7,cross.png,0.4.png,,,,,0,3,3,18,,,,,,,,,,,,,,,,,,,,240.35029750000012,240.35029750000012,0.5153336000003037,0.2953703703703704,-0.018518518518518517,1,0,0,image_right_es,right,0.7,0.4,-1,-1,-1,Marri Shreya,001,2023-04-12_17h34.11.200,EE_trial,2022.2.5,60.08651256058407,
,,,,,,cross,0.8,0.1,0.9,cross.png,0.8.png,,,,,0,4,4,19,,,,,,,,,,,,,,,,,,,,243.19985139999972,243.19985139999972,0.5153606000003492,0.2953703703703704,-0.018518518518518517,1,0,0,image_right_es,right,0.9,0.8,-1,1,1,Marri Shreya,001,2023-04-12_17h34.11.200,EE_trial,2022.2.5,60.08651256058407,
,,,,,,triangle,-0.4,0.4,0.3,triangle.png,-0.4.png,,,,,0,5,5,2,,,,,,,,,,,,,,,,,,,,245.13272030000007,245.13272030000007,0.5150291999998444,0.2953703703703704,-0.018518518518518517,1,0,0,image_right_es,right,0.3,-0.4,-1,-1,-1,Marri Shreya,001,2023-04-12_17h34.11.200,EE_trial,2022.2.5,60.08651256058407,
,,,,,,cross,-0.2,0.1,0,cross.png,-0.2.png,,,,,0,6,6,14,,,,,,,,,,,,,,,,,,,,247.14914880000015,247.14914880000015,0.5149567999997089,0.2953703703703704,-0.018518518518518517,1,0,0,image_right_es,right,0,-0.2,-1,-1,-1,Marri Shreya,001,2023-04-12_17h34.11.200,EE_trial,2022.2.5,60.08651256058407,
,,,,,,square,0,0.6,0.5,square.png,0.png,,,,,0,7,7,10,,,,,,,,,,,,,,,,,,,,249.98216130000037,249.98216130000037,0.513130899999851,-0.35648148148148145,-0.021296296296296296,1,0,0,image_left_es,left,0.6,square,1,-1,1,Marri Shreya,001,2023-04-12_17h34.11.200,EE_trial,2022.2.5,60.08651256058407,
,,,,,,square,-0.2,0.6,0,square.png,-0.2.png,,,,,0,8,8,7,,,,,,,,,,,,,,,,,,,,252.09858480000003,252.09858480000003,0.5153829000000769,-0.35648148148148145,-0.021296296296296296,1,0,0,image_left_es,left,0.6,square,1,-1,1,Marri Shreya,001,2023-04-12_17h34.11.200,EE_trial,2022.2.5,60.08651256058407,
,,,,,,triangle,0.4,0.4,0.7,triangle.png,0.4.png,,,,,0,9,9,4,,,,,,,,,,,,,,,,,,,,254.01478599999973,254.01478599999973,0.5144818999997369,-0.35648148148148145,-0.021296296296296296,1,0,0,image_left_es,left,0.4,triangle,1,1,1,Marri Shreya,001,2023-04-12_17h34.11.200,EE_trial,2022.2.5,60.08651256058407,
,,,,,,circle,-0.4,0.9,0.3,circle.png,-0.4.png,,,,,0,10,10,23,,,,,,,,,,,,,,,,,,,,256.2146756000002,256.2146756000002,0.5148751999995511,0.35185185185185186,0.09074074074074075,1,0,0,image_right_es,right,0.3,-0.4,1,-1,-1,Marri Shreya,001,2023-04-12_17h34.11.200,EE_trial,2022.2.5,60.08651256058407,
,,,,,,cross,-0.8,0.1,0.1,cross.png,-0.8.png,,,,,0,11,11,15,,,,,,,,,,,,,,,,,,,,259.2641015999998,259.2641015999998,0.5146657999994204,-0.35185185185185186,-0.022222222222222223,1,0,0,image_left_es,left,0.1,cross,-1,-1,-1,Marri Shreya,001,2023-04-12_17h34.11.200,EE_trial,2022.2.5,60.08651256058407,
,,,,,,cross,0,0.1,0.5,cross.png,0.png,,,,,0,12,12,17,,,,,,,,,,,,,,,,,,,,261.5306687000002,261.5306687000002,0.5151607999996486,0.30185185185185187,-0.053703703703703705,1,0,0,image_right_es,right,0.5,0,-1,-1,-1,Marri Shreya,001,2023-04-12_17h34.11.200,EE_trial,2022.2.5,60.08651256058407,
,,,,,,square,0.4,0.6,0.7,square.png,0.4.png,,,,,0,13,13,11,,,,,,,,,,,,,,,,,,,,267.44643110000015,267.44643110000015,0.5153486999997767,0.30185185185185187,-0.053703703703703705,1,0,0,image_right_es,right,0.7,0.4,1,1,1,Marri Shreya,001,2023-04-12_17h34.11.200,EE_trial,2022.2.5,60.08651256058407,
,,,,,,cross,-0.4,0.1,0.3,cross.png,-0.4.png,,,,,0,14,14,16,,,,,,,,,,,,,,,,,,,,270.69607429999996,270.69607429999996,0.5151969999997164,0.30185185185185187,-0.053703703703703705,1,0,0,image_right_es,right,0.3,-0.4,-1,-1,-1,Marri Shreya,001,2023-04-12_17h34.11.200,EE_trial,2022.2.5,60.08651256058407,
,,,,,,triangle,0,0.4,0.5,triangle.png,0.png,,,,,0,15,15,3,,,,,,,,,,,,,,,,,,,,272.0125144000003,272.0125144000003,0.5148415000003297,0.30185185185185187,-0.053703703703703705,1,0,0,image_right_es,right,0.5,0,-1,-1,-1,Marri Shreya,001,2023-04-12_17h34.11.200,EE_trial,2022.2.5,60.08651256058407,
,,,,,,square,-0.4,0.6,0.3,square.png,-0.4.png,,,,,0,16,16,9,,,,,,,,,,,,,,,,,,,,273.3456411999996,273.3456411999996,0.5149452999994537,0.30185185185185187,-0.053703703703703705,1,0,0,image_right_es,right,0.3,-0.4,-1,-1,-1,Marri Shreya,001,2023-04-12_17h34.11.200,EE_trial,2022.2.5,60.08651256058407,
,,,,,,circle,0,0.9,0.5,circle.png,0.png,,,,,0,17,17,24,,,,,,,,,,,,,,,,,,,,274.3956294999998,274.3956294999998,0.5152354000001651,0.30185185185185187,-0.053703703703703705,1,0,0,image_right_es,right,0.5,0,1,-1,-1,Marri Shreya,001,2023-04-12_17h34.11.200,EE_trial,2022.2.5,60.08651256058407,
,,,,,,triangle,-0.8,0.4,0.1,triangle.png,-0.8.png,,,,,0,18,18,1,,,,,,,,,,,,,,,,,,,,275.5617100999998,275.5617100999998,0.5148575999992318,0.3592592592592593,0.018518518518518517,1,0,0,image_right_es,right,0.1,-0.8,-1,-1,-1,Marri Shreya,001,2023-04-12_17h34.11.200,EE_trial,2022.2.5,60.08651256058407,
,,,,,,triangle,-0.2,0.4,0,triangle.png,-0.2.png,,,,,0,19,19,0,,,,,,,,,,,,,,,,,,,,277.9451019999997,277.9451019999997,0.5155498999993142,-0.2722222222222222,0.010185185185185186,1,0,0,image_left_es,left,0.4,triangle,-1,-1,-1,Marri Shreya,001,2023-04-12_17h34.11.200,EE_trial,2022.2.5,60.08651256058407,
,,,,,,triangle,0.2,0.4,0.2,triangle.png,0.2.png,,,,,0,20,20,6,,,,,,,,,,,,,,,,,,,,280.14478489999965,280.14478489999965,0.5152274000001853,-0.2462962962962963,-0.040740740740740744,1,0,0,image_left_es,left,0.4,triangle,-1,-1,-1,Marri Shreya,001,2023-04-12_17h34.11.200,EE_trial,2022.2.5,60.08651256058407,
,,,,,,circle,-0.2,0.9,0,circle.png,-0.2.png,,,,,0,21,21,21,,,,,,,,,,,,,,,,,,,,282.24466140000004,282.24466140000004,0.514837699999589,-0.2462962962962963,-0.040740740740740744,1,0,0,image_left_es,left,0.9,circle,1,-1,1,Marri Shreya,001,2023-04-12_17h34.11.200,EE_trial,2022.2.5,60.08651256058407,
,,,,,,circle,0.2,0.9,0.2,circle.png,0.2.png,,,,,0,22,22,27,,,,,,,,,,,,,,,,,,,,287.31053169999996,287.31053169999996,0.5147494000002553,-0.2462962962962963,-0.040740740740740744,1,0,0,image_left_es,left,0.9,circle,1,1,1,Marri Shreya,001,2023-04-12_17h34.11.200,EE_trial,2022.2.5,60.08651256058407,
,,,,,,square,0.8,0.6,0.9,square.png,0.8.png,,,,,0,23,23,12,,,,,,,,,,,,,,,,,,,,288.4937356999999,288.4937356999999,0.5147655000000668,-0.2462962962962963,-0.040740740740740744,1,0,0,image_left_es,left,0.6,square,1,1,1,Marri Shreya,001,2023-04-12_17h34.11.200,EE_trial,2022.2.5,60.08651256058407,
,,,,,,square,-0.8,0.6,0.1,square.png,-0.8.png,,,,,0,24,24,8,,,,,,,,,,,,,,,,,,,,289.4767966999998,289.4767966999998,0.51480520000041,-0.2462962962962963,-0.040740740740740744,1,0,0,image_left_es,left,0.6,square,1,1,1,Marri Shreya,001,2023-04-12_17h34.11.200,EE_trial,2022.2.5,60.08651256058407,
,,,,,,circle,0.4,0.9,0.7,circle.png,0.4.png,,,,,0,25,25,25,,,,,,,,,,,,,,,,,,,,290.40990469999997,290.40990469999997,0.5143378000002485,-0.2462962962962963,-0.040740740740740744,1,0,0,image_left_es,left,0.9,circle,1,1,1,Marri Shreya,001,2023-04-12_17h34.11.200,EE_trial,2022.2.5,60.08651256058407,
,,,,,,cross,0.2,0.1,0.2,cross.png,0.2.png,,,,,0,26,26,20,,,,,,,,,,,,,,,,,,,,291.22683340000003,291.22683340000003,0.5151185000004261,0.27037037037037037,-0.019444444444444445,1,0,0,image_right_es,right,0.2,0.2,-1,-1,-1,Marri Shreya,001,2023-04-12_17h34.11.200,EE_trial,2022.2.5,60.08651256058407,
,,,,,,triangle,0.8,0.4,0.9,triangle.png,0.8.png,,,,,0,27,27,5,,,,,,,,,,,,,,,,,,,,292.12651110000024,292.12651110000024,0.5147729999998774,-0.27870370370370373,0.003703703703703704,1,0,0,image_left_es,left,0.4,triangle,-1,1,-1,Marri Shreya,001,2023-04-12_17h34.11.200,EE_trial,2022.2.5,60.08651256058407,
