﻿shape_left,shape_right,probability_left,probability_right,address_left,address_right,shape_left_es,shape_right_es,probability_left_es,probability_right_es,address_left_es,address_right_es,trials.thisRepN,trials.thisTrialN,trials.thisN,trials.thisIndex,trials_es.thisRepN,trials_es.thisTrialN,trials_es.thisN,trials_es.thisIndex,image_left.started,image_right.started,mouse.started,mouse.x,mouse.y,mouse.leftButton,mouse.midButton,mouse.rightButton,mouse.clicked_name,chosen_side,chosen_probability,chosen_shape,outcome_left,outcome_right,chosen_outcome,text.started,image_retained.started,image_left_es.started,image_right_es.started,mouse_es.started,mouse_es.x,mouse_es.y,mouse_es.leftButton,mouse_es.midButton,mouse_es.rightButton,mouse_es.clicked_name,chosen_side_es,chosen_probability_es,chosen_shape_es,outcome_left_es,outcome_right_es,chosen_outcome_es,participant,session,date,expName,psychopyVersion,frameRate,
cross,circle,0.1,0.9,cross.png,circle.png,,,,,,,0,0,0,2,,,,,37.377030656003626,37.377030656003626,0.5127708249929128,-0.27666666666666667,0.012222222222222223,1,0,0,image_left,left,0.1,cross,1,1,1,40.46114028499869,40.46114028499869,,,,,,,,,,,,,,,,Samyukta,007,2023-04-13_00h01.04.264,EE_trial,2022.2.5,None,
circle,cross,0.9,0.1,circle.png,cross.png,,,,,,,0,1,1,3,,,,,42.88473153600353,42.88473153600353,0.501897084992379,0.28555555555555556,-0.0033333333333333335,1,0,0,image_right,right,0.1,cross,1,-1,-1,44.57846096699359,44.57846096699359,,,,,,,,,,,,,,,,Samyukta,007,2023-04-13_00h01.04.264,EE_trial,2022.2.5,None,
circle,cross,0.9,0.1,circle.png,cross.png,,,,,,,0,2,2,3,,,,,47.04880804299319,47.04880804299319,0.4998418100003619,-0.2288888888888889,0.0022222222222222222,1,0,0,image_left,left,0.9,circle,1,1,1,55.34436647000257,55.34436647000257,,,,,,,,,,,,,,,,Samyukta,007,2023-04-13_00h01.04.264,EE_trial,2022.2.5,None,
triangle,square,0.4,0.6,triangle.png,square.png,,,,,,,0,3,3,0,,,,,57.825731157005066,57.825731157005066,0.5054501270060427,0.26,-0.0011111111111111111,1,0,0,image_right,right,0.6,square,-1,-1,-1,60.44002297699626,60.44002297699626,,,,,,,,,,,,,,,,Samyukta,007,2023-04-13_00h01.04.264,EE_trial,2022.2.5,None,
cross,circle,0.1,0.9,cross.png,circle.png,,,,,,,1,0,4,2,,,,,62.916198095001164,62.916198095001164,0.5018378039967502,-0.27444444444444444,-0.03888888888888889,1,0,0,image_left,left,0.1,cross,1,1,1,64.90427477299818,64.90427477299818,,,,,,,,,,,,,,,,Samyukta,007,2023-04-13_00h01.04.264,EE_trial,2022.2.5,None,
triangle,square,0.4,0.6,triangle.png,square.png,,,,,,,1,1,5,0,,,,,67.3813653410034,67.3813653410034,0.5058201259962516,-0.26222222222222225,-0.015555555555555555,1,0,0,image_left,left,0.4,triangle,-1,-1,-1,70.1679262109974,70.1679262109974,,,,,,,,,,,,,,,,Samyukta,007,2023-04-13_00h01.04.264,EE_trial,2022.2.5,None,
cross,circle,0.1,0.9,cross.png,circle.png,,,,,,,1,2,6,2,,,,,72.6533256679977,72.6533256679977,0.5085867169982521,-0.26222222222222225,-0.015555555555555555,1,0,0,image_left,left,0.1,cross,-1,1,-1,74.35825753600511,74.35825753600511,,,,,,,,,,,,,,,,Samyukta,007,2023-04-13_00h01.04.264,EE_trial,2022.2.5,None,
square,triangle,0.6,0.4,square.png,triangle.png,,,,,,,1,3,7,1,,,,,76.83442224099417,76.83442224099417,0.5029353599966271,0.3411111111111111,0.0,1,0,0,image_right,right,0.4,triangle,-1,-1,-1,85.38499031099491,85.38499031099491,,,,,,,,,,,,,,,,Samyukta,007,2023-04-13_00h01.04.264,EE_trial,2022.2.5,None,
triangle,square,0.4,0.6,triangle.png,square.png,,,,,,,2,0,8,0,,,,,87.87570180899638,87.87570180899638,0.5130928159924224,0.3411111111111111,0.0,1,0,0,image_right,right,0.6,square,-1,-1,-1,92.12474653600657,92.12474653600657,,,,,,,,,,,,,,,,Samyukta,007,2023-04-13_00h01.04.264,EE_trial,2022.2.5,None,
circle,cross,0.9,0.1,circle.png,cross.png,,,,,,,2,1,9,3,,,,,94.60361968299549,94.60361968299549,0.5057892210024875,-0.29777777777777775,0.0033333333333333335,1,0,0,image_left,left,0.9,circle,1,1,1,115.35440688100061,115.35440688100061,,,,,,,,,,,,,,,,Samyukta,007,2023-04-13_00h01.04.264,EE_trial,2022.2.5,None,
square,triangle,0.6,0.4,square.png,triangle.png,,,,,,,2,2,10,1,,,,,117.83591439299926,117.83591439299926,0.506695445990772,-0.24555555555555555,-0.028888888888888888,1,0,0,image_left,left,0.6,square,1,1,1,124.55771342999651,124.55771342999651,,,,,,,,,,,,,,,,Samyukta,007,2023-04-13_00h01.04.264,EE_trial,2022.2.5,None,
square,triangle,0.6,0.4,square.png,triangle.png,,,,,,,2,3,11,1,,,,,127.03590003399586,127.03590003399586,0.5054124269954627,-0.24555555555555555,-0.028888888888888888,1,0,0,image_left,left,0.6,square,1,1,1,127.94830838199414,127.94830838199414,,,,,,,,,,,,,,,,Samyukta,007,2023-04-13_00h01.04.264,EE_trial,2022.2.5,None,
square,triangle,0.6,0.4,square.png,triangle.png,,,,,,,3,0,12,1,,,,,130.42844049600535,130.42844049600535,0.5057197049900424,-0.24555555555555555,-0.028888888888888888,1,0,0,image_left,left,0.6,square,1,-1,1,130.9998153369961,130.9998153369961,,,,,,,,,,,,,,,,Samyukta,007,2023-04-13_00h01.04.264,EE_trial,2022.2.5,None,
square,triangle,0.6,0.4,square.png,triangle.png,,,,,,,3,1,13,1,,,,,133.4917157729942,133.4917157729942,0.5011153439991176,-0.24555555555555555,-0.028888888888888888,1,0,0,image_left,left,0.6,square,1,-1,1,134.23278386499442,134.23278386499442,,,,,,,,,,,,,,,,Samyukta,007,2023-04-13_00h01.04.264,EE_trial,2022.2.5,None,
cross,circle,0.1,0.9,cross.png,circle.png,,,,,,,3,2,14,2,,,,,136.71983809300582,136.71983809300582,0.5028904680075357,0.32555555555555554,-0.0811111111111111,1,0,0,image_right,right,0.9,circle,-1,1,1,138.6370659020031,138.6370659020031,,,,,,,,,,,,,,,,Samyukta,007,2023-04-13_00h01.04.264,EE_trial,2022.2.5,None,
cross,circle,0.1,0.9,cross.png,circle.png,,,,,,,3,3,15,2,,,,,141.11883604200557,141.11883604200557,0.5079529089998687,0.32555555555555554,-0.0811111111111111,1,0,0,image_right,right,0.9,circle,1,1,1,142.00879101699684,142.00879101699684,,,,,,,,,,,,,,,,Samyukta,007,2023-04-13_00h01.04.264,EE_trial,2022.2.5,None,
triangle,square,0.4,0.6,triangle.png,square.png,,,,,,,4,0,16,0,,,,,144.4840326179983,144.4840326179983,0.50016484700609,0.32555555555555554,-0.0811111111111111,1,0,0,image_right,right,0.6,square,1,1,1,145.39390087600623,145.39390087600623,,,,,,,,,,,,,,,,Samyukta,007,2023-04-13_00h01.04.264,EE_trial,2022.2.5,None,
triangle,square,0.4,0.6,triangle.png,square.png,,,,,,,4,1,17,0,,,,,147.87478993499826,147.87478993499826,0.5052353399951244,0.32555555555555554,-0.0811111111111111,1,0,0,image_right,right,0.6,square,-1,-1,-1,149.0174903510051,149.0174903510051,,,,,,,,,,,,,,,,Samyukta,007,2023-04-13_00h01.04.264,EE_trial,2022.2.5,None,
circle,cross,0.9,0.1,circle.png,cross.png,,,,,,,4,2,18,3,,,,,151.5030146009958,151.5030146009958,0.5007978420035215,-0.23222222222222222,-0.04111111111111111,1,0,0,image_left,left,0.9,circle,1,-1,1,156.2080350400065,156.2080350400065,,,,,,,,,,,,,,,,Samyukta,007,2023-04-13_00h01.04.264,EE_trial,2022.2.5,None,
square,triangle,0.6,0.4,square.png,triangle.png,,,,,,,4,3,19,1,,,,,158.6890234099992,158.6890234099992,0.5069428319984581,-0.24555555555555555,-0.044444444444444446,1,0,0,image_left,left,0.6,square,-1,-1,-1,159.64304511400405,159.64304511400405,,,,,,,,,,,,,,,,Samyukta,007,2023-04-13_00h01.04.264,EE_trial,2022.2.5,None,
triangle,square,0.4,0.6,triangle.png,square.png,,,,,,,5,0,20,0,,,,,162.12482387600176,162.12482387600176,0.5061401629936881,-0.24333333333333335,-0.06444444444444444,1,0,0,image_left,left,0.4,triangle,-1,1,-1,164.5591011630022,164.5591011630022,,,,,,,,,,,,,,,,Samyukta,007,2023-04-13_00h01.04.264,EE_trial,2022.2.5,None,
square,triangle,0.6,0.4,square.png,triangle.png,,,,,,,5,1,21,1,,,,,167.03986306399747,167.03986306399747,0.5063078310049605,-0.26222222222222225,-0.042222222222222223,1,0,0,image_left,left,0.6,square,1,-1,1,168.30857414500497,168.30857414500497,,,,,,,,,,,,,,,,Samyukta,007,2023-04-13_00h01.04.264,EE_trial,2022.2.5,None,
triangle,square,0.4,0.6,triangle.png,square.png,,,,,,,5,2,22,0,,,,,170.79089484500582,170.79089484500582,0.5073256590112578,0.27555555555555555,-0.07555555555555556,1,0,0,image_right,right,0.6,square,-1,-1,-1,172.04724401599378,172.04724401599378,,,,,,,,,,,,,,,,Samyukta,007,2023-04-13_00h01.04.264,EE_trial,2022.2.5,None,
circle,cross,0.9,0.1,circle.png,cross.png,,,,,,,5,3,23,3,,,,,174.5308925339923,174.5308925339923,0.5098371510102879,-0.2311111111111111,-0.07888888888888888,1,0,0,image_left,left,0.9,circle,1,1,1,176.62184978199366,176.62184978199366,,,,,,,,,,,,,,,,Samyukta,007,2023-04-13_00h01.04.264,EE_trial,2022.2.5,None,
triangle,square,0.4,0.6,triangle.png,square.png,,,,,,,6,0,24,0,,,,,179.0973218940053,179.0973218940053,0.5013814299891237,0.3788888888888889,-0.03666666666666667,1,0,0,image_right,right,0.6,square,-1,-1,-1,181.07422416900226,181.07422416900226,,,,,,,,,,,,,,,,Samyukta,007,2023-04-13_00h01.04.264,EE_trial,2022.2.5,None,
circle,cross,0.9,0.1,circle.png,cross.png,,,,,,,6,1,25,3,,,,,183.55774486699374,183.55774486699374,0.5107900339935441,-0.23444444444444446,-0.06666666666666667,1,0,0,image_left,left,0.9,circle,1,-1,1,185.1250504530035,185.1250504530035,,,,,,,,,,,,,,,,Samyukta,007,2023-04-13_00h01.04.264,EE_trial,2022.2.5,None,
cross,circle,0.1,0.9,cross.png,circle.png,,,,,,,6,2,26,2,,,,,187.60751474599238,187.60751474599238,0.5119083070021588,0.2611111111111111,-0.07666666666666666,1,0,0,image_right,right,0.9,circle,-1,1,1,189.4277283160045,189.4277283160045,,,,,,,,,,,,,,,,Samyukta,007,2023-04-13_00h01.04.264,EE_trial,2022.2.5,None,
square,triangle,0.6,0.4,square.png,triangle.png,,,,,,,6,3,27,1,,,,,191.91394503999618,191.91394503999618,0.49904152999806684,0.2611111111111111,-0.07555555555555556,1,0,0,image_right,right,0.4,triangle,1,1,1,193.6072952789982,193.6072952789982,,,,,,,,,,,,,,,,Samyukta,007,2023-04-13_00h01.04.264,EE_trial,2022.2.5,None,
triangle,square,0.4,0.6,triangle.png,square.png,,,,,,,7,0,28,0,,,,,196.08104177800124,196.08104177800124,0.501408651995007,-0.2788888888888889,-0.03666666666666667,1,0,0,image_left,left,0.4,triangle,1,1,1,198.15431434000493,198.15431434000493,,,,,,,,,,,,,,,,Samyukta,007,2023-04-13_00h01.04.264,EE_trial,2022.2.5,None,
circle,cross,0.9,0.1,circle.png,cross.png,,,,,,,7,1,29,3,,,,,200.63038307300303,200.63038307300303,0.5016092439909698,-0.2788888888888889,-0.03666666666666667,1,0,0,image_left,left,0.9,circle,1,-1,1,201.54049671899702,201.54049671899702,,,,,,,,,,,,,,,,Samyukta,007,2023-04-13_00h01.04.264,EE_trial,2022.2.5,None,
square,triangle,0.6,0.4,square.png,triangle.png,,,,,,,7,2,30,1,,,,,204.01481717299612,204.01481717299612,0.5005003599944757,0.27111111111111114,-0.034444444444444444,1,0,0,image_right,right,0.4,triangle,1,-1,-1,205.8071561389952,205.8071561389952,,,,,,,,,,,,,,,,Samyukta,007,2023-04-13_00h01.04.264,EE_trial,2022.2.5,None,
cross,circle,0.1,0.9,cross.png,circle.png,,,,,,,7,3,31,2,,,,,208.2896388460067,208.2896388460067,0.5078086000139592,0.37444444444444447,-0.07333333333333333,1,0,0,image_right,right,0.9,circle,-1,1,1,209.89296425400244,209.89296425400244,,,,,,,,,,,,,,,,Samyukta,007,2023-04-13_00h01.04.264,EE_trial,2022.2.5,None,
cross,circle,0.1,0.9,cross.png,circle.png,,,,,,,8,0,32,2,,,,,212.38683671600302,212.38683671600302,0.5077129499986768,0.3377777777777778,-0.06,1,0,0,image_right,right,0.9,circle,-1,1,1,213.8198017800023,213.8198017800023,,,,,,,,,,,,,,,,Samyukta,007,2023-04-13_00h01.04.264,EE_trial,2022.2.5,None,
circle,cross,0.9,0.1,circle.png,cross.png,,,,,,,8,1,33,3,,,,,216.29702557000564,216.29702557000564,0.5023613560042577,-0.2388888888888889,-0.052222222222222225,1,0,0,image_left,left,0.9,circle,1,-1,1,218.05489825499535,218.05489825499535,,,,,,,,,,,,,,,,Samyukta,007,2023-04-13_00h01.04.264,EE_trial,2022.2.5,None,
cross,circle,0.1,0.9,cross.png,circle.png,,,,,,,8,2,34,2,,,,,220.53269495000131,220.53269495000131,0.5038088090077508,0.2788888888888889,-0.06444444444444444,1,0,0,image_right,right,0.9,circle,-1,1,1,221.7005329100066,221.7005329100066,,,,,,,,,,,,,,,,Samyukta,007,2023-04-13_00h01.04.264,EE_trial,2022.2.5,None,
circle,cross,0.9,0.1,circle.png,cross.png,,,,,,,8,3,35,3,,,,,224.17997832900437,224.17997832900437,0.5071860290045151,-0.28,-0.025555555555555557,1,0,0,image_left,left,0.9,circle,1,-1,1,225.07321629299258,225.07321629299258,,,,,,,,,,,,,,,,Samyukta,007,2023-04-13_00h01.04.264,EE_trial,2022.2.5,None,
cross,circle,0.1,0.9,cross.png,circle.png,,,,,,,9,0,36,2,,,,,227.54773045200272,227.54773045200272,0.5016174260090338,0.2588888888888889,-0.03222222222222222,1,0,0,image_right,right,0.9,circle,-1,1,1,228.3915512639942,228.3915512639942,,,,,,,,,,,,,,,,Samyukta,007,2023-04-13_00h01.04.264,EE_trial,2022.2.5,None,
circle,cross,0.9,0.1,circle.png,cross.png,,,,,,,9,1,37,3,,,,,230.86706488499476,230.86706488499476,0.5014000219962327,-0.27111111111111114,-0.035555555555555556,1,0,0,image_left,left,0.9,circle,-1,-1,-1,232.3878818670055,232.3878818670055,,,,,,,,,,,,,,,,Samyukta,007,2023-04-13_00h01.04.264,EE_trial,2022.2.5,None,
square,triangle,0.6,0.4,square.png,triangle.png,,,,,,,9,2,38,1,,,,,234.8663036049984,234.8663036049984,0.5042205009958707,-0.2788888888888889,-0.035555555555555556,1,0,0,image_left,left,0.6,square,1,1,1,235.94620596099412,235.94620596099412,,,,,,,,,,,,,,,,Samyukta,007,2023-04-13_00h01.04.264,EE_trial,2022.2.5,None,
triangle,square,0.4,0.6,triangle.png,square.png,,,,,,,9,3,39,0,,,,,238.43174785000156,238.43174785000156,0.5033646560041234,-0.25555555555555554,-0.02,1,0,0,image_left,left,0.4,triangle,1,1,1,240.25930283099297,240.25930283099297,,,,,,,,,,,,,,,,Samyukta,007,2023-04-13_00h01.04.264,EE_trial,2022.2.5,None,
,,,,,,cross,0.8,0.1,0.9,cross.png,0.8.png,,,,,0,0,0,19,,,,,,,,,,,,,,,,,,242.74017973399896,242.74017973399896,0.5068769839999732,0.30333333333333334,-0.01888888888888889,1,0,0,image_right_es,right,0.9,0.8,-1,1,1,Samyukta,007,2023-04-13_00h01.04.264,EE_trial,2022.2.5,None,
,,,,,,square,0.4,0.6,0.7,square.png,0.4.png,,,,,0,1,1,11,,,,,,,,,,,,,,,,,,272.6340849889966,272.6340849889966,0.506111544003943,-0.2477777777777778,-0.04888888888888889,1,0,0,image_left_es,left,0.6,square,1,1,1,Samyukta,007,2023-04-13_00h01.04.264,EE_trial,2022.2.5,None,
,,,,,,square,-0.4,0.6,0.3,square.png,-0.4.png,,,,,0,2,2,9,,,,,,,,,,,,,,,,,,282.7469930280058,282.7469930280058,0.5041856690077111,-0.2477777777777778,-0.04888888888888889,1,0,0,image_left_es,left,0.6,square,1,1,1,Samyukta,007,2023-04-13_00h01.04.264,EE_trial,2022.2.5,None,
,,,,,,square,-0.8,0.6,0.1,square.png,-0.8.png,,,,,0,3,3,8,,,,,,,,,,,,,,,,,,288.7285714650061,288.7285714650061,0.5037879960000282,-0.2477777777777778,-0.04888888888888889,1,0,0,image_left_es,left,0.6,square,1,-1,1,Samyukta,007,2023-04-13_00h01.04.264,EE_trial,2022.2.5,None,
,,,,,,cross,-0.4,0.1,0.3,cross.png,-0.4.png,,,,,0,4,4,16,,,,,,,,,,,,,,,,,,292.69840175600257,292.69840175600257,0.5045821499952581,0.21555555555555556,-0.06333333333333334,1,0,0,image_right_es,right,0.3,-0.4,-1,1,1,Samyukta,007,2023-04-13_00h01.04.264,EE_trial,2022.2.5,None,
,,,,,,cross,0,0.1,0.5,cross.png,0.png,,,,,0,5,5,17,,,,,,,,,,,,,,,,,,296.38941396499285,296.38941396499285,0.5066223080066266,0.24222222222222223,-0.06222222222222222,1,0,0,image_right_es,right,0.5,0,-1,-1,-1,Samyukta,007,2023-04-13_00h01.04.264,EE_trial,2022.2.5,None,
,,,,,,triangle,0.4,0.4,0.7,triangle.png,0.4.png,,,,,0,6,6,4,,,,,,,,,,,,,,,,,,298.42280191100144,298.42280191100144,0.49910079401161056,-0.22777777777777777,-0.06666666666666667,1,0,0,image_left_es,left,0.4,triangle,-1,-1,-1,Samyukta,007,2023-04-13_00h01.04.264,EE_trial,2022.2.5,None,
,,,,,,square,0.2,0.6,0.2,square.png,0.2.png,,,,,0,7,7,13,,,,,,,,,,,,,,,,,,302.6830589519959,302.6830589519959,0.504806090000784,-0.23333333333333334,-0.06222222222222222,1,0,0,image_left_es,left,0.6,square,-1,-1,-1,Samyukta,007,2023-04-13_00h01.04.264,EE_trial,2022.2.5,None,
,,,,,,square,0,0.6,0.5,square.png,0.png,,,,,0,8,8,10,,,,,,,,,,,,,,,,,,304.90611506300047,304.90611506300047,0.5126070149999578,-0.22111111111111112,-0.058888888888888886,1,0,0,image_left_es,left,0.6,square,1,1,1,Samyukta,007,2023-04-13_00h01.04.264,EE_trial,2022.2.5,None,
,,,,,,square,-0.2,0.6,0,square.png,-0.2.png,,,,,0,9,9,7,,,,,,,,,,,,,,,,,,307.3806501200015,307.3806501200015,0.5025647660077084,-0.23333333333333334,-0.07,1,0,0,image_left_es,left,0.6,square,-1,-1,-1,Samyukta,007,2023-04-13_00h01.04.264,EE_trial,2022.2.5,None,
,,,,,,triangle,0,0.4,0.5,triangle.png,0.png,,,,,0,10,10,3,,,,,,,,,,,,,,,,,,314.7897862539976,314.7897862539976,0.5111959439964266,-0.22666666666666666,-0.06777777777777778,1,0,0,image_left_es,left,0.4,triangle,-1,-1,-1,Samyukta,007,2023-04-13_00h01.04.264,EE_trial,2022.2.5,None,
,,,,,,square,0.8,0.6,0.9,square.png,0.8.png,,,,,0,11,11,12,,,,,,,,,,,,,,,,,,317.88754681999853,317.88754681999853,0.4991057619918138,0.28555555555555556,-0.07444444444444444,1,0,0,image_right_es,right,0.9,0.8,-1,1,1,Samyukta,007,2023-04-13_00h01.04.264,EE_trial,2022.2.5,None,
,,,,,,circle,0.8,0.9,0.9,circle.png,0.8.png,,,,,0,12,12,26,,,,,,,,,,,,,,,,,,321.28184351600066,321.28184351600066,0.5003897169954143,0.28555555555555556,-0.07444444444444444,1,0,0,image_right_es,right,0.9,0.8,1,1,1,Samyukta,007,2023-04-13_00h01.04.264,EE_trial,2022.2.5,None,
,,,,,,circle,-0.8,0.9,0.1,circle.png,-0.8.png,,,,,0,13,13,22,,,,,,,,,,,,,,,,,,322.9059790750034,322.9059790750034,0.5052684499969473,-0.25222222222222224,-0.04777777777777778,1,0,0,image_left_es,left,0.9,circle,1,-1,1,Samyukta,007,2023-04-13_00h01.04.264,EE_trial,2022.2.5,None,
,,,,,,circle,-0.4,0.9,0.3,circle.png,-0.4.png,,,,,0,14,14,23,,,,,,,,,,,,,,,,,,327.16250534000574,327.16250534000574,0.5003735520003829,-0.2511111111111111,-0.03888888888888889,1,0,0,image_left_es,left,0.9,circle,1,-1,1,Samyukta,007,2023-04-13_00h01.04.264,EE_trial,2022.2.5,None,
,,,,,,triangle,-0.8,0.4,0.1,triangle.png,-0.8.png,,,,,0,15,15,1,,,,,,,,,,,,,,,,,,329.4374632789986,329.4374632789986,0.5167191740038106,-0.2511111111111111,-0.03888888888888889,1,0,0,image_left_es,left,0.4,triangle,1,-1,1,Samyukta,007,2023-04-13_00h01.04.264,EE_trial,2022.2.5,None,
,,,,,,triangle,0.8,0.4,0.9,triangle.png,0.8.png,,,,,0,16,16,5,,,,,,,,,,,,,,,,,,337.08209304499906,337.08209304499906,0.5063354690064443,-0.22666666666666666,-0.06555555555555556,1,0,0,image_left_es,left,0.4,triangle,-1,1,-1,Samyukta,007,2023-04-13_00h01.04.264,EE_trial,2022.2.5,None,
,,,,,,cross,0.4,0.1,0.7,cross.png,0.4.png,,,,,0,17,17,18,,,,,,,,,,,,,,,,,,344.45998667499225,344.45998667499225,0.5111734120000619,0.24555555555555555,-0.012222222222222223,1,0,0,image_right_es,right,0.7,0.4,-1,1,1,Samyukta,007,2023-04-13_00h01.04.264,EE_trial,2022.2.5,None,
,,,,,,cross,0.2,0.1,0.2,cross.png,0.2.png,,,,,0,18,18,20,,,,,,,,,,,,,,,,,,346.6278716670058,346.6278716670058,0.5017794269951992,0.24555555555555555,-0.012222222222222223,1,0,0,image_right_es,right,0.2,0.2,-1,-1,-1,Samyukta,007,2023-04-13_00h01.04.264,EE_trial,2022.2.5,None,
,,,,,,circle,-0.2,0.9,0,circle.png,-0.2.png,,,,,0,19,19,21,,,,,,,,,,,,,,,,,,348.36035203600477,348.36035203600477,0.5005917009984842,-0.24333333333333335,-0.051111111111111114,1,0,0,image_left_es,left,0.9,circle,1,-1,1,Samyukta,007,2023-04-13_00h01.04.264,EE_trial,2022.2.5,None,
,,,,,,circle,0.2,0.9,0.2,circle.png,0.2.png,,,,,0,20,20,27,,,,,,,,,,,,,,,,,,350.86636193499726,350.86636193499726,0.5024802920088405,-0.24333333333333335,-0.051111111111111114,1,0,0,image_left_es,left,0.9,circle,1,-1,1,Samyukta,007,2023-04-13_00h01.04.264,EE_trial,2022.2.5,None,
,,,,,,triangle,-0.2,0.4,0,triangle.png,-0.2.png,,,,,0,21,21,0,,,,,,,,,,,,,,,,,,352.26157318099285,352.26157318099285,0.49980685199261643,-0.24333333333333335,-0.051111111111111114,1,0,0,image_left_es,left,0.4,triangle,-1,-1,-1,Samyukta,007,2023-04-13_00h01.04.264,EE_trial,2022.2.5,None,
,,,,,,triangle,-0.4,0.4,0.3,triangle.png,-0.4.png,,,,,0,22,22,2,,,,,,,,,,,,,,,,,,354.55492224100453,354.55492224100453,0.5031797190022189,-0.24333333333333335,-0.051111111111111114,1,0,0,image_left_es,left,0.4,triangle,-1,-1,-1,Samyukta,007,2023-04-13_00h01.04.264,EE_trial,2022.2.5,None,
,,,,,,circle,0,0.9,0.5,circle.png,0.png,,,,,0,23,23,24,,,,,,,,,,,,,,,,,,356.4124460909952,356.4124460909952,0.5052127969975118,-0.24333333333333335,-0.051111111111111114,1,0,0,image_left_es,left,0.9,circle,1,1,1,Samyukta,007,2023-04-13_00h01.04.264,EE_trial,2022.2.5,None,
,,,,,,triangle,0.2,0.4,0.2,triangle.png,0.2.png,,,,,0,24,24,6,,,,,,,,,,,,,,,,,,359.18226896399574,359.18226896399574,0.5011683240009006,-0.24333333333333335,-0.051111111111111114,1,0,0,image_left_es,left,0.4,triangle,1,-1,1,Samyukta,007,2023-04-13_00h01.04.264,EE_trial,2022.2.5,None,
,,,,,,cross,-0.8,0.1,0.1,cross.png,-0.8.png,,,,,0,25,25,15,,,,,,,,,,,,,,,,,,360.6386223790032,360.6386223790032,0.5063014540064614,0.31777777777777777,-0.06111111111111111,1,0,0,image_right_es,right,0.1,-0.8,-1,-1,-1,Samyukta,007,2023-04-13_00h01.04.264,EE_trial,2022.2.5,None,
,,,,,,cross,-0.2,0.1,0,cross.png,-0.2.png,,,,,0,26,26,14,,,,,,,,,,,,,,,,,,364.4642302449938,364.4642302449938,0.5043603269878076,0.31777777777777777,-0.06111111111111111,1,0,0,image_right_es,right,0,-0.2,-1,-1,-1,Samyukta,007,2023-04-13_00h01.04.264,EE_trial,2022.2.5,None,
,,,,,,circle,0.4,0.9,0.7,circle.png,0.4.png,,,,,0,27,27,25,,,,,,,,,,,,,,,,,,366.4822477550042,366.4822477550042,0.5080646739952499,-0.22111111111111112,-0.06333333333333334,1,0,0,image_left_es,left,0.9,circle,-1,-1,-1,Samyukta,007,2023-04-13_00h01.04.264,EE_trial,2022.2.5,None,
