﻿shape_left,shape_right,probability_left,probability_right,address_left,address_right,shape_left_es,shape_right_es,probability_left_es,probability_right_es,address_left_es,address_right_es,trials.thisRepN,trials.thisTrialN,trials.thisN,trials.thisIndex,trials_es.thisRepN,trials_es.thisTrialN,trials_es.thisN,trials_es.thisIndex,image_left.started,image_right.started,mouse.started,mouse.x,mouse.y,mouse.leftButton,mouse.midButton,mouse.rightButton,mouse.clicked_name,chosen_side,chosen_probability,chosen_shape,outcome_left,outcome_right,chosen_outcome,text.started,image_retained.started,image_left_es.started,image_right_es.started,mouse_es.started,mouse_es.x,mouse_es.y,mouse_es.leftButton,mouse_es.midButton,mouse_es.rightButton,mouse_es.clicked_name,chosen_side_es,chosen_probability_es,chosen_shape_es,outcome_left_es,outcome_right_es,chosen_outcome_es,participant,session,date,expName,psychopyVersion,frameRate,
square,triangle,0.6,0.4,square.png,triangle.png,,,,,,,0,0,0,1,,,,,148.726669398995,148.726669398995,0.5083716939989245,0.2577777777777778,-0.0011111111111111111,1,0,0,image_right,right,0.4,triangle,1,-1,-1,153.4482699000073,153.4482699000073,,,,,,,,,,,,,,,,SUSMITHA,008,2023-04-13_00h09.13.927,EE_trial,2022.2.5,None,
cross,circle,0.1,0.9,cross.png,circle.png,,,,,,,0,1,1,2,,,,,155.8697473600041,155.8697473600041,0.5052471709932433,-0.2477777777777778,-0.016666666666666666,1,0,0,image_left,left,0.1,cross,1,1,1,163.0746319940081,163.0746319940081,,,,,,,,,,,,,,,,SUSMITHA,008,2023-04-13_00h09.13.927,EE_trial,2022.2.5,None,
cross,circle,0.1,0.9,cross.png,circle.png,,,,,,,0,2,2,2,,,,,165.54233939299593,165.54233939299593,0.5010795609996421,0.34444444444444444,-0.021111111111111112,1,0,0,image_right,right,0.9,circle,-1,1,1,184.60838676399726,184.60838676399726,,,,,,,,,,,,,,,,SUSMITHA,008,2023-04-13_00h09.13.927,EE_trial,2022.2.5,None,
circle,cross,0.9,0.1,circle.png,cross.png,,,,,,,0,3,3,3,,,,,187.06909339000413,187.06909339000413,0.5011483499984024,0.28,-0.011111111111111112,1,0,0,image_right,right,0.1,cross,1,-1,-1,196.0136236690014,196.0136236690014,,,,,,,,,,,,,,,,SUSMITHA,008,2023-04-13_00h09.13.927,EE_trial,2022.2.5,None,
circle,cross,0.9,0.1,circle.png,cross.png,,,,,,,1,0,4,3,,,,,198.48005278500204,198.48005278500204,0.5021048019989394,0.2733333333333333,-0.017777777777777778,1,0,0,image_right,right,0.1,cross,1,-1,-1,201.86078948000795,201.86078948000795,,,,,,,,,,,,,,,,SUSMITHA,008,2023-04-13_00h09.13.927,EE_trial,2022.2.5,None,
circle,cross,0.9,0.1,circle.png,cross.png,,,,,,,1,1,5,3,,,,,204.33051656700263,204.33051656700263,0.49973719799891114,0.2511111111111111,-0.028888888888888888,1,0,0,image_right,right,0.1,cross,1,-1,-1,209.10206712500076,209.10206712500076,,,,,,,,,,,,,,,,SUSMITHA,008,2023-04-13_00h09.13.927,EE_trial,2022.2.5,None,
square,triangle,0.6,0.4,square.png,triangle.png,,,,,,,1,2,6,1,,,,,211.56089059900842,211.56089059900842,0.5035812310088659,-0.24,-0.02,1,0,0,image_left,left,0.6,square,-1,-1,-1,220.7748234430037,220.7748234430037,,,,,,,,,,,,,,,,SUSMITHA,008,2023-04-13_00h09.13.927,EE_trial,2022.2.5,None,
cross,circle,0.1,0.9,cross.png,circle.png,,,,,,,1,3,7,2,,,,,223.24242837399652,223.24242837399652,0.49986407499818597,-0.27555555555555555,-0.021111111111111112,1,0,0,image_left,left,0.1,cross,-1,1,-1,225.14212906100147,225.14212906100147,,,,,,,,,,,,,,,,SUSMITHA,008,2023-04-13_00h09.13.927,EE_trial,2022.2.5,None,
triangle,square,0.4,0.6,triangle.png,square.png,,,,,,,2,0,8,0,,,,,227.61086165500456,227.61086165500456,0.5074899780011037,-0.23555555555555555,-0.017777777777777778,1,0,0,image_left,left,0.4,triangle,-1,-1,-1,229.72098889900371,229.72098889900371,,,,,,,,,,,,,,,,SUSMITHA,008,2023-04-13_00h09.13.927,EE_trial,2022.2.5,None,
circle,cross,0.9,0.1,circle.png,cross.png,,,,,,,2,1,9,3,,,,,232.18696182999702,232.18696182999702,0.5051908000023104,-0.3888888888888889,0.014444444444444444,1,0,0,image_left,left,0.9,circle,1,1,1,234.8578401959967,234.8578401959967,,,,,,,,,,,,,,,,SUSMITHA,008,2023-04-13_00h09.13.927,EE_trial,2022.2.5,None,
square,triangle,0.6,0.4,square.png,triangle.png,,,,,,,2,2,10,1,,,,,237.334657711006,237.334657711006,0.5071792179951444,-0.2411111111111111,0.021111111111111112,1,0,0,image_left,left,0.6,square,1,1,1,239.0434660220053,239.0434660220053,,,,,,,,,,,,,,,,SUSMITHA,008,2023-04-13_00h09.13.927,EE_trial,2022.2.5,None,
triangle,square,0.4,0.6,triangle.png,square.png,,,,,,,2,3,11,0,,,,,241.50887033999607,241.50887033999607,0.5066809690033551,-0.2411111111111111,0.021111111111111112,1,0,0,image_left,left,0.4,triangle,1,1,1,242.85416434500075,242.85416434500075,,,,,,,,,,,,,,,,SUSMITHA,008,2023-04-13_00h09.13.927,EE_trial,2022.2.5,None,
cross,circle,0.1,0.9,cross.png,circle.png,,,,,,,3,0,12,2,,,,,245.32322978699813,245.32322978699813,0.500043296997319,0.28,-0.0022222222222222222,1,0,0,image_right,right,0.9,circle,1,1,1,250.1221067449951,250.1221067449951,,,,,,,,,,,,,,,,SUSMITHA,008,2023-04-13_00h09.13.927,EE_trial,2022.2.5,None,
square,triangle,0.6,0.4,square.png,triangle.png,,,,,,,3,1,13,1,,,,,252.5955994429969,252.5955994429969,0.504262974995072,0.28,-0.0022222222222222222,1,0,0,image_right,right,0.4,triangle,-1,-1,-1,258.99594405699463,258.99594405699463,,,,,,,,,,,,,,,,SUSMITHA,008,2023-04-13_00h09.13.927,EE_trial,2022.2.5,None,
circle,cross,0.9,0.1,circle.png,cross.png,,,,,,,3,2,14,3,,,,,261.4865745200077,261.4865745200077,0.5060889580054209,0.28,-0.0022222222222222222,1,0,0,image_right,right,0.1,cross,1,1,1,267.64445094700204,267.64445094700204,,,,,,,,,,,,,,,,SUSMITHA,008,2023-04-13_00h09.13.927,EE_trial,2022.2.5,None,
triangle,square,0.4,0.6,triangle.png,square.png,,,,,,,3,3,15,0,,,,,270.11052219099656,270.11052219099656,0.5084439409984043,0.28,-0.0022222222222222222,1,0,0,image_right,right,0.6,square,-1,-1,-1,273.5437248980015,273.5437248980015,,,,,,,,,,,,,,,,SUSMITHA,008,2023-04-13_00h09.13.927,EE_trial,2022.2.5,None,
square,triangle,0.6,0.4,square.png,triangle.png,,,,,,,4,0,16,1,,,,,276.0191376800067,276.0191376800067,0.5060364059900166,0.28,-0.0022222222222222222,1,0,0,image_right,right,0.4,triangle,-1,-1,-1,276.85437893899507,276.85437893899507,,,,,,,,,,,,,,,,SUSMITHA,008,2023-04-13_00h09.13.927,EE_trial,2022.2.5,None,
triangle,square,0.4,0.6,triangle.png,square.png,,,,,,,4,1,17,0,,,,,279.3232159330073,279.3232159330073,0.5109010050073266,0.28,-0.0022222222222222222,1,0,0,image_right,right,0.6,square,1,1,1,280.4538403790066,280.4538403790066,,,,,,,,,,,,,,,,SUSMITHA,008,2023-04-13_00h09.13.927,EE_trial,2022.2.5,None,
circle,cross,0.9,0.1,circle.png,cross.png,,,,,,,4,2,18,3,,,,,282.91888134300825,282.91888134300825,0.5023059410013957,0.28,-0.0022222222222222222,1,0,0,image_right,right,0.1,cross,1,-1,-1,285.22482661600225,285.22482661600225,,,,,,,,,,,,,,,,SUSMITHA,008,2023-04-13_00h09.13.927,EE_trial,2022.2.5,None,
triangle,square,0.4,0.6,triangle.png,square.png,,,,,,,4,3,19,0,,,,,287.69623911399685,287.69623911399685,0.5017294569988735,0.28,-0.0022222222222222222,1,0,0,image_right,right,0.6,square,-1,-1,-1,289.0691705490026,289.0691705490026,,,,,,,,,,,,,,,,SUSMITHA,008,2023-04-13_00h09.13.927,EE_trial,2022.2.5,None,
circle,cross,0.9,0.1,circle.png,cross.png,,,,,,,5,0,20,3,,,,,291.5360733289999,291.5360733289999,0.5061886309995316,0.28,-0.0011111111111111111,1,0,0,image_right,right,0.1,cross,1,-1,-1,292.25278222499765,292.25278222499765,,,,,,,,,,,,,,,,SUSMITHA,008,2023-04-13_00h09.13.927,EE_trial,2022.2.5,None,
cross,circle,0.1,0.9,cross.png,circle.png,,,,,,,5,1,21,2,,,,,294.7295938269963,294.7295938269963,0.5072196270048153,0.27111111111111114,-0.014444444444444444,1,0,0,image_right,right,0.9,circle,-1,1,1,300.1561110229959,300.1561110229959,,,,,,,,,,,,,,,,SUSMITHA,008,2023-04-13_00h09.13.927,EE_trial,2022.2.5,None,
cross,circle,0.1,0.9,cross.png,circle.png,,,,,,,5,2,22,2,,,,,302.61875573800353,302.61875573800353,0.5039204249915201,0.27111111111111114,-0.014444444444444444,1,0,0,image_right,right,0.9,circle,-1,1,1,303.6704329040076,303.6704329040076,,,,,,,,,,,,,,,,SUSMITHA,008,2023-04-13_00h09.13.927,EE_trial,2022.2.5,None,
square,triangle,0.6,0.4,square.png,triangle.png,,,,,,,5,3,23,1,,,,,306.1412854000082,306.1412854000082,0.500781538998126,0.27111111111111114,-0.014444444444444444,1,0,0,image_right,right,0.4,triangle,1,1,1,307.13055974700546,307.13055974700546,,,,,,,,,,,,,,,,SUSMITHA,008,2023-04-13_00h09.13.927,EE_trial,2022.2.5,None,
triangle,square,0.4,0.6,triangle.png,square.png,,,,,,,6,0,24,0,,,,,309.6192547179962,309.6192547179962,0.5005675800057361,0.27111111111111114,-0.014444444444444444,1,0,0,image_right,right,0.6,square,1,1,1,312.5364769370062,312.5364769370062,,,,,,,,,,,,,,,,SUSMITHA,008,2023-04-13_00h09.13.927,EE_trial,2022.2.5,None,
square,triangle,0.6,0.4,square.png,triangle.png,,,,,,,6,1,25,1,,,,,315.00770001200726,315.00770001200726,0.501258987991605,0.27111111111111114,-0.014444444444444444,1,0,0,image_right,right,0.4,triangle,1,-1,-1,315.8884114800021,315.8884114800021,,,,,,,,,,,,,,,,SUSMITHA,008,2023-04-13_00h09.13.927,EE_trial,2022.2.5,None,
circle,cross,0.9,0.1,circle.png,cross.png,,,,,,,6,2,26,3,,,,,318.35115001800295,318.35115001800295,0.500667999003781,0.27111111111111114,-0.014444444444444444,1,0,0,image_right,right,0.1,cross,1,-1,-1,319.1855324719945,319.1855324719945,,,,,,,,,,,,,,,,SUSMITHA,008,2023-04-13_00h09.13.927,EE_trial,2022.2.5,None,
circle,cross,0.9,0.1,circle.png,cross.png,,,,,,,6,3,27,3,,,,,321.6524959570088,321.6524959570088,0.5074129779968644,0.27111111111111114,-0.014444444444444444,1,0,0,image_right,right,0.1,cross,1,-1,-1,321.8921903480077,321.8921903480077,,,,,,,,,,,,,,,,SUSMITHA,008,2023-04-13_00h09.13.927,EE_trial,2022.2.5,None,
square,triangle,0.6,0.4,square.png,triangle.png,,,,,,,7,0,28,1,,,,,324.36243483600265,324.36243483600265,0.5005035390058765,0.27111111111111114,-0.014444444444444444,1,0,0,image_right,right,0.4,triangle,-1,-1,-1,327.05965000799915,327.05965000799915,,,,,,,,,,,,,,,,SUSMITHA,008,2023-04-13_00h09.13.927,EE_trial,2022.2.5,None,
triangle,square,0.4,0.6,triangle.png,square.png,,,,,,,7,1,29,0,,,,,329.5293203379988,329.5293203379988,0.49972576899745036,0.27111111111111114,-0.014444444444444444,1,0,0,image_right,right,0.6,square,1,1,1,330.62353491999966,330.62353491999966,,,,,,,,,,,,,,,,SUSMITHA,008,2023-04-13_00h09.13.927,EE_trial,2022.2.5,None,
square,triangle,0.6,0.4,square.png,triangle.png,,,,,,,7,2,30,1,,,,,333.09100669600593,333.09100669600593,0.5094605979975313,0.27111111111111114,-0.014444444444444444,1,0,0,image_right,right,0.4,triangle,1,1,1,333.8209909069992,333.8209909069992,,,,,,,,,,,,,,,,SUSMITHA,008,2023-04-13_00h09.13.927,EE_trial,2022.2.5,None,
triangle,square,0.4,0.6,triangle.png,square.png,,,,,,,7,3,31,0,,,,,336.2889184710075,336.2889184710075,0.5104734709893819,-0.24333333333333335,-0.04888888888888889,1,0,0,image_left,left,0.4,triangle,-1,1,-1,339.5581497520034,339.5581497520034,,,,,,,,,,,,,,,,SUSMITHA,008,2023-04-13_00h09.13.927,EE_trial,2022.2.5,None,
cross,circle,0.1,0.9,cross.png,circle.png,,,,,,,8,0,32,2,,,,,342.030159825008,342.030159825008,0.5018340690003242,-0.2811111111111111,-0.042222222222222223,1,0,0,image_left,left,0.1,cross,-1,1,-1,343.57144856899686,343.57144856899686,,,,,,,,,,,,,,,,SUSMITHA,008,2023-04-13_00h09.13.927,EE_trial,2022.2.5,None,
cross,circle,0.1,0.9,cross.png,circle.png,,,,,,,8,1,33,2,,,,,346.0346902470046,346.0346902470046,0.504335165998782,0.2511111111111111,-0.043333333333333335,1,0,0,image_right,right,0.9,circle,1,1,1,347.9615826399968,347.9615826399968,,,,,,,,,,,,,,,,SUSMITHA,008,2023-04-13_00h09.13.927,EE_trial,2022.2.5,None,
cross,circle,0.1,0.9,cross.png,circle.png,,,,,,,8,2,34,2,,,,,350.42715350900835,350.42715350900835,0.5204828580026515,0.25,-0.043333333333333335,1,0,0,image_right,right,0.9,circle,-1,1,1,351.0764677749976,351.0764677749976,,,,,,,,,,,,,,,,SUSMITHA,008,2023-04-13_00h09.13.927,EE_trial,2022.2.5,None,
triangle,square,0.4,0.6,triangle.png,square.png,,,,,,,8,3,35,0,,,,,353.55143841500103,353.55143841500103,0.5054571520013269,0.25,-0.043333333333333335,1,0,0,image_right,right,0.6,square,-1,1,1,354.2234374779946,354.2234374779946,,,,,,,,,,,,,,,,SUSMITHA,008,2023-04-13_00h09.13.927,EE_trial,2022.2.5,None,
triangle,square,0.4,0.6,triangle.png,square.png,,,,,,,9,0,36,0,,,,,356.6905689099949,356.6905689099949,0.5087202540016733,0.25,-0.043333333333333335,1,0,0,image_right,right,0.6,square,-1,1,1,357.3586403350055,357.3586403350055,,,,,,,,,,,,,,,,SUSMITHA,008,2023-04-13_00h09.13.927,EE_trial,2022.2.5,None,
square,triangle,0.6,0.4,square.png,triangle.png,,,,,,,9,1,37,1,,,,,359.8288166400016,359.8288166400016,0.5005790239956696,0.25,-0.043333333333333335,1,0,0,image_right,right,0.4,triangle,-1,-1,-1,360.7587164709985,360.7587164709985,,,,,,,,,,,,,,,,SUSMITHA,008,2023-04-13_00h09.13.927,EE_trial,2022.2.5,None,
circle,cross,0.9,0.1,circle.png,cross.png,,,,,,,9,2,38,3,,,,,363.2252792799991,363.2252792799991,0.5067474799870979,0.25,-0.043333333333333335,1,0,0,image_right,right,0.1,cross,1,-1,-1,364.1234869750042,364.1234869750042,,,,,,,,,,,,,,,,SUSMITHA,008,2023-04-13_00h09.13.927,EE_trial,2022.2.5,None,
cross,circle,0.1,0.9,cross.png,circle.png,,,,,,,9,3,39,2,,,,,366.59067289700033,366.59067289700033,0.5091744140081573,0.25,-0.043333333333333335,1,0,0,image_right,right,0.9,circle,-1,1,1,367.85304198000813,367.85304198000813,,,,,,,,,,,,,,,,SUSMITHA,008,2023-04-13_00h09.13.927,EE_trial,2022.2.5,None,
,,,,,,circle,-0.8,0.9,0.1,circle.png,-0.8.png,,,,,0,0,0,22,,,,,,,,,,,,,,,,,,370.33493234499474,370.33493234499474,0.5112357559992233,-0.3111111111111111,-0.03777777777777778,1,0,0,image_left_es,left,0.9,circle,1,-1,1,SUSMITHA,008,2023-04-13_00h09.13.927,EE_trial,2022.2.5,None,
,,,,,,triangle,-0.8,0.4,0.1,triangle.png,-0.8.png,,,,,0,1,1,1,,,,,,,,,,,,,,,,,,389.26809451400186,389.26809451400186,0.5055023470049491,0.29,-0.03666666666666667,1,0,0,image_right_es,right,0.1,-0.8,-1,-1,-1,SUSMITHA,008,2023-04-13_00h09.13.927,EE_trial,2022.2.5,None,
,,,,,,cross,0.2,0.1,0.2,cross.png,0.2.png,,,,,0,2,2,20,,,,,,,,,,,,,,,,,,397.01766117999796,397.01766117999796,0.5039473540091421,-0.32666666666666666,-0.0044444444444444444,1,0,0,image_left_es,left,0.1,cross,-1,-1,-1,SUSMITHA,008,2023-04-13_00h09.13.927,EE_trial,2022.2.5,None,
,,,,,,triangle,0.8,0.4,0.9,triangle.png,0.8.png,,,,,0,3,3,5,,,,,,,,,,,,,,,,,,402.98465368899633,402.98465368899633,0.5039090649952414,-0.38555555555555554,0.028888888888888888,1,0,0,image_left_es,left,0.4,triangle,-1,1,-1,SUSMITHA,008,2023-04-13_00h09.13.927,EE_trial,2022.2.5,None,
,,,,,,triangle,-0.2,0.4,0,triangle.png,-0.2.png,,,,,0,4,4,0,,,,,,,,,,,,,,,,,,407.60006841599534,407.60006841599534,0.5024936679983512,0.2722222222222222,-0.044444444444444446,1,0,0,image_right_es,right,0,-0.2,1,-1,-1,SUSMITHA,008,2023-04-13_00h09.13.927,EE_trial,2022.2.5,None,
,,,,,,circle,0.4,0.9,0.7,circle.png,0.4.png,,,,,0,5,5,25,,,,,,,,,,,,,,,,,,429.64110158100084,429.64110158100084,0.5060048550076317,0.31666666666666665,-0.016666666666666666,1,0,0,image_right_es,right,0.7,0.4,1,1,1,SUSMITHA,008,2023-04-13_00h09.13.927,EE_trial,2022.2.5,None,
,,,,,,cross,0.4,0.1,0.7,cross.png,0.4.png,,,,,0,6,6,18,,,,,,,,,,,,,,,,,,434.19004112199764,434.19004112199764,0.4993682040076237,-0.31222222222222223,-0.04777777777777778,1,0,0,image_left_es,left,0.1,cross,-1,-1,-1,SUSMITHA,008,2023-04-13_00h09.13.927,EE_trial,2022.2.5,None,
,,,,,,square,0,0.6,0.5,square.png,0.png,,,,,0,7,7,10,,,,,,,,,,,,,,,,,,438.26951241299685,438.26951241299685,0.5076651179988403,0.33444444444444443,-0.011111111111111112,1,0,0,image_right_es,right,0.5,0,1,1,1,SUSMITHA,008,2023-04-13_00h09.13.927,EE_trial,2022.2.5,None,
,,,,,,square,0.8,0.6,0.9,square.png,0.8.png,,,,,0,8,8,12,,,,,,,,,,,,,,,,,,442.9329330420005,442.9329330420005,0.5043547789973672,0.30444444444444446,0.0022222222222222222,1,0,0,image_right_es,right,0.9,0.8,1,1,1,SUSMITHA,008,2023-04-13_00h09.13.927,EE_trial,2022.2.5,None,
,,,,,,cross,0.8,0.1,0.9,cross.png,0.8.png,,,,,0,9,9,19,,,,,,,,,,,,,,,,,,447.47780220300774,447.47780220300774,0.500547909992747,-0.31444444444444447,-0.034444444444444444,1,0,0,image_left_es,left,0.1,cross,-1,-1,-1,SUSMITHA,008,2023-04-13_00h09.13.927,EE_trial,2022.2.5,None,
,,,,,,cross,-0.4,0.1,0.3,cross.png,-0.4.png,,,,,0,10,10,16,,,,,,,,,,,,,,,,,,450.6501510520029,450.6501510520029,0.5038074960029917,0.24555555555555555,-0.02666666666666667,1,0,0,image_right_es,right,0.3,-0.4,1,1,1,SUSMITHA,008,2023-04-13_00h09.13.927,EE_trial,2022.2.5,None,
,,,,,,square,-0.2,0.6,0,square.png,-0.2.png,,,,,0,11,11,7,,,,,,,,,,,,,,,,,,453.69078370199713,453.69078370199713,0.5060577019903576,-0.3622222222222222,-0.005555555555555556,1,0,0,image_left_es,left,0.6,square,1,-1,1,SUSMITHA,008,2023-04-13_00h09.13.927,EE_trial,2022.2.5,None,
,,,,,,triangle,0,0.4,0.5,triangle.png,0.png,,,,,0,12,12,3,,,,,,,,,,,,,,,,,,459.04078700700484,459.04078700700484,0.5025191610038746,-0.3377777777777778,-0.0033333333333333335,1,0,0,image_left_es,left,0.4,triangle,1,1,1,SUSMITHA,008,2023-04-13_00h09.13.927,EE_trial,2022.2.5,None,
,,,,,,square,-0.4,0.6,0.3,square.png,-0.4.png,,,,,0,13,13,9,,,,,,,,,,,,,,,,,,462.02733758700197,462.02733758700197,0.5053684700105805,-0.25,0.0022222222222222222,1,0,0,image_left_es,left,0.6,square,1,1,1,SUSMITHA,008,2023-04-13_00h09.13.927,EE_trial,2022.2.5,None,
,,,,,,triangle,0.2,0.4,0.2,triangle.png,0.2.png,,,,,0,14,14,6,,,,,,,,,,,,,,,,,,470.8495064699964,470.8495064699964,0.5027649739931803,-0.23444444444444446,-0.04666666666666667,1,0,0,image_left_es,left,0.4,triangle,1,1,1,SUSMITHA,008,2023-04-13_00h09.13.927,EE_trial,2022.2.5,None,
,,,,,,triangle,-0.4,0.4,0.3,triangle.png,-0.4.png,,,,,0,15,15,2,,,,,,,,,,,,,,,,,,474.6324446399958,474.6324446399958,0.5028927230014233,0.35777777777777775,-0.05444444444444444,1,0,0,image_right_es,right,0.3,-0.4,-1,-1,-1,SUSMITHA,008,2023-04-13_00h09.13.927,EE_trial,2022.2.5,None,
,,,,,,cross,-0.8,0.1,0.1,cross.png,-0.8.png,,,,,0,16,16,15,,,,,,,,,,,,,,,,,,476.88197615400713,476.88197615400713,0.5012946579954587,0.29333333333333333,-0.044444444444444446,1,0,0,image_right_es,right,0.1,-0.8,-1,-1,-1,SUSMITHA,008,2023-04-13_00h09.13.927,EE_trial,2022.2.5,None,
,,,,,,triangle,0.4,0.4,0.7,triangle.png,0.4.png,,,,,0,17,17,4,,,,,,,,,,,,,,,,,,480.30867884300824,480.30867884300824,0.4999625729979016,-0.24555555555555555,-0.042222222222222223,1,0,0,image_left_es,left,0.4,triangle,1,1,1,SUSMITHA,008,2023-04-13_00h09.13.927,EE_trial,2022.2.5,None,
,,,,,,cross,-0.2,0.1,0,cross.png,-0.2.png,,,,,0,18,18,14,,,,,,,,,,,,,,,,,,483.1155191440048,483.1155191440048,0.5113932340027532,0.21888888888888888,-0.042222222222222223,1,0,0,image_right_es,right,0,-0.2,-1,-1,-1,SUSMITHA,008,2023-04-13_00h09.13.927,EE_trial,2022.2.5,None,
,,,,,,circle,-0.2,0.9,0,circle.png,-0.2.png,,,,,0,19,19,21,,,,,,,,,,,,,,,,,,486.155742671006,486.155742671006,0.5002533260121709,-0.26,-0.043333333333333335,1,0,0,image_left_es,left,0.9,circle,1,-1,1,SUSMITHA,008,2023-04-13_00h09.13.927,EE_trial,2022.2.5,None,
,,,,,,square,0.4,0.6,0.7,square.png,0.4.png,,,,,0,20,20,11,,,,,,,,,,,,,,,,,,488.9990553520038,488.9990553520038,0.5025515659945086,0.3277777777777778,-0.01,1,0,0,image_right_es,right,0.7,0.4,1,1,1,SUSMITHA,008,2023-04-13_00h09.13.927,EE_trial,2022.2.5,None,
,,,,,,circle,-0.4,0.9,0.3,circle.png,-0.4.png,,,,,0,21,21,23,,,,,,,,,,,,,,,,,,493.22621375300514,493.22621375300514,0.5008710260008229,-0.25,-0.042222222222222223,1,0,0,image_left_es,left,0.9,circle,1,-1,1,SUSMITHA,008,2023-04-13_00h09.13.927,EE_trial,2022.2.5,None,
,,,,,,circle,0.2,0.9,0.2,circle.png,0.2.png,,,,,0,22,22,27,,,,,,,,,,,,,,,,,,495.8984432080033,495.8984432080033,0.5015970730019035,0.24666666666666667,-0.042222222222222223,1,0,0,image_right_es,right,0.2,0.2,1,1,1,SUSMITHA,008,2023-04-13_00h09.13.927,EE_trial,2022.2.5,None,
,,,,,,cross,0,0.1,0.5,cross.png,0.png,,,,,0,23,23,17,,,,,,,,,,,,,,,,,,498.9399421749986,498.9399421749986,0.5058945679920726,-0.2511111111111111,-0.06888888888888889,1,0,0,image_left_es,left,0.1,cross,-1,-1,-1,SUSMITHA,008,2023-04-13_00h09.13.927,EE_trial,2022.2.5,None,
,,,,,,square,0.2,0.6,0.2,square.png,0.2.png,,,,,0,24,24,13,,,,,,,,,,,,,,,,,,501.1162092779996,501.1162092779996,0.5035435560130281,0.33111111111111113,-0.0011111111111111111,1,0,0,image_right_es,right,0.2,0.2,1,-1,-1,SUSMITHA,008,2023-04-13_00h09.13.927,EE_trial,2022.2.5,None,
,,,,,,circle,0,0.9,0.5,circle.png,0.png,,,,,0,25,25,24,,,,,,,,,,,,,,,,,,503.6560138030036,503.6560138030036,0.5069707840011688,-0.3322222222222222,-0.04111111111111111,1,0,0,image_left_es,left,0.9,circle,1,1,1,SUSMITHA,008,2023-04-13_00h09.13.927,EE_trial,2022.2.5,None,
,,,,,,circle,0.8,0.9,0.9,circle.png,0.8.png,,,,,0,26,26,26,,,,,,,,,,,,,,,,,,506.19938068199554,506.19938068199554,0.5118802770011825,0.36666666666666664,-0.021111111111111112,1,0,0,image_right_es,right,0.9,0.8,-1,-1,-1,SUSMITHA,008,2023-04-13_00h09.13.927,EE_trial,2022.2.5,None,
,,,,,,square,-0.8,0.6,0.1,square.png,-0.8.png,,,,,0,27,27,8,,,,,,,,,,,,,,,,,,520.5492403679964,520.5492403679964,0.507198776002042,-0.24222222222222223,-0.011111111111111112,1,0,0,image_left_es,left,0.6,square,1,-1,1,SUSMITHA,008,2023-04-13_00h09.13.927,EE_trial,2022.2.5,None,
