﻿shape_left,shape_right,probability_left,probability_right,address_left,address_right,shape_left_es,shape_right_es,probability_left_es,probability_right_es,address_left_es,address_right_es,trials.thisRepN,trials.thisTrialN,trials.thisN,trials.thisIndex,trials_es.thisRepN,trials_es.thisTrialN,trials_es.thisN,trials_es.thisIndex,image_left.started,image_right.started,mouse.started,mouse.x,mouse.y,mouse.leftButton,mouse.midButton,mouse.rightButton,mouse.clicked_name,chosen_side,chosen_probability,chosen_shape,outcome_left,outcome_right,chosen_outcome,text.started,image_retained.started,image_left_es.started,image_right_es.started,mouse_es.started,mouse_es.x,mouse_es.y,mouse_es.leftButton,mouse_es.midButton,mouse_es.rightButton,mouse_es.clicked_name,chosen_side_es,chosen_probability_es,chosen_shape_es,outcome_left_es,outcome_right_es,chosen_outcome_es,participant,session,date,expName,psychopyVersion,frameRate,
cross,circle,0.1,0.9,cross.png,circle.png,,,,,,,0,0,0,2,,,,,34.264552713997546,34.264552713997546,0.5111008870007936,-0.27111111111111114,0.0022222222222222222,1,0,0,image_left,left,0.1,cross,-1,1,-1,40.271122851001564,40.271122851001564,,,,,,,,,,,,,,,,Tanushree,006,2023-04-12_23h52.32.424,EE_trial,2022.2.5,None,
circle,cross,0.9,0.1,circle.png,cross.png,,,,,,,0,1,1,3,,,,,42.69334485499712,42.69334485499712,0.5041606710001361,-0.26222222222222225,-0.012222222222222223,1,0,0,image_left,left,0.9,circle,1,-1,1,43.879707236003014,43.879707236003014,,,,,,,,,,,,,,,,Tanushree,006,2023-04-12_23h52.32.424,EE_trial,2022.2.5,None,
cross,circle,0.1,0.9,cross.png,circle.png,,,,,,,0,2,2,2,,,,,46.349139162994106,46.349139162994106,0.5015598479949404,0.3422222222222222,-0.01,1,0,0,image_right,right,0.9,circle,-1,1,1,47.58522176499537,47.58522176499537,,,,,,,,,,,,,,,,Tanushree,006,2023-04-12_23h52.32.424,EE_trial,2022.2.5,None,
square,triangle,0.6,0.4,square.png,triangle.png,,,,,,,0,3,3,1,,,,,50.05719136800326,50.05719136800326,0.5075108389864909,0.26555555555555554,-0.011111111111111112,1,0,0,image_right,right,0.4,triangle,-1,-1,-1,52.04963325698918,52.04963325698918,,,,,,,,,,,,,,,,Tanushree,006,2023-04-12_23h52.32.424,EE_trial,2022.2.5,None,
triangle,square,0.4,0.6,triangle.png,square.png,,,,,,,1,0,4,0,,,,,54.52645721100271,54.52645721100271,0.5040732510096859,0.27,0.0022222222222222222,1,0,0,image_right,right,0.6,square,-1,-1,-1,56.36931098399509,56.36931098399509,,,,,,,,,,,,,,,,Tanushree,006,2023-04-12_23h52.32.424,EE_trial,2022.2.5,None,
square,triangle,0.6,0.4,square.png,triangle.png,,,,,,,1,1,5,1,,,,,58.85114046699891,58.85114046699891,0.5059590659948299,0.27555555555555555,-0.016666666666666666,1,0,0,image_right,right,0.4,triangle,1,-1,-1,60.61243085798924,60.61243085798924,,,,,,,,,,,,,,,,Tanushree,006,2023-04-12_23h52.32.424,EE_trial,2022.2.5,None,
cross,circle,0.1,0.9,cross.png,circle.png,,,,,,,1,2,6,2,,,,,63.08417342900066,63.08417342900066,0.5035648550110636,0.28888888888888886,-0.006666666666666667,1,0,0,image_right,right,0.9,circle,1,1,1,65.32347991000279,65.32347991000279,,,,,,,,,,,,,,,,Tanushree,006,2023-04-12_23h52.32.424,EE_trial,2022.2.5,None,
circle,cross,0.9,0.1,circle.png,cross.png,,,,,,,1,3,7,3,,,,,67.7934441690013,67.7934441690013,0.519567974988604,-0.2722222222222222,0.017777777777777778,1,0,0,image_left,left,0.9,circle,1,-1,1,68.8603816649993,68.8603816649993,,,,,,,,,,,,,,,,Tanushree,006,2023-04-12_23h52.32.424,EE_trial,2022.2.5,None,
triangle,square,0.4,0.6,triangle.png,square.png,,,,,,,2,0,8,0,,,,,71.32678655299242,71.32678655299242,0.5162498959980439,0.25555555555555554,-0.0022222222222222222,1,0,0,image_right,right,0.6,square,1,1,1,76.28158848900057,76.28158848900057,,,,,,,,,,,,,,,,Tanushree,006,2023-04-12_23h52.32.424,EE_trial,2022.2.5,None,
triangle,square,0.4,0.6,triangle.png,square.png,,,,,,,2,1,9,0,,,,,78.76626524300082,78.76626524300082,0.5108134909969522,0.25555555555555554,-0.0022222222222222222,1,0,0,image_right,right,0.6,square,1,1,1,79.36460881600215,79.36460881600215,,,,,,,,,,,,,,,,Tanushree,006,2023-04-12_23h52.32.424,EE_trial,2022.2.5,None,
square,triangle,0.6,0.4,square.png,triangle.png,,,,,,,2,2,10,1,,,,,81.83692568600236,81.83692568600236,0.5118630719953217,-0.3522222222222222,-0.014444444444444444,1,0,0,image_left,left,0.6,square,-1,-1,-1,83.56886006299464,83.56886006299464,,,,,,,,,,,,,,,,Tanushree,006,2023-04-12_23h52.32.424,EE_trial,2022.2.5,None,
square,triangle,0.6,0.4,square.png,triangle.png,,,,,,,2,3,11,1,,,,,86.04066553599841,86.04066553599841,0.5068080889905104,-0.3111111111111111,-0.011111111111111112,1,0,0,image_left,left,0.6,square,-1,-1,-1,87.02965582499746,87.02965582499746,,,,,,,,,,,,,,,,Tanushree,006,2023-04-12_23h52.32.424,EE_trial,2022.2.5,None,
cross,circle,0.1,0.9,cross.png,circle.png,,,,,,,3,0,12,2,,,,,89.50035060298978,89.50035060298978,0.5036746160039911,0.2822222222222222,0.006666666666666667,1,0,0,image_right,right,0.9,circle,-1,1,1,92.25184423600149,92.25184423600149,,,,,,,,,,,,,,,,Tanushree,006,2023-04-12_23h52.32.424,EE_trial,2022.2.5,None,
cross,circle,0.1,0.9,cross.png,circle.png,,,,,,,3,1,13,2,,,,,94.72246199299116,94.72246199299116,0.5083700690011028,0.2822222222222222,0.006666666666666667,1,0,0,image_right,right,0.9,circle,-1,1,1,95.6208857009915,95.6208857009915,,,,,,,,,,,,,,,,Tanushree,006,2023-04-12_23h52.32.424,EE_trial,2022.2.5,None,
circle,cross,0.9,0.1,circle.png,cross.png,,,,,,,3,2,14,3,,,,,98.09470069399686,98.09470069399686,0.5003618339978857,-0.22777777777777777,-0.006666666666666667,1,0,0,image_left,left,0.9,circle,1,-1,1,99.31692627699522,99.31692627699522,,,,,,,,,,,,,,,,Tanushree,006,2023-04-12_23h52.32.424,EE_trial,2022.2.5,None,
triangle,square,0.4,0.6,triangle.png,square.png,,,,,,,3,3,15,0,,,,,101.7843468439969,101.7843468439969,0.5043427849886939,0.28444444444444444,-0.02666666666666667,1,0,0,image_right,right,0.6,square,1,1,1,103.17198972500046,103.17198972500046,,,,,,,,,,,,,,,,Tanushree,006,2023-04-12_23h52.32.424,EE_trial,2022.2.5,None,
triangle,square,0.4,0.6,triangle.png,square.png,,,,,,,4,0,16,0,,,,,105.6508871900005,105.6508871900005,0.5048419810045743,-0.2633333333333333,-0.0022222222222222222,1,0,0,image_left,left,0.4,triangle,-1,1,-1,108.74850062199403,108.74850062199403,,,,,,,,,,,,,,,,Tanushree,006,2023-04-12_23h52.32.424,EE_trial,2022.2.5,None,
circle,cross,0.9,0.1,circle.png,cross.png,,,,,,,4,1,17,3,,,,,111.21759927699168,111.21759927699168,0.5062441030022455,-0.2633333333333333,-0.0022222222222222222,1,0,0,image_left,left,0.9,circle,1,-1,1,112.14630648499588,112.14630648499588,,,,,,,,,,,,,,,,Tanushree,006,2023-04-12_23h52.32.424,EE_trial,2022.2.5,None,
cross,circle,0.1,0.9,cross.png,circle.png,,,,,,,4,2,18,2,,,,,114.62174845699337,114.62174845699337,0.5012151019909652,0.31444444444444447,-0.022222222222222223,1,0,0,image_right,right,0.9,circle,-1,1,1,116.858571372999,116.858571372999,,,,,,,,,,,,,,,,Tanushree,006,2023-04-12_23h52.32.424,EE_trial,2022.2.5,None,
circle,cross,0.9,0.1,circle.png,cross.png,,,,,,,4,3,19,3,,,,,119.33358077699086,119.33358077699086,0.5063484679994872,-0.29888888888888887,0.0022222222222222222,1,0,0,image_left,left,0.9,circle,1,-1,1,120.5368565509998,120.5368565509998,,,,,,,,,,,,,,,,Tanushree,006,2023-04-12_23h52.32.424,EE_trial,2022.2.5,None,
square,triangle,0.6,0.4,square.png,triangle.png,,,,,,,5,0,20,1,,,,,123.01737203799712,123.01737203799712,0.5066276400029892,-0.29888888888888887,0.0022222222222222222,1,0,0,image_left,left,0.6,square,-1,-1,-1,124.88228634498955,124.88228634498955,,,,,,,,,,,,,,,,Tanushree,006,2023-04-12_23h52.32.424,EE_trial,2022.2.5,None,
cross,circle,0.1,0.9,cross.png,circle.png,,,,,,,5,1,21,2,,,,,127.35070091199304,127.35070091199304,0.5051951070054201,0.2588888888888889,-0.016666666666666666,1,0,0,image_right,right,0.9,circle,-1,1,1,129.02143976200023,129.02143976200023,,,,,,,,,,,,,,,,Tanushree,006,2023-04-12_23h52.32.424,EE_trial,2022.2.5,None,
cross,circle,0.1,0.9,cross.png,circle.png,,,,,,,5,2,22,2,,,,,131.4916889169981,131.4916889169981,0.5197609420138178,0.2588888888888889,-0.016666666666666666,1,0,0,image_right,right,0.9,circle,-1,-1,-1,132.50127136099036,132.50127136099036,,,,,,,,,,,,,,,,Tanushree,006,2023-04-12_23h52.32.424,EE_trial,2022.2.5,None,
triangle,square,0.4,0.6,triangle.png,square.png,,,,,,,5,3,23,0,,,,,134.9730898909911,134.9730898909911,0.506644844004768,-0.30777777777777776,-0.014444444444444444,1,0,0,image_left,left,0.4,triangle,-1,-1,-1,136.97687702700205,136.97687702700205,,,,,,,,,,,,,,,,Tanushree,006,2023-04-12_23h52.32.424,EE_trial,2022.2.5,None,
circle,cross,0.9,0.1,circle.png,cross.png,,,,,,,6,0,24,3,,,,,139.44869524599926,139.44869524599926,0.5032098070078064,-0.30777777777777776,-0.014444444444444444,1,0,0,image_left,left,0.9,circle,1,-1,1,140.62357125199924,140.62357125199924,,,,,,,,,,,,,,,,Tanushree,006,2023-04-12_23h52.32.424,EE_trial,2022.2.5,None,
square,triangle,0.6,0.4,square.png,triangle.png,,,,,,,6,1,25,1,,,,,143.10053748798964,143.10053748798964,0.5032003599917516,-0.29555555555555557,-0.014444444444444444,1,0,0,image_left,left,0.6,square,1,1,1,145.046794185997,145.046794185997,,,,,,,,,,,,,,,,Tanushree,006,2023-04-12_23h52.32.424,EE_trial,2022.2.5,None,
circle,cross,0.9,0.1,circle.png,cross.png,,,,,,,6,2,26,3,,,,,147.51512555200316,147.51512555200316,0.5018206279928563,-0.29555555555555557,-0.014444444444444444,1,0,0,image_left,left,0.9,circle,1,-1,1,148.67613831799827,148.67613831799827,,,,,,,,,,,,,,,,Tanushree,006,2023-04-12_23h52.32.424,EE_trial,2022.2.5,None,
square,triangle,0.6,0.4,square.png,triangle.png,,,,,,,6,3,27,1,,,,,151.15845247999823,151.15845247999823,0.5046014160034247,-0.29555555555555557,-0.014444444444444444,1,0,0,image_left,left,0.6,square,1,-1,1,152.30739076698956,152.30739076698956,,,,,,,,,,,,,,,,Tanushree,006,2023-04-12_23h52.32.424,EE_trial,2022.2.5,None,
triangle,square,0.4,0.6,triangle.png,square.png,,,,,,,7,0,28,0,,,,,154.77625882699795,154.77625882699795,0.5073474840028211,0.25222222222222224,-0.02666666666666667,1,0,0,image_right,right,0.6,square,-1,-1,-1,159.00186971099174,159.00186971099174,,,,,,,,,,,,,,,,Tanushree,006,2023-04-12_23h52.32.424,EE_trial,2022.2.5,None,
square,triangle,0.6,0.4,square.png,triangle.png,,,,,,,7,1,29,1,,,,,161.47630436599138,161.47630436599138,0.5008700280013727,-0.3288888888888889,0.0011111111111111111,1,0,0,image_left,left,0.6,square,1,1,1,163.0683210529969,163.0683210529969,,,,,,,,,,,,,,,,Tanushree,006,2023-04-12_23h52.32.424,EE_trial,2022.2.5,None,
square,triangle,0.6,0.4,square.png,triangle.png,,,,,,,7,2,30,1,,,,,165.54048969899304,165.54048969899304,0.507820864993846,-0.2877777777777778,-0.014444444444444444,1,0,0,image_left,left,0.6,square,-1,-1,-1,167.0711967919924,167.0711967919924,,,,,,,,,,,,,,,,Tanushree,006,2023-04-12_23h52.32.424,EE_trial,2022.2.5,None,
cross,circle,0.1,0.9,cross.png,circle.png,,,,,,,7,3,31,2,,,,,169.55012698400242,169.55012698400242,0.5035067249991698,0.34,-0.0033333333333333335,1,0,0,image_right,right,0.9,circle,-1,1,1,171.6416411550017,171.6416411550017,,,,,,,,,,,,,,,,Tanushree,006,2023-04-12_23h52.32.424,EE_trial,2022.2.5,None,
circle,cross,0.9,0.1,circle.png,cross.png,,,,,,,8,0,32,3,,,,,174.10581435299537,174.10581435299537,0.5010809450031957,-0.2922222222222222,0.008888888888888889,1,0,0,image_left,left,0.9,circle,1,-1,1,175.30430143899866,175.30430143899866,,,,,,,,,,,,,,,,Tanushree,006,2023-04-12_23h52.32.424,EE_trial,2022.2.5,None,
circle,cross,0.9,0.1,circle.png,cross.png,,,,,,,8,1,33,3,,,,,177.7719878450007,177.7719878450007,0.5036670660047093,-0.2922222222222222,0.008888888888888889,1,0,0,image_left,left,0.9,circle,1,-1,1,178.9033079619985,178.9033079619985,,,,,,,,,,,,,,,,Tanushree,006,2023-04-12_23h52.32.424,EE_trial,2022.2.5,None,
square,triangle,0.6,0.4,square.png,triangle.png,,,,,,,8,2,34,1,,,,,181.37615185599134,181.37615185599134,0.49999293399741873,-0.29,-0.02,1,0,0,image_left,left,0.6,square,-1,-1,-1,183.19687393298955,183.19687393298955,,,,,,,,,,,,,,,,Tanushree,006,2023-04-12_23h52.32.424,EE_trial,2022.2.5,None,
triangle,square,0.4,0.6,triangle.png,square.png,,,,,,,8,3,35,0,,,,,185.67582300199138,185.67582300199138,0.5053359080047812,0.3188888888888889,-0.027777777777777776,1,0,0,image_right,right,0.6,square,-1,-1,-1,190.7572354629956,190.7572354629956,,,,,,,,,,,,,,,,Tanushree,006,2023-04-12_23h52.32.424,EE_trial,2022.2.5,None,
triangle,square,0.4,0.6,triangle.png,square.png,,,,,,,9,0,36,0,,,,,193.2325095510023,193.2325095510023,0.5033309479913441,0.3188888888888889,-0.027777777777777776,1,0,0,image_right,right,0.6,square,-1,-1,-1,194.42313443600142,194.42313443600142,,,,,,,,,,,,,,,,Tanushree,006,2023-04-12_23h52.32.424,EE_trial,2022.2.5,None,
circle,cross,0.9,0.1,circle.png,cross.png,,,,,,,9,1,37,3,,,,,196.88897512199765,196.88897512199765,0.5028089539991925,-0.25,-0.02666666666666667,1,0,0,image_left,left,0.9,circle,1,-1,1,198.50353959600034,198.50353959600034,,,,,,,,,,,,,,,,Tanushree,006,2023-04-12_23h52.32.424,EE_trial,2022.2.5,None,
cross,circle,0.1,0.9,cross.png,circle.png,,,,,,,9,2,38,2,,,,,200.97195373599243,200.97195373599243,0.5046962649939815,0.2833333333333333,-0.022222222222222223,1,0,0,image_right,right,0.9,circle,-1,1,1,209.7454376849928,209.7454376849928,,,,,,,,,,,,,,,,Tanushree,006,2023-04-12_23h52.32.424,EE_trial,2022.2.5,None,
triangle,square,0.4,0.6,triangle.png,square.png,,,,,,,9,3,39,0,,,,,212.21494301198982,212.21494301198982,0.503477734993794,-0.27444444444444444,0.0022222222222222222,1,0,0,image_left,left,0.4,triangle,1,1,1,215.60887798799376,215.60887798799376,,,,,,,,,,,,,,,,Tanushree,006,2023-04-12_23h52.32.424,EE_trial,2022.2.5,None,
,,,,,,cross,0,0.1,0.5,cross.png,0.png,,,,,0,0,0,17,,,,,,,,,,,,,,,,,,218.0825693270017,218.0825693270017,0.5010797099967021,0.33666666666666667,-0.025555555555555557,1,0,0,image_right_es,right,0.5,0,-1,1,1,Tanushree,006,2023-04-12_23h52.32.424,EE_trial,2022.2.5,None,
,,,,,,square,0.4,0.6,0.7,square.png,0.4.png,,,,,0,1,1,11,,,,,,,,,,,,,,,,,,225.59090332699998,225.59090332699998,0.5197176250076154,0.31222222222222223,-0.01,1,0,0,image_right_es,right,0.7,0.4,1,1,1,Tanushree,006,2023-04-12_23h52.32.424,EE_trial,2022.2.5,None,
,,,,,,cross,-0.4,0.1,0.3,cross.png,-0.4.png,,,,,0,2,2,16,,,,,,,,,,,,,,,,,,233.2093224049895,233.2093224049895,0.509041472003446,0.34,-0.017777777777777778,1,0,0,image_right_es,right,0.3,-0.4,-1,-1,-1,Tanushree,006,2023-04-12_23h52.32.424,EE_trial,2022.2.5,None,
,,,,,,triangle,0.8,0.4,0.9,triangle.png,0.8.png,,,,,0,3,3,5,,,,,,,,,,,,,,,,,,239.09247616799257,239.09247616799257,0.5012727859866573,0.34,-0.017777777777777778,1,0,0,image_right_es,right,0.9,0.8,-1,-1,-1,Tanushree,006,2023-04-12_23h52.32.424,EE_trial,2022.2.5,None,
,,,,,,circle,-0.4,0.9,0.3,circle.png,-0.4.png,,,,,0,4,4,23,,,,,,,,,,,,,,,,,,241.6068327469984,241.6068327469984,0.5035388550022617,-0.3,-0.0044444444444444444,1,0,0,image_left_es,left,0.9,circle,1,-1,1,Tanushree,006,2023-04-12_23h52.32.424,EE_trial,2022.2.5,None,
,,,,,,triangle,0,0.4,0.5,triangle.png,0.png,,,,,0,5,5,3,,,,,,,,,,,,,,,,,,245.78248635999626,245.78248635999626,0.5060041719989385,-0.3,-0.0044444444444444444,1,0,0,image_left_es,left,0.4,triangle,1,1,1,Tanushree,006,2023-04-12_23h52.32.424,EE_trial,2022.2.5,None,
,,,,,,triangle,-0.4,0.4,0.3,triangle.png,-0.4.png,,,,,0,6,6,2,,,,,,,,,,,,,,,,,,251.11031495800125,251.11031495800125,0.5091403480037116,-0.25,-0.006666666666666667,1,0,0,image_left_es,left,0.4,triangle,1,1,1,Tanushree,006,2023-04-12_23h52.32.424,EE_trial,2022.2.5,None,
,,,,,,triangle,0.4,0.4,0.7,triangle.png,0.4.png,,,,,0,7,7,4,,,,,,,,,,,,,,,,,,254.18046307998884,254.18046307998884,0.5019805529882433,0.3211111111111111,0.01,1,0,0,image_right_es,right,0.7,0.4,-1,-1,-1,Tanushree,006,2023-04-12_23h52.32.424,EE_trial,2022.2.5,None,
,,,,,,circle,0.2,0.9,0.2,circle.png,0.2.png,,,,,0,8,8,27,,,,,,,,,,,,,,,,,,257.6212637879944,257.6212637879944,0.5055150129919639,-0.27111111111111114,-0.005555555555555556,1,0,0,image_left_es,left,0.9,circle,1,1,1,Tanushree,006,2023-04-12_23h52.32.424,EE_trial,2022.2.5,None,
,,,,,,cross,-0.2,0.1,0,cross.png,-0.2.png,,,,,0,9,9,14,,,,,,,,,,,,,,,,,,259.9190566549951,259.9190566549951,0.5115444539987948,0.27555555555555555,-0.02666666666666667,1,0,0,image_right_es,right,0,-0.2,1,-1,-1,Tanushree,006,2023-04-12_23h52.32.424,EE_trial,2022.2.5,None,
,,,,,,circle,-0.8,0.9,0.1,circle.png,-0.8.png,,,,,0,10,10,22,,,,,,,,,,,,,,,,,,266.4212460199924,266.4212460199924,0.5006524730124511,-0.29444444444444445,0.0044444444444444444,1,0,0,image_left_es,left,0.9,circle,1,-1,1,Tanushree,006,2023-04-12_23h52.32.424,EE_trial,2022.2.5,None,
,,,,,,square,-0.4,0.6,0.3,square.png,-0.4.png,,,,,0,11,11,9,,,,,,,,,,,,,,,,,,268.9532156770001,268.9532156770001,0.5069571479980368,-0.29444444444444445,0.0044444444444444444,1,0,0,image_left_es,left,0.6,square,-1,-1,-1,Tanushree,006,2023-04-12_23h52.32.424,EE_trial,2022.2.5,None,
,,,,,,square,-0.2,0.6,0,square.png,-0.2.png,,,,,0,12,12,7,,,,,,,,,,,,,,,,,,272.62204004499654,272.62204004499654,0.5016150500014191,0.2966666666666667,-0.027777777777777776,1,0,0,image_right_es,right,0,-0.2,1,-1,-1,Tanushree,006,2023-04-12_23h52.32.424,EE_trial,2022.2.5,None,
,,,,,,triangle,-0.2,0.4,0,triangle.png,-0.2.png,,,,,0,13,13,0,,,,,,,,,,,,,,,,,,279.6876604479912,279.6876604479912,0.5009169350087177,-0.28555555555555556,-0.016666666666666666,1,0,0,image_left_es,left,0.4,triangle,-1,-1,-1,Tanushree,006,2023-04-12_23h52.32.424,EE_trial,2022.2.5,None,
,,,,,,circle,-0.2,0.9,0,circle.png,-0.2.png,,,,,0,14,14,21,,,,,,,,,,,,,,,,,,282.7718054979923,282.7718054979923,0.5013846729998477,-0.28555555555555556,-0.016666666666666666,1,0,0,image_left_es,left,0.9,circle,1,-1,1,Tanushree,006,2023-04-12_23h52.32.424,EE_trial,2022.2.5,None,
,,,,,,circle,0.4,0.9,0.7,circle.png,0.4.png,,,,,0,15,15,25,,,,,,,,,,,,,,,,,,283.9878601679957,283.9878601679957,0.507206979993498,-0.28555555555555556,-0.016666666666666666,1,0,0,image_left_es,left,0.9,circle,1,1,1,Tanushree,006,2023-04-12_23h52.32.424,EE_trial,2022.2.5,None,
,,,,,,cross,0.2,0.1,0.2,cross.png,0.2.png,,,,,0,16,16,20,,,,,,,,,,,,,,,,,,286.32081288499467,286.32081288499467,0.5057225130003644,0.3022222222222222,-0.0033333333333333335,1,0,0,image_right_es,right,0.2,0.2,-1,-1,-1,Tanushree,006,2023-04-12_23h52.32.424,EE_trial,2022.2.5,None,
,,,,,,triangle,-0.8,0.4,0.1,triangle.png,-0.8.png,,,,,0,17,17,1,,,,,,,,,,,,,,,,,,290.958465520991,290.958465520991,0.5006322730041575,-0.3333333333333333,-0.013333333333333334,1,0,0,image_left_es,left,0.4,triangle,-1,-1,-1,Tanushree,006,2023-04-12_23h52.32.424,EE_trial,2022.2.5,None,
,,,,,,square,0.8,0.6,0.9,square.png,0.8.png,,,,,0,18,18,12,,,,,,,,,,,,,,,,,,295.18089049599075,295.18089049599075,0.5029900090012234,0.2833333333333333,-0.0011111111111111111,1,0,0,image_right_es,right,0.9,0.8,1,1,1,Tanushree,006,2023-04-12_23h52.32.424,EE_trial,2022.2.5,None,
,,,,,,square,0.2,0.6,0.2,square.png,0.2.png,,,,,0,19,19,13,,,,,,,,,,,,,,,,,,297.7960769049969,297.7960769049969,0.5011904019920621,0.2833333333333333,-0.0011111111111111111,1,0,0,image_right_es,right,0.2,0.2,1,1,1,Tanushree,006,2023-04-12_23h52.32.424,EE_trial,2022.2.5,None,
,,,,,,square,-0.8,0.6,0.1,square.png,-0.8.png,,,,,0,20,20,8,,,,,,,,,,,,,,,,,,303.97329288600304,303.97329288600304,0.5077518029866042,-0.2633333333333333,0.0011111111111111111,1,0,0,image_left_es,left,0.6,square,1,-1,1,Tanushree,006,2023-04-12_23h52.32.424,EE_trial,2022.2.5,None,
,,,,,,cross,0.8,0.1,0.9,cross.png,0.8.png,,,,,0,21,21,19,,,,,,,,,,,,,,,,,,306.4706235709891,306.4706235709891,0.5069047990109539,0.24888888888888888,-0.01,1,0,0,image_right_es,right,0.9,0.8,-1,-1,-1,Tanushree,006,2023-04-12_23h52.32.424,EE_trial,2022.2.5,None,
,,,,,,cross,-0.8,0.1,0.1,cross.png,-0.8.png,,,,,0,22,22,15,,,,,,,,,,,,,,,,,,308.75375955199706,308.75375955199706,0.5049199240020243,0.31,-0.0022222222222222222,1,0,0,image_right_es,right,0.1,-0.8,-1,-1,-1,Tanushree,006,2023-04-12_23h52.32.424,EE_trial,2022.2.5,None,
,,,,,,circle,0,0.9,0.5,circle.png,0.png,,,,,0,23,23,24,,,,,,,,,,,,,,,,,,317.78710509999655,317.78710509999655,0.5083338789991103,-0.29444444444444445,-0.016666666666666666,1,0,0,image_left_es,left,0.9,circle,1,1,1,Tanushree,006,2023-04-12_23h52.32.424,EE_trial,2022.2.5,None,
,,,,,,triangle,0.2,0.4,0.2,triangle.png,0.2.png,,,,,0,24,24,6,,,,,,,,,,,,,,,,,,320.37460243099486,320.37460243099486,0.5067564100027084,0.3055555555555556,0.014444444444444444,1,0,0,image_right_es,right,0.2,0.2,1,1,1,Tanushree,006,2023-04-12_23h52.32.424,EE_trial,2022.2.5,None,
,,,,,,square,0,0.6,0.5,square.png,0.png,,,,,0,25,25,10,,,,,,,,,,,,,,,,,,325.280548869996,325.280548869996,0.5039860359975137,-0.27666666666666667,-0.01,1,0,0,image_left_es,left,0.6,square,1,1,1,Tanushree,006,2023-04-12_23h52.32.424,EE_trial,2022.2.5,None,
,,,,,,circle,0.8,0.9,0.9,circle.png,0.8.png,,,,,0,26,26,26,,,,,,,,,,,,,,,,,,330.18685999698937,330.18685999698937,0.5019229890021961,-0.27,0.01,1,0,0,image_left_es,left,0.9,circle,1,1,1,Tanushree,006,2023-04-12_23h52.32.424,EE_trial,2022.2.5,None,
,,,,,,cross,0.4,0.1,0.7,cross.png,0.4.png,,,,,0,27,27,18,,,,,,,,,,,,,,,,,,333.56812509999145,333.56812509999145,0.49955396400764585,0.30333333333333334,-0.01,1,0,0,image_right_es,right,0.7,0.4,-1,1,1,Tanushree,006,2023-04-12_23h52.32.424,EE_trial,2022.2.5,None,
