﻿shape_left,shape_right,probability_left,probability_right,address_left,address_right,shape_left_es,shape_right_es,probability_left_es,probability_right_es,address_left_es,address_right_es,trials.thisRepN,trials.thisTrialN,trials.thisN,trials.thisIndex,trials_es.thisRepN,trials_es.thisTrialN,trials_es.thisN,trials_es.thisIndex,image_left.started,image_right.started,mouse.started,mouse.x,mouse.y,mouse.leftButton,mouse.midButton,mouse.rightButton,mouse.clicked_name,chosen_side,chosen_probability,chosen_shape,outcome_left,outcome_right,chosen_outcome,text.started,image_retained.started,image_left_es.started,image_right_es.started,mouse_es.started,mouse_es.x,mouse_es.y,mouse_es.leftButton,mouse_es.midButton,mouse_es.rightButton,mouse_es.clicked_name,chosen_side_es,chosen_probability_es,chosen_shape_es,outcome_left_es,outcome_right_es,chosen_outcome_es,participant,session,date,expName,psychopyVersion,frameRate,
cross,circle,0.1,0.9,cross.png,circle.png,,,,,,,0,0,0,2,,,,,33.49826298399421,33.49826298399421,0.5090387429954717,-0.23555555555555555,-0.042222222222222223,1,0,0,image_left,left,0.1,cross,-1,1,-1,37.82532134499343,37.82532134499343,,,,,,,,,,,,,,,,Yohitha,004,2023-04-12_23h31.08.679,EE_trial,2022.2.5,None,
square,triangle,0.6,0.4,square.png,triangle.png,,,,,,,0,1,1,1,,,,,40.23569537598814,40.23569537598814,0.5042619150044629,-0.2111111111111111,-0.0033333333333333335,1,0,0,image_left,left,0.6,square,1,1,1,43.5411637389916,43.5411637389916,,,,,,,,,,,,,,,,Yohitha,004,2023-04-12_23h31.08.679,EE_trial,2022.2.5,None,
triangle,square,0.4,0.6,triangle.png,square.png,,,,,,,0,2,2,0,,,,,46.01234822999686,46.01234822999686,0.5019021640036954,0.20777777777777778,-0.006666666666666667,1,0,0,image_right,right,0.6,square,1,1,1,49.17461853798886,49.17461853798886,,,,,,,,,,,,,,,,Yohitha,004,2023-04-12_23h31.08.679,EE_trial,2022.2.5,None,
triangle,square,0.4,0.6,triangle.png,square.png,,,,,,,0,3,3,0,,,,,51.646295209997334,51.646295209997334,0.5025397680001333,0.22444444444444445,-0.021111111111111112,1,0,0,image_right,right,0.6,square,-1,-1,-1,54.91160878499795,54.91160878499795,,,,,,,,,,,,,,,,Yohitha,004,2023-04-12_23h31.08.679,EE_trial,2022.2.5,None,
triangle,square,0.4,0.6,triangle.png,square.png,,,,,,,1,0,4,0,,,,,57.39572336799756,57.39572336799756,0.5112453490000917,-0.2088888888888889,-0.02666666666666667,1,0,0,image_left,left,0.4,triangle,-1,-1,-1,58.977979145987774,58.977979145987774,,,,,,,,,,,,,,,,Yohitha,004,2023-04-12_23h31.08.679,EE_trial,2022.2.5,None,
square,triangle,0.6,0.4,square.png,triangle.png,,,,,,,1,1,5,1,,,,,61.4455506529921,61.4455506529921,0.5030648240062874,-0.25555555555555554,-0.023333333333333334,1,0,0,image_left,left,0.6,square,1,1,1,62.84789940599876,62.84789940599876,,,,,,,,,,,,,,,,Yohitha,004,2023-04-12_23h31.08.679,EE_trial,2022.2.5,None,
square,triangle,0.6,0.4,square.png,triangle.png,,,,,,,1,2,6,1,,,,,65.31898743499187,65.31898743499187,0.5046040150045883,-0.25555555555555554,-0.023333333333333334,1,0,0,image_left,left,0.6,square,1,-1,1,66.49848016598844,66.49848016598844,,,,,,,,,,,,,,,,Yohitha,004,2023-04-12_23h31.08.679,EE_trial,2022.2.5,None,
cross,circle,0.1,0.9,cross.png,circle.png,,,,,,,1,3,7,2,,,,,68.96859982599562,68.96859982599562,0.5045578579884022,-0.2544444444444444,-0.024444444444444446,1,0,0,image_left,left,0.1,cross,-1,1,-1,78.95024439299596,78.95024439299596,,,,,,,,,,,,,,,,Yohitha,004,2023-04-12_23h31.08.679,EE_trial,2022.2.5,None,
cross,circle,0.1,0.9,cross.png,circle.png,,,,,,,2,0,8,2,,,,,81.42033767999965,81.42033767999965,0.5064918129937723,-0.2411111111111111,-0.04555555555555556,1,0,0,image_left,left,0.1,cross,-1,1,-1,82.49290647899034,82.49290647899034,,,,,,,,,,,,,,,,Yohitha,004,2023-04-12_23h31.08.679,EE_trial,2022.2.5,None,
cross,circle,0.1,0.9,cross.png,circle.png,,,,,,,2,1,9,2,,,,,84.96185298699129,84.96185298699129,0.5018904040043708,-0.2311111111111111,-0.04111111111111111,1,0,0,image_left,left,0.1,cross,1,1,1,85.69299311899522,85.69299311899522,,,,,,,,,,,,,,,,Yohitha,004,2023-04-12_23h31.08.679,EE_trial,2022.2.5,None,
circle,cross,0.9,0.1,circle.png,cross.png,,,,,,,2,2,10,3,,,,,88.16198634798639,88.16198634798639,0.5003276829957031,0.2411111111111111,-0.04,1,0,0,image_right,right,0.1,cross,1,-1,-1,89.992146545992,89.992146545992,,,,,,,,,,,,,,,,Yohitha,004,2023-04-12_23h31.08.679,EE_trial,2022.2.5,None,
square,triangle,0.6,0.4,square.png,triangle.png,,,,,,,2,3,11,1,,,,,92.46196433299338,92.46196433299338,0.5022079500049585,0.24666666666666667,-0.04666666666666667,1,0,0,image_right,right,0.4,triangle,-1,-1,-1,95.85825941499206,95.85825941499206,,,,,,,,,,,,,,,,Yohitha,004,2023-04-12_23h31.08.679,EE_trial,2022.2.5,None,
cross,circle,0.1,0.9,cross.png,circle.png,,,,,,,3,0,12,2,,,,,98.32899529099814,98.32899529099814,0.5026091350009665,-0.3388888888888889,-0.021111111111111112,1,0,0,image_left,left,0.1,cross,-1,1,-1,100.52998880299856,100.52998880299856,,,,,,,,,,,,,,,,Yohitha,004,2023-04-12_23h31.08.679,EE_trial,2022.2.5,None,
square,triangle,0.6,0.4,square.png,triangle.png,,,,,,,3,1,13,1,,,,,103.00325923399942,103.00325923399942,0.5067804919963237,-0.25666666666666665,0.0033333333333333335,1,0,0,image_left,left,0.6,square,1,1,1,103.93233623399283,103.93233623399283,,,,,,,,,,,,,,,,Yohitha,004,2023-04-12_23h31.08.679,EE_trial,2022.2.5,None,
cross,circle,0.1,0.9,cross.png,circle.png,,,,,,,3,2,14,2,,,,,106.402832931999,106.402832931999,0.506339369007037,-0.26,-0.0033333333333333335,1,0,0,image_left,left,0.1,cross,1,1,1,107.97807684699364,107.97807684699364,,,,,,,,,,,,,,,,Yohitha,004,2023-04-12_23h31.08.679,EE_trial,2022.2.5,None,
circle,cross,0.9,0.1,circle.png,cross.png,,,,,,,3,3,15,3,,,,,110.4454807969887,110.4454807969887,0.5031177130003925,0.2777777777777778,-0.04666666666666667,1,0,0,image_right,right,0.1,cross,1,-1,-1,112.15656333699008,112.15656333699008,,,,,,,,,,,,,,,,Yohitha,004,2023-04-12_23h31.08.679,EE_trial,2022.2.5,None,
circle,cross,0.9,0.1,circle.png,cross.png,,,,,,,4,0,16,3,,,,,114.6279052329919,114.6279052329919,0.5013362230092753,0.24333333333333335,-0.03222222222222222,1,0,0,image_right,right,0.1,cross,1,-1,-1,115.66651042099693,115.66651042099693,,,,,,,,,,,,,,,,Yohitha,004,2023-04-12_23h31.08.679,EE_trial,2022.2.5,None,
circle,cross,0.9,0.1,circle.png,cross.png,,,,,,,4,1,17,3,,,,,118.1637509239954,118.1637509239954,0.5040039300074568,0.24333333333333335,-0.03222222222222222,1,0,0,image_right,right,0.1,cross,1,-1,-1,118.89389282799675,118.89389282799675,,,,,,,,,,,,,,,,Yohitha,004,2023-04-12_23h31.08.679,EE_trial,2022.2.5,None,
circle,cross,0.9,0.1,circle.png,cross.png,,,,,,,4,2,18,3,,,,,121.37948493199656,121.37948493199656,0.5115966230077902,0.24333333333333335,-0.03222222222222222,1,0,0,image_right,right,0.1,cross,1,-1,-1,121.83798545399623,121.83798545399623,,,,,,,,,,,,,,,,Yohitha,004,2023-04-12_23h31.08.679,EE_trial,2022.2.5,None,
cross,circle,0.1,0.9,cross.png,circle.png,,,,,,,4,3,19,2,,,,,124.30839563999325,124.30839563999325,0.5064452599908691,-0.37333333333333335,0.04666666666666667,1,0,0,image_left,left,0.1,cross,-1,1,-1,126.57858311499876,126.57858311499876,,,,,,,,,,,,,,,,Yohitha,004,2023-04-12_23h31.08.679,EE_trial,2022.2.5,None,
triangle,square,0.4,0.6,triangle.png,square.png,,,,,,,5,0,20,0,,,,,129.05250172699743,129.05250172699743,0.5072846609982662,0.3377777777777778,-0.02666666666666667,1,0,0,image_right,right,0.6,square,1,1,1,132.9126214919961,132.9126214919961,,,,,,,,,,,,,,,,Yohitha,004,2023-04-12_23h31.08.679,EE_trial,2022.2.5,None,
cross,circle,0.1,0.9,cross.png,circle.png,,,,,,,5,1,21,2,,,,,135.38550076699175,135.38550076699175,0.5067837159876944,0.24333333333333335,-0.07555555555555556,1,0,0,image_right,right,0.9,circle,-1,1,1,137.06502065098903,137.06502065098903,,,,,,,,,,,,,,,,Yohitha,004,2023-04-12_23h31.08.679,EE_trial,2022.2.5,None,
triangle,square,0.4,0.6,triangle.png,square.png,,,,,,,5,2,22,0,,,,,139.5358565239876,139.5358565239876,0.5079912569926819,0.35333333333333333,0.013333333333333334,1,0,0,image_right,right,0.6,square,1,1,1,154.93951589698554,154.93951589698554,,,,,,,,,,,,,,,,Yohitha,004,2023-04-12_23h31.08.679,EE_trial,2022.2.5,None,
circle,cross,0.9,0.1,circle.png,cross.png,,,,,,,5,3,23,3,,,,,157.40446038499067,157.40446038499067,0.5043977049936075,0.36777777777777776,0.017777777777777778,1,0,0,image_right,right,0.1,cross,1,-1,-1,158.44260332599515,158.44260332599515,,,,,,,,,,,,,,,,Yohitha,004,2023-04-12_23h31.08.679,EE_trial,2022.2.5,None,
square,triangle,0.6,0.4,square.png,triangle.png,,,,,,,6,0,24,1,,,,,160.9186966399866,160.9186966399866,0.501710123004159,-0.27444444444444444,-0.044444444444444446,1,0,0,image_left,left,0.6,square,-1,-1,-1,162.76516974999686,162.76516974999686,,,,,,,,,,,,,,,,Yohitha,004,2023-04-12_23h31.08.679,EE_trial,2022.2.5,None,
triangle,square,0.4,0.6,triangle.png,square.png,,,,,,,6,1,25,0,,,,,165.2349933069927,165.2349933069927,0.5040365140012,-0.25555555555555554,-0.02666666666666667,1,0,0,image_left,left,0.4,triangle,1,1,1,166.37721259599493,166.37721259599493,,,,,,,,,,,,,,,,Yohitha,004,2023-04-12_23h31.08.679,EE_trial,2022.2.5,None,
square,triangle,0.6,0.4,square.png,triangle.png,,,,,,,6,2,26,1,,,,,168.85556882798846,168.85556882798846,0.5019752319931285,0.30333333333333334,-0.017777777777777778,1,0,0,image_right,right,0.4,triangle,1,1,1,170.28016421198845,170.28016421198845,,,,,,,,,,,,,,,,Yohitha,004,2023-04-12_23h31.08.679,EE_trial,2022.2.5,None,
triangle,square,0.4,0.6,triangle.png,square.png,,,,,,,6,3,27,0,,,,,172.75422650999099,172.75422650999099,0.49937016700278036,-0.27555555555555555,0.015555555555555555,1,0,0,image_left,left,0.4,triangle,-1,-1,-1,174.23062016398762,174.23062016398762,,,,,,,,,,,,,,,,Yohitha,004,2023-04-12_23h31.08.679,EE_trial,2022.2.5,None,
cross,circle,0.1,0.9,cross.png,circle.png,,,,,,,7,0,28,2,,,,,176.70564481399197,176.70564481399197,0.5007193370111054,0.32555555555555554,-0.0044444444444444444,1,0,0,image_right,right,0.9,circle,-1,1,1,182.06450341099116,182.06450341099116,,,,,,,,,,,,,,,,Yohitha,004,2023-04-12_23h31.08.679,EE_trial,2022.2.5,None,
circle,cross,0.9,0.1,circle.png,cross.png,,,,,,,7,1,29,3,,,,,184.53373372399074,184.53373372399074,0.508044661997701,-0.30777777777777776,-0.022222222222222223,1,0,0,image_left,left,0.9,circle,1,-1,1,186.9392402809899,186.9392402809899,,,,,,,,,,,,,,,,Yohitha,004,2023-04-12_23h31.08.679,EE_trial,2022.2.5,None,
circle,cross,0.9,0.1,circle.png,cross.png,,,,,,,7,2,30,3,,,,,189.41135149598995,189.41135149598995,0.5038022170047043,0.22777777777777777,-0.011111111111111112,1,0,0,image_right,right,0.1,cross,1,-1,-1,190.25766872998793,190.25766872998793,,,,,,,,,,,,,,,,Yohitha,004,2023-04-12_23h31.08.679,EE_trial,2022.2.5,None,
circle,cross,0.9,0.1,circle.png,cross.png,,,,,,,7,3,31,3,,,,,192.72771760598698,192.72771760598698,0.5022700340050505,-0.24555555555555555,-0.023333333333333334,1,0,0,image_left,left,0.9,circle,1,-1,1,196.4426926229935,196.4426926229935,,,,,,,,,,,,,,,,Yohitha,004,2023-04-12_23h31.08.679,EE_trial,2022.2.5,None,
triangle,square,0.4,0.6,triangle.png,square.png,,,,,,,8,0,32,0,,,,,198.91735516498738,198.91735516498738,0.5008737619937165,0.31777777777777777,-0.07444444444444444,1,0,0,image_right,right,0.6,square,-1,1,1,202.04175011999905,202.04175011999905,,,,,,,,,,,,,,,,Yohitha,004,2023-04-12_23h31.08.679,EE_trial,2022.2.5,None,
cross,circle,0.1,0.9,cross.png,circle.png,,,,,,,8,1,33,2,,,,,204.5118078099913,204.5118078099913,0.5051402249955572,-0.28555555555555556,-0.03,1,0,0,image_left,left,0.1,cross,-1,1,-1,206.14524066299782,206.14524066299782,,,,,,,,,,,,,,,,Yohitha,004,2023-04-12_23h31.08.679,EE_trial,2022.2.5,None,
square,triangle,0.6,0.4,square.png,triangle.png,,,,,,,8,2,34,1,,,,,208.6191238629981,208.6191238629981,0.5079047070030356,-0.25333333333333335,-0.023333333333333334,1,0,0,image_left,left,0.6,square,1,-1,1,209.75931811198825,209.75931811198825,,,,,,,,,,,,,,,,Yohitha,004,2023-04-12_23h31.08.679,EE_trial,2022.2.5,None,
triangle,square,0.4,0.6,triangle.png,square.png,,,,,,,8,3,35,0,,,,,212.24589327399735,212.24589327399735,0.5126272189954761,-0.30666666666666664,0.0044444444444444444,1,0,0,image_left,left,0.4,triangle,-1,-1,-1,213.5205279419897,213.5205279419897,,,,,,,,,,,,,,,,Yohitha,004,2023-04-12_23h31.08.679,EE_trial,2022.2.5,None,
square,triangle,0.6,0.4,square.png,triangle.png,,,,,,,9,0,36,1,,,,,215.99373770899547,215.99373770899547,0.5050699220009847,0.2833333333333333,0.016666666666666666,1,0,0,image_right,right,0.4,triangle,1,1,1,217.22211505599262,217.22211505599262,,,,,,,,,,,,,,,,Yohitha,004,2023-04-12_23h31.08.679,EE_trial,2022.2.5,None,
square,triangle,0.6,0.4,square.png,triangle.png,,,,,,,9,1,37,1,,,,,219.69768820698664,219.69768820698664,0.5113762660039356,0.2833333333333333,0.016666666666666666,1,0,0,image_right,right,0.4,triangle,-1,-1,-1,220.47757241499494,220.47757241499494,,,,,,,,,,,,,,,,Yohitha,004,2023-04-12_23h31.08.679,EE_trial,2022.2.5,None,
triangle,square,0.4,0.6,triangle.png,square.png,,,,,,,9,2,38,0,,,,,222.95002845898853,222.95002845898853,0.5095463540055789,-0.2477777777777778,-0.05444444444444444,1,0,0,image_left,left,0.4,triangle,1,1,1,224.03100227098912,224.03100227098912,,,,,,,,,,,,,,,,Yohitha,004,2023-04-12_23h31.08.679,EE_trial,2022.2.5,None,
circle,cross,0.9,0.1,circle.png,cross.png,,,,,,,9,3,39,3,,,,,226.50186588599172,226.50186588599172,0.5051146240002709,0.3422222222222222,0.02666666666666667,1,0,0,image_right,right,0.1,cross,1,-1,-1,228.96644811499573,228.96644811499573,,,,,,,,,,,,,,,,Yohitha,004,2023-04-12_23h31.08.679,EE_trial,2022.2.5,None,
,,,,,,cross,0,0.1,0.5,cross.png,0.png,,,,,0,0,0,17,,,,,,,,,,,,,,,,,,231.4407660089928,231.4407660089928,0.5023444169928553,0.3088888888888889,0.04666666666666667,1,0,0,image_right_es,right,0.5,0,-1,1,1,Yohitha,004,2023-04-12_23h31.08.679,EE_trial,2022.2.5,None,
,,,,,,cross,0.2,0.1,0.2,cross.png,0.2.png,,,,,0,1,1,20,,,,,,,,,,,,,,,,,,235.8437877529941,235.8437877529941,0.5006810969935032,0.3088888888888889,0.04666666666666667,1,0,0,image_right_es,right,0.2,0.2,-1,-1,-1,Yohitha,004,2023-04-12_23h31.08.679,EE_trial,2022.2.5,None,
,,,,,,triangle,0.2,0.4,0.2,triangle.png,0.2.png,,,,,0,2,2,6,,,,,,,,,,,,,,,,,,246.15167255898996,246.15167255898996,0.5053135869966354,0.3088888888888889,0.04666666666666667,1,0,0,image_right_es,right,0.2,0.2,1,-1,-1,Yohitha,004,2023-04-12_23h31.08.679,EE_trial,2022.2.5,None,
,,,,,,square,-0.8,0.6,0.1,square.png,-0.8.png,,,,,0,3,3,8,,,,,,,,,,,,,,,,,,261.17614573299943,261.17614573299943,0.5007917290058685,-0.23444444444444446,0.0011111111111111111,1,0,0,image_left_es,left,0.6,square,-1,-1,-1,Yohitha,004,2023-04-12_23h31.08.679,EE_trial,2022.2.5,None,
,,,,,,square,0.2,0.6,0.2,square.png,0.2.png,,,,,0,4,4,13,,,,,,,,,,,,,,,,,,263.509310051988,263.509310051988,0.5013992570020491,-0.23444444444444446,0.0011111111111111111,1,0,0,image_left_es,left,0.6,square,1,-1,1,Yohitha,004,2023-04-12_23h31.08.679,EE_trial,2022.2.5,None,
,,,,,,circle,0.2,0.9,0.2,circle.png,0.2.png,,,,,0,5,5,27,,,,,,,,,,,,,,,,,,265.25922262899985,265.25922262899985,0.49944124699686654,0.22555555555555556,0.027777777777777776,1,0,0,image_right_es,right,0.2,0.2,1,1,1,Yohitha,004,2023-04-12_23h31.08.679,EE_trial,2022.2.5,None,
,,,,,,triangle,-0.8,0.4,0.1,triangle.png,-0.8.png,,,,,0,6,6,1,,,,,,,,,,,,,,,,,,271.0422539669962,271.0422539669962,0.50013289898925,-0.2733333333333333,0.01888888888888889,1,0,0,image_left_es,left,0.4,triangle,1,-1,1,Yohitha,004,2023-04-12_23h31.08.679,EE_trial,2022.2.5,None,
,,,,,,cross,0.4,0.1,0.7,cross.png,0.4.png,,,,,0,7,7,18,,,,,,,,,,,,,,,,,,277.7176784489857,277.7176784489857,0.5048190740053542,0.22333333333333333,0.035555555555555556,1,0,0,image_right_es,right,0.7,0.4,-1,-1,-1,Yohitha,004,2023-04-12_23h31.08.679,EE_trial,2022.2.5,None,
,,,,,,cross,-0.4,0.1,0.3,cross.png,-0.4.png,,,,,0,8,8,16,,,,,,,,,,,,,,,,,,280.92785864199686,280.92785864199686,0.5046417229896178,-0.2544444444444444,-0.023333333333333334,1,0,0,image_left_es,left,0.1,cross,1,1,1,Yohitha,004,2023-04-12_23h31.08.679,EE_trial,2022.2.5,None,
,,,,,,cross,-0.2,0.1,0,cross.png,-0.2.png,,,,,0,9,9,14,,,,,,,,,,,,,,,,,,297.2112668579939,297.2112668579939,0.5047543790133204,-0.2511111111111111,-0.03333333333333333,1,0,0,image_left_es,left,0.1,cross,-1,-1,-1,Yohitha,004,2023-04-12_23h31.08.679,EE_trial,2022.2.5,None,
,,,,,,circle,0.8,0.9,0.9,circle.png,0.8.png,,,,,0,10,10,26,,,,,,,,,,,,,,,,,,302.7525945519883,302.7525945519883,0.5035269079962745,0.2688888888888889,-0.008888888888888889,1,0,0,image_right_es,right,0.9,0.8,1,1,1,Yohitha,004,2023-04-12_23h31.08.679,EE_trial,2022.2.5,None,
,,,,,,cross,0.8,0.1,0.9,cross.png,0.8.png,,,,,0,11,11,19,,,,,,,,,,,,,,,,,,305.1502346369962,305.1502346369962,0.5054928609897615,-0.21666666666666667,-0.01,1,0,0,image_left_es,left,0.1,cross,-1,1,-1,Yohitha,004,2023-04-12_23h31.08.679,EE_trial,2022.2.5,None,
,,,,,,square,-0.2,0.6,0,square.png,-0.2.png,,,,,0,12,12,7,,,,,,,,,,,,,,,,,,309.26685067199287,309.26685067199287,0.5021925490000285,-0.2633333333333333,-0.006666666666666667,1,0,0,image_left_es,left,0.6,square,1,-1,1,Yohitha,004,2023-04-12_23h31.08.679,EE_trial,2022.2.5,None,
,,,,,,triangle,0.4,0.4,0.7,triangle.png,0.4.png,,,,,0,13,13,4,,,,,,,,,,,,,,,,,,311.3306169939897,311.3306169939897,0.51145049900515,0.2311111111111111,0.0,1,0,0,image_right_es,right,0.7,0.4,1,1,1,Yohitha,004,2023-04-12_23h31.08.679,EE_trial,2022.2.5,None,
,,,,,,circle,-0.4,0.9,0.3,circle.png,-0.4.png,,,,,0,14,14,23,,,,,,,,,,,,,,,,,,316.7542266979872,316.7542266979872,0.5086589790007565,-0.28444444444444444,0.0011111111111111111,1,0,0,image_left_es,left,0.9,circle,1,1,1,Yohitha,004,2023-04-12_23h31.08.679,EE_trial,2022.2.5,None,
,,,,,,circle,0,0.9,0.5,circle.png,0.png,,,,,0,15,15,24,,,,,,,,,,,,,,,,,,321.3844780139916,321.3844780139916,0.5058812240022235,0.2588888888888889,0.027777777777777776,1,0,0,image_right_es,right,0.5,0,1,1,1,Yohitha,004,2023-04-12_23h31.08.679,EE_trial,2022.2.5,None,
,,,,,,cross,-0.8,0.1,0.1,cross.png,-0.8.png,,,,,0,16,16,15,,,,,,,,,,,,,,,,,,325.27717297599884,325.27717297599884,0.5061759230011376,-0.27666666666666667,0.02666666666666667,1,0,0,image_left_es,left,0.1,cross,-1,-1,-1,Yohitha,004,2023-04-12_23h31.08.679,EE_trial,2022.2.5,None,
,,,,,,circle,-0.2,0.9,0,circle.png,-0.2.png,,,,,0,17,17,21,,,,,,,,,,,,,,,,,,329.0937266529945,329.0937266529945,0.5051900770049542,-0.27666666666666667,0.02666666666666667,1,0,0,image_left_es,left,0.9,circle,1,-1,1,Yohitha,004,2023-04-12_23h31.08.679,EE_trial,2022.2.5,None,
,,,,,,triangle,0.8,0.4,0.9,triangle.png,0.8.png,,,,,0,18,18,5,,,,,,,,,,,,,,,,,,336.6604132969951,336.6604132969951,0.5067791809997289,0.2388888888888889,0.0033333333333333335,1,0,0,image_right_es,right,0.9,0.8,-1,1,1,Yohitha,004,2023-04-12_23h31.08.679,EE_trial,2022.2.5,None,
,,,,,,triangle,-0.2,0.4,0,triangle.png,-0.2.png,,,,,0,19,19,0,,,,,,,,,,,,,,,,,,339.2270386369928,339.2270386369928,0.5059089250135003,-0.28888888888888886,0.015555555555555555,1,0,0,image_left_es,left,0.4,triangle,-1,-1,-1,Yohitha,004,2023-04-12_23h31.08.679,EE_trial,2022.2.5,None,
,,,,,,square,0,0.6,0.5,square.png,0.png,,,,,0,20,20,10,,,,,,,,,,,,,,,,,,343.44234054599656,343.44234054599656,0.5021984880004311,-0.26222222222222225,0.0022222222222222222,1,0,0,image_left_es,left,0.6,square,-1,-1,-1,Yohitha,004,2023-04-12_23h31.08.679,EE_trial,2022.2.5,None,
,,,,,,triangle,-0.4,0.4,0.3,triangle.png,-0.4.png,,,,,0,21,21,2,,,,,,,,,,,,,,,,,,345.5329986789875,345.5329986789875,0.5046161609934643,-0.26222222222222225,0.0022222222222222222,1,0,0,image_left_es,left,0.4,triangle,1,1,1,Yohitha,004,2023-04-12_23h31.08.679,EE_trial,2022.2.5,None,
,,,,,,square,0.8,0.6,0.9,square.png,0.8.png,,,,,0,22,22,12,,,,,,,,,,,,,,,,,,351.7976149469905,351.7976149469905,0.5077073190041119,0.24333333333333335,-0.0044444444444444444,1,0,0,image_right_es,right,0.9,0.8,1,1,1,Yohitha,004,2023-04-12_23h31.08.679,EE_trial,2022.2.5,None,
,,,,,,circle,-0.8,0.9,0.1,circle.png,-0.8.png,,,,,0,23,23,22,,,,,,,,,,,,,,,,,,362.830383773995,362.830383773995,0.5059663970023394,-0.2677777777777778,0.03111111111111111,1,0,0,image_left_es,left,0.9,circle,1,-1,1,Yohitha,004,2023-04-12_23h31.08.679,EE_trial,2022.2.5,None,
,,,,,,square,-0.4,0.6,0.3,square.png,-0.4.png,,,,,0,24,24,9,,,,,,,,,,,,,,,,,,364.6464904489985,364.6464904489985,0.5069874210021226,-0.2677777777777778,0.03111111111111111,1,0,0,image_left_es,left,0.6,square,1,1,1,Yohitha,004,2023-04-12_23h31.08.679,EE_trial,2022.2.5,None,
,,,,,,triangle,0,0.4,0.5,triangle.png,0.png,,,,,0,25,25,3,,,,,,,,,,,,,,,,,,366.2606335599994,366.2606335599994,0.5061378000100376,-0.2677777777777778,0.03111111111111111,1,0,0,image_left_es,left,0.4,triangle,1,1,1,Yohitha,004,2023-04-12_23h31.08.679,EE_trial,2022.2.5,None,
,,,,,,circle,0.4,0.9,0.7,circle.png,0.4.png,,,,,0,26,26,25,,,,,,,,,,,,,,,,,,367.82502863698755,367.82502863698755,0.5097731059940998,0.2677777777777778,0.017777777777777778,1,0,0,image_right_es,right,0.7,0.4,1,1,1,Yohitha,004,2023-04-12_23h31.08.679,EE_trial,2022.2.5,None,
,,,,,,square,0.4,0.6,0.7,square.png,0.4.png,,,,,0,27,27,11,,,,,,,,,,,,,,,,,,370.5001033389999,370.5001033389999,0.5074595359910745,-0.2644444444444444,0.08777777777777777,1,0,0,image_left_es,left,0.6,square,-1,1,-1,Yohitha,004,2023-04-12_23h31.08.679,EE_trial,2022.2.5,None,
