﻿shape_left,shape_right,probability_left,probability_right,address_left,address_right,shape_left_es,shape_right_es,probability_left_es,probability_right_es,address_left_es,address_right_es,trials.thisRepN,trials.thisTrialN,trials.thisN,trials.thisIndex,trials_es.thisRepN,trials_es.thisTrialN,trials_es.thisN,trials_es.thisIndex,image_back_2.started,image_back_2.stopped,image_welcome.started,image_welcome.stopped,Text_2.started,Text_2.stopped,key_resp.keys,key_resp.rt,key_resp.started,key_resp.stopped,image_back2.started,image_back2.stopped,image_instruct1.started,image_instruct1.stopped,text_3.started,text_3.stopped,key_resp_2.keys,key_resp_2.rt,key_resp_2.started,key_resp_2.stopped,image_back3.started,image_back3.stopped,image_instruct2.started,image_instruct2.stopped,text_4.started,text_4.stopped,key_resp_3.keys,key_resp_3.rt,key_resp_3.started,key_resp_3.stopped,image_back5.started,image_back5.stopped,image_left.started,image_left.stopped,image_right.started,image_right.stopped,mouse.x,mouse.y,mouse.leftButton,mouse.midButton,mouse.rightButton,mouse.clicked_name,mouse.started,mouse.stopped,chosen_side,chosen_probability,chosen_shape,outcome_left,outcome_right,chosen_outcome,image_back6.started,image_back6.stopped,text.started,text.stopped,image_retained.started,image_retained.stopped,image_back4.started,image_back4.stopped,key_resp_4.keys,key_resp_4.rt,key_resp_4.started,key_resp_4.stopped,image_instruct3.started,image_instruct3.stopped,text_5.started,text_5.stopped,image_back7.started,image_back7.stopped,image_left_es.started,image_left_es.stopped,image_right_es.started,image_right_es.stopped,mouse_es.x,mouse_es.y,mouse_es.leftButton,mouse_es.midButton,mouse_es.rightButton,mouse_es.clicked_name,mouse_es.started,mouse_es.stopped,chosen_side_es,chosen_probability_es,chosen_shape_es,outcome_left_es,outcome_right_es,chosen_outcome_es,participant,session,date,expName,psychopyVersion,frameRate,
,,,,,,,,,,,,,,,,,,,,18.13051329999871,None,18.13051329999871,None,18.13051329999871,None,space,1.370383400004357,18.13051329999871,None,,,,,,,,,,,,,,,,,,,,,,,,,,,,,,,,,,,,,,,,,,,,,,,,,,,,,,,,,,,,,,,,,,,,,,,,,,,,,,001,2023-04-18_00h51.50.594,EE_trial,2022.1.4,60.045021758488296,
,,,,,,,,,,,,,,,,,,,,,,,,,,,,,,19.55335479999485,None,19.55335479999485,None,19.55335479999485,None,space,0.4476494000045932,19.55335479999485,None,,,,,,,,,,,,,,,,,,,,,,,,,,,,,,,,,,,,,,,,,,,,,,,,,,,,,,,,,,,,,,,,,,,,001,2023-04-18_00h51.50.594,EE_trial,2022.1.4,60.045021758488296,
,,,,,,,,,,,,,,,,,,,,,,,,,,,,,,,,,,,,,,,,20.073190899995097,None,20.073190899995097,None,20.073190899995097,None,space,0.401037700001325,20.073190899995097,None,,,,,,,,,,,,,,,,,,,,,,,,,,,,,,,,,,,,,,,,,,,,,,,,,,,,,,,,,,001,2023-04-18_00h51.50.594,EE_trial,2022.1.4,60.045021758488296,
circle,cross,0.9,0.1,circle.png,cross.png,,,,,,,0,0,0,3,,,,,,,,,,,,,,,,,,,,,,,,,,,,,,,,,,,20.553655199997593,None,21.032614199997624,None,21.032614199997624,None,-0.2574074,0.026851851,1,0,0,image_left,0.5134759200009285,None,left,0.9,circle,1,-1,1,22.637123099993914,None,22.637123099993914,None,22.637123099993914,None,,,,,,,,,,,,,,,,,,,,,,,,,,,,,,,,001,2023-04-18_00h51.50.594,EE_trial,2022.1.4,60.045021758488296,
cross,circle,0.1,0.9,cross.png,circle.png,,,,,,,0,1,1,2,,,,,,,,,,,,,,,,,,,,,,,,,,,,,,,,,,,23.636709999998857,None,24.1306270999994,None,24.1306270999994,None,-0.2574074,0.026851851,1,0,0,image_left,0.5008002399990801,None,left,0.1,cross,-1,1,-1,24.46538779999537,None,24.46538779999537,None,24.46538779999537,None,,,,,,,,,,,,,,,,,,,,,,,,,,,,,,,,001,2023-04-18_00h51.50.594,EE_trial,2022.1.4,60.045021758488296,
square,triangle,0.6,0.4,square.png,triangle.png,,,,,,,0,2,2,1,,,,,,,,,,,,,,,,,,,,,,,,,,,,,,,,,,,25.49222689999442,None,25.980177699995693,None,25.980177699995693,None,-0.2574074,0.026851851,1,0,0,image_left,0.50680127999658,None,left,0.6,square,1,1,1,26.375505500000145,None,26.375505500000145,None,26.375505500000145,None,,,,,,,,,,,,,,,,,,,,,,,,,,,,,,,,001,2023-04-18_00h51.50.594,EE_trial,2022.1.4,60.045021758488296,
triangle,square,0.4,0.6,triangle.png,square.png,,,,,,,0,3,3,0,,,,,,,,,,,,,,,,,,,,,,,,,,,,,,,,,,,27.380202999993344,None,27.878403699993214,None,27.878403699993214,None,-0.2574074,0.026851851,1,0,0,image_left,0.5084944400005043,None,left,0.4,triangle,1,1,1,28.222194399997534,None,28.222194399997534,None,28.222194399997534,None,,,,,,,,,,,,,,,,,,,,,,,,,,,,,,,,001,2023-04-18_00h51.50.594,EE_trial,2022.1.4,60.045021758488296,
,,,,,,,,,,,,,,,,,,,,,,,,,,,,,,,,,,,,,,,,,,,,,,,,,,,,,,,,,,,,,,,,,,,,,,,,,,,,29.229566899994097,None,space,1.3382868000044255,29.229566899994097,None,,,,,,,,,,,,,,,,,,,,,,,,,,001,2023-04-18_00h51.50.594,EE_trial,2022.1.4,60.045021758488296,
,,,,,,cross,0.2,0.1,0.2,cross.png,0.2.png,,,,,0,0,0,20,,,,,,,,,,,,,,,,,,,,,,,,,,,,,,,,,,,,,,,,,,,,,,,,,,,,,,,,,,,,,,,29.229566899994097,None,29.229566899994097,None,30.638329099994735,None,31.127191299994593,None,31.127191299994593,None,-0.2574074,0.026851851,1,0,0,image_left_es,0.5147422600057325,None,left,0.1,cross,-1,-1,-1,,001,2023-04-18_00h51.50.594,EE_trial,2022.1.4,60.045021758488296,
,,,,,,circle,0.4,0.9,0.7,circle.png,0.4.png,,,,,0,1,1,25,,,,,,,,,,,,,,,,,,,,,,,,,,,,,,,,,,,,,,,,,,,,,,,,,,,,,,,,,,,,,,,,,,,31.869680599993444,None,32.36007719999907,None,32.36007719999907,None,-0.2574074,0.026851851,1,0,0,image_left_es,0.5108163799959584,None,left,0.9,circle,1,1,1,,001,2023-04-18_00h51.50.594,EE_trial,2022.1.4,60.045021758488296,
,,,,,,triangle,-0.2,0.4,0,triangle.png,-0.2.png,,,,,0,2,2,0,,,,,,,,,,,,,,,,,,,,,,,,,,,,,,,,,,,,,,,,,,,,,,,,,,,,,,,,,,,,,,,,,,,32.71762099999614,None,33.209687799993844,None,33.209687799993844,None,0.27685186,-0.013888889,1,0,0,image_right_es,0.5004671400020015,None,right,0,-0.2,-1,-1,-1,,001,2023-04-18_00h51.50.594,EE_trial,2022.1.4,60.045021758488296,
,,,,,,square,0,0.6,0.5,square.png,0.png,,,,,0,3,3,10,,,,,,,,,,,,,,,,,,,,,,,,,,,,,,,,,,,,,,,,,,,,,,,,,,,,,,,,,,,,,,,,,,,34.29049659999873,None,34.7926354999945,None,34.7926354999945,None,-0.2787037,0.0046296297,1,0,0,image_left_es,0.5162503800020204,None,left,0.6,square,1,1,1,,001,2023-04-18_00h51.50.594,EE_trial,2022.1.4,60.045021758488296,
,,,,,,cross,0.8,0.1,0.9,cross.png,0.8.png,,,,,0,4,4,19,,,,,,,,,,,,,,,,,,,,,,,,,,,,,,,,,,,,,,,,,,,,,,,,,,,,,,,,,,,,,,,,,,,35.454814999997325,None,35.94160659999761,None,35.94160659999761,None,-0.2787037,0.0046296297,1,0,0,image_left_es,0.5044698799974867,None,left,0.1,cross,-1,1,-1,,001,2023-04-18_00h51.50.594,EE_trial,2022.1.4,60.045021758488296,
,,,,,,square,-0.4,0.6,0.3,square.png,-0.4.png,,,,,0,5,5,9,,,,,,,,,,,,,,,,,,,,,,,,,,,,,,,,,,,,,,,,,,,,,,,,,,,,,,,,,,,,,,,,,,,36.23321529999521,None,36.72480689999793,None,36.72480689999793,None,-0.2787037,0.0046296297,1,0,0,image_left_es,0.5124050800004625,None,left,0.6,square,1,-1,1,,001,2023-04-18_00h51.50.594,EE_trial,2022.1.4,60.045021758488296,
,,,,,,square,0.4,0.6,0.7,square.png,0.4.png,,,,,0,6,6,11,,,,,,,,,,,,,,,,,,,,,,,,,,,,,,,,,,,,,,,,,,,,,,,,,,,,,,,,,,,,,,,,,,,37.00813749999361,None,37.50761969999439,None,37.50761969999439,None,-0.2787037,0.0046296297,1,0,0,image_left_es,0.511498740001116,None,left,0.6,square,1,1,1,,001,2023-04-18_00h51.50.594,EE_trial,2022.1.4,60.045021758488296,
