﻿shape_left,shape_right,probability_left,probability_right,address_left,address_right,trials.thisRepN,trials.thisTrialN,trials.thisN,trials.thisIndex,image_back_2.started,image_back_2.stopped,image_welcome.started,image_welcome.stopped,Text_2.started,Text_2.stopped,key_resp.keys,key_resp.rt,key_resp.started,key_resp.stopped,image_back2.started,image_back2.stopped,image_instruct1.started,image_instruct1.stopped,text_3.started,text_3.stopped,key_resp_2.keys,key_resp_2.rt,key_resp_2.started,key_resp_2.stopped,image_back3.started,image_back3.stopped,image_instruct2.started,image_instruct2.stopped,text_4.started,text_4.stopped,key_resp_3.keys,key_resp_3.rt,key_resp_3.started,key_resp_3.stopped,image_back5.started,image_back5.stopped,image_left.started,image_left.stopped,image_right.started,image_right.stopped,mouse.x,mouse.y,mouse.leftButton,mouse.midButton,mouse.rightButton,mouse.clicked_name,mouse.started,mouse.stopped,chosen_side,chosen_probability,chosen_shape,outcome_left,outcome_right,chosen_outcome,image_back6.started,image_back6.stopped,text.started,text.stopped,image_retained.started,image_retained.stopped,participant,session,date,expName,psychopyVersion,frameRate,
,,,,,,,,,,23.717004999998608,None,23.717004999998608,None,23.717004999998608,None,space,1.7396795000022394,23.717004999998608,None,,,,,,,,,,,,,,,,,,,,,,,,,,,,,,,,,,,,,,,,,,,,,,,,001,2023-04-18_00h46.46.155,EE_trial,2022.1.4,60.01838963487067,
,,,,,,,,,,,,,,,,,,,,25.490199400002894,None,25.490199400002894,None,25.490199400002894,None,space,0.7896568999931333,25.490199400002894,None,,,,,,,,,,,,,,,,,,,,,,,,,,,,,,,,,,,,,,001,2023-04-18_00h46.46.155,EE_trial,2022.1.4,60.01838963487067,
,,,,,,,,,,,,,,,,,,,,,,,,,,,,,,26.342372200000682,None,26.342372200000682,None,26.342372200000682,None,space,0.9245618999993894,26.342372200000682,None,,,,,,,,,,,,,,,,,,,,,,,,,,,,001,2023-04-18_00h46.46.155,EE_trial,2022.1.4,60.01838963487067,
triangle,square,0.4,0.6,triangle.png,square.png,0,0,0,0,,,,,,,,,,,,,,,,,,,,,,,,,,,,,,,27.356476900000416,None,27.849673700002313,None,27.849673700002313,None,-0.24537037,0.0074074073,1,0,0,image_left,0.5220849599936628,None,left,0.4,triangle,1,1,1,31.01423210000212,None,31.01423210000212,None,31.01423210000212,None,,001,2023-04-18_00h46.46.155,EE_trial,2022.1.4,60.01838963487067,
,,,,,,,,,,,,,,,,,,,,,,,,,,,,,,,,,,,,,,,,33.00828609999735,None,33.50458200000139,None,33.50458200000139,None,-0.24259259,-0.027777778,1,0,0,image_left,0.5048559400020167,None,left,0.6,square,1,1,1,,,,,,,,,,,,,
