﻿shape_left,shape_right,probability_left,probability_right,address_left,address_right,shape_left_es,shape_right_es,probability_left_es,probability_right_es,address_left_es,address_right_es,trials.thisRepN,trials.thisTrialN,trials.thisN,trials.thisIndex,trials_es.thisRepN,trials_es.thisTrialN,trials_es.thisN,trials_es.thisIndex,image_back_2.started,image_back_2.stopped,image_welcome.started,image_welcome.stopped,Text_2.started,Text_2.stopped,key_resp.keys,key_resp.rt,key_resp.started,key_resp.stopped,image_back2.started,image_back2.stopped,image_instruct1.started,image_instruct1.stopped,text_3.started,text_3.stopped,key_resp_2.keys,key_resp_2.rt,key_resp_2.started,key_resp_2.stopped,image_back3.started,image_back3.stopped,image_instruct2.started,image_instruct2.stopped,text_4.started,text_4.stopped,key_resp_3.keys,key_resp_3.rt,key_resp_3.started,key_resp_3.stopped,image_back5.started,image_back5.stopped,image_left.started,image_left.stopped,image_right.started,image_right.stopped,mouse.x,mouse.y,mouse.leftButton,mouse.midButton,mouse.rightButton,mouse.clicked_name,mouse.started,mouse.stopped,chosen_side,chosen_probability,chosen_shape,outcome_left,outcome_right,chosen_outcome,image_back6.started,image_back6.stopped,text.started,text.stopped,image_retained.started,image_retained.stopped,image_back4.started,image_back4.stopped,key_resp_4.keys,key_resp_4.rt,key_resp_4.started,key_resp_4.stopped,image_instruct3.started,image_instruct3.stopped,text_5.started,text_5.stopped,image_back7.started,image_back7.stopped,image_left_es.started,image_left_es.stopped,image_right_es.started,image_right_es.stopped,mouse_es.x,mouse_es.y,mouse_es.leftButton,mouse_es.midButton,mouse_es.rightButton,mouse_es.clicked_name,mouse_es.started,mouse_es.stopped,chosen_side_es,chosen_probability_es,chosen_shape_es,outcome_left_es,outcome_right_es,chosen_outcome_es,participant,session,date,expName,psychopyVersion,frameRate,
,,,,,,,,,,,,,,,,,,,,22.56649749999633,None,22.56649749999633,None,22.56649749999633,None,space,0.9857703000016045,22.56649749999633,None,,,,,,,,,,,,,,,,,,,,,,,,,,,,,,,,,,,,,,,,,,,,,,,,,,,,,,,,,,,,,,,,,,,,,,,,,,,,,,001,2023-04-18_00h47.46.359,EE_trial,2022.1.4,60.04238992678538,
,,,,,,,,,,,,,,,,,,,,,,,,,,,,,,23.628540099998645,None,23.628540099998645,None,23.628540099998645,None,space,1.0377011999953538,23.628540099998645,None,,,,,,,,,,,,,,,,,,,,,,,,,,,,,,,,,,,,,,,,,,,,,,,,,,,,,,,,,,,,,,,,,,,,001,2023-04-18_00h47.46.359,EE_trial,2022.1.4,60.04238992678538,
,,,,,,,,,,,,,,,,,,,,,,,,,,,,,,,,,,,,,,,,24.727076399998623,None,24.727076399998623,None,24.727076399998623,None,space,6.930507800003397,24.727076399998623,None,,,,,,,,,,,,,,,,,,,,,,,,,,,,,,,,,,,,,,,,,,,,,,,,,,,,,,,,,,001,2023-04-18_00h47.46.359,EE_trial,2022.1.4,60.04238992678538,
triangle,square,0.4,0.6,triangle.png,square.png,,,,,,,0,0,0,0,,,,,,,,,,,,,,,,,,,,,,,,,,,,,,,,,,,31.70281889999751,None,32.20131699999911,None,32.20131699999911,None,-0.25185186,0.02962963,1,0,0,image_left,0.5156376000013552,None,left,0.4,triangle,1,1,1,33.534149200000684,None,33.534149200000684,None,33.534149200000684,None,,,,,,,,,,,,,,,,,,,,,,,,,,,,,,,,001,2023-04-18_00h47.46.359,EE_trial,2022.1.4,60.04238992678538,
triangle,square,0.4,0.6,triangle.png,square.png,,,,,,,0,1,1,0,,,,,,,,,,,,,,,,,,,,,,,,,,,,,,,,,,,34.542972199997166,None,35.03241039999557,None,35.03241039999557,None,-0.25185186,0.028703704,1,0,0,image_left,0.509470799988776,None,left,0.4,triangle,1,1,1,35.87549269999727,None,35.87549269999727,None,35.87549269999727,None,,,,,,,,,,,,,,,,,,,,,,,,,,,,,,,,001,2023-04-18_00h47.46.359,EE_trial,2022.1.4,60.04238992678538,
circle,cross,0.9,0.1,circle.png,cross.png,,,,,,,0,2,2,3,,,,,,,,,,,,,,,,,,,,,,,,,,,,,,,,,,,36.89089019999665,None,37.38164980000147,None,37.38164980000147,None,-0.25185186,0.028703704,1,0,0,image_left,0.510574899999483,None,left,0.9,circle,1,1,1,38.62771470000007,None,38.62771470000007,None,38.62771470000007,None,,,,,,,,,,,,,,,,,,,,,,,,,,,,,,,,001,2023-04-18_00h47.46.359,EE_trial,2022.1.4,60.04238992678538,
triangle,square,0.4,0.6,triangle.png,square.png,,,,,,,0,3,3,0,,,,,,,,,,,,,,,,,,,,,,,,,,,,,,,,,,,39.63424120000127,None,40.1299893999967,None,40.1299893999967,None,-0.25185186,0.028703704,1,0,0,image_left,0.502734750007221,None,left,0.4,triangle,1,1,1,40.48611859999801,None,40.48611859999801,None,40.48611859999801,None,,,,,,,,,,,,,,,,,,,,,,,,,,,,,,,,001,2023-04-18_00h47.46.359,EE_trial,2022.1.4,60.04238992678538,
cross,circle,0.1,0.9,cross.png,circle.png,,,,,,,1,0,4,2,,,,,,,,,,,,,,,,,,,,,,,,,,,,,,,,,,,41.507002999998804,None,41.99604309999995,None,41.99604309999995,None,-0.25185186,0.028703704,1,0,0,image_left,0.5088980000000447,None,left,0.1,cross,-1,-1,-1,42.419251899998926,None,42.419251899998926,None,42.419251899998926,None,,,,,,,,,,,,,,,,,,,,,,,,,,,,,,,,001,2023-04-18_00h47.46.359,EE_trial,2022.1.4,60.04238992678538,
circle,cross,0.9,0.1,circle.png,cross.png,,,,,,,1,1,5,3,,,,,,,,,,,,,,,,,,,,,,,,,,,,,,,,,,,43.42285940000147,None,43.911772100000235,None,43.911772100000235,None,-0.25185186,0.028703704,1,0,0,image_left,0.5079491999931633,None,left,0.9,circle,1,-1,1,44.25833229999989,None,44.25833229999989,None,44.25833229999989,None,,,,,,,,,,,,,,,,,,,,,,,,,,,,,,,,001,2023-04-18_00h47.46.359,EE_trial,2022.1.4,60.04238992678538,
triangle,square,0.4,0.6,triangle.png,square.png,,,,,,,1,2,6,0,,,,,,,,,,,,,,,,,,,,,,,,,,,,,,,,,,,45.26688229999854,None,45.76037379999616,None,45.76037379999616,None,-0.25185186,0.028703704,1,0,0,image_left,0.49981655000010505,None,left,0.4,triangle,1,1,1,45.94502410000132,None,45.94502410000132,None,45.94502410000132,None,,,,,,,,,,,,,,,,,,,,,,,,,,,,,,,,001,2023-04-18_00h47.46.359,EE_trial,2022.1.4,60.04238992678538,
cross,circle,0.1,0.9,cross.png,circle.png,,,,,,,1,3,7,2,,,,,,,,,,,,,,,,,,,,,,,,,,,,,,,,,,,46.96615390000079,None,47.45986249999987,None,47.45986249999987,None,-0.25185186,0.028703704,1,0,0,image_left,0.4992447999975411,None,left,0.1,cross,-1,1,-1,47.6869699999952,None,47.6869699999952,None,47.6869699999952,None,,,,,,,,,,,,,,,,,,,,,,,,,,,,,,,,001,2023-04-18_00h47.46.359,EE_trial,2022.1.4,60.04238992678538,
square,triangle,0.6,0.4,square.png,triangle.png,,,,,,,2,0,8,1,,,,,,,,,,,,,,,,,,,,,,,,,,,,,,,,,,,48.69894879999629,None,49.19253749999916,None,49.19253749999916,None,-0.25185186,0.028703704,1,0,0,image_left,0.5160741999934544,None,left,0.6,square,-1,-1,-1,49.38039569999819,None,49.38039569999819,None,49.38039569999819,None,,,,,,,,,,,,,,,,,,,,,,,,,,,,,,,,001,2023-04-18_00h47.46.359,EE_trial,2022.1.4,60.04238992678538,
triangle,square,0.4,0.6,triangle.png,square.png,,,,,,,2,1,9,0,,,,,,,,,,,,,,,,,,,,,,,,,,,,,,,,,,,50.3993496999974,None,50.89197779999813,None,50.89197779999813,None,-0.25185186,0.028703704,1,0,0,image_left,0.5142948999928194,None,left,0.4,triangle,-1,-1,-1,51.28187510000134,None,51.28187510000134,None,51.28187510000134,None,,,,,,,,,,,,,,,,,,,,,,,,,,,,,,,,001,2023-04-18_00h47.46.359,EE_trial,2022.1.4,60.04238992678538,
triangle,square,0.4,0.6,triangle.png,square.png,,,,,,,2,2,10,0,,,,,,,,,,,,,,,,,,,,,,,,,,,,,,,,,,,52.29517130000022,None,52.79041529999813,None,52.79041529999813,None,-0.25185186,0.028703704,1,0,0,image_left,0.5030799500018475,None,left,0.4,triangle,-1,-1,-1,54.61955959999614,None,54.61955959999614,None,54.61955959999614,None,,,,,,,,,,,,,,,,,,,,,,,,,,,,,,,,001,2023-04-18_00h47.46.359,EE_trial,2022.1.4,60.04238992678538,
square,triangle,0.6,0.4,square.png,triangle.png,,,,,,,2,3,11,1,,,,,,,,,,,,,,,,,,,,,,,,,,,,,,,,,,,55.62502089999907,None,56.12204159999965,None,56.12204159999965,None,-0.25185186,0.028703704,1,0,0,image_left,0.5067524500118452,None,left,0.6,square,-1,-1,-1,56.60769009999785,None,56.60769009999785,None,56.60769009999785,None,,,,,,,,,,,,,,,,,,,,,,,,,,,,,,,,001,2023-04-18_00h47.46.359,EE_trial,2022.1.4,60.04238992678538,
cross,circle,0.1,0.9,cross.png,circle.png,,,,,,,3,0,12,2,,,,,,,,,,,,,,,,,,,,,,,,,,,,,,,,,,,57.63067679999949,None,58.12148359999992,None,58.12148359999992,None,-0.25185186,0.028703704,1,0,0,image_left,0.5116023000009591,None,left,0.1,cross,-1,1,-1,58.5059506999969,None,58.5059506999969,None,58.5059506999969,None,,,,,,,,,,,,,,,,,,,,,,,,,,,,,,,,001,2023-04-18_00h47.46.359,EE_trial,2022.1.4,60.04238992678538,
circle,cross,0.9,0.1,circle.png,cross.png,,,,,,,3,1,13,3,,,,,,,,,,,,,,,,,,,,,,,,,,,,,,,,,,,59.520948400000634,None,60.02022059999581,None,60.02022059999581,None,-0.25185186,0.028703704,1,0,0,image_left,0.5117016500007594,None,left,0.9,circle,1,-1,1,60.07754230000137,None,60.07754230000137,None,60.07754230000137,None,,,,,,,,,,,,,,,,,,,,,,,,,,,,,,,,001,2023-04-18_00h47.46.359,EE_trial,2022.1.4,60.04238992678538,
square,triangle,0.6,0.4,square.png,triangle.png,,,,,,,3,2,14,1,,,,,,,,,,,,,,,,,,,,,,,,,,,,,,,,,,,61.08635040000081,None,61.569790399997146,None,61.569790399997146,None,-0.25185186,0.028703704,1,0,0,image_left,0.5001490499998908,None,left,0.6,square,1,1,1,61.76810889999615,None,61.76810889999615,None,61.76810889999615,None,,,,,,,,,,,,,,,,,,,,,,,,,,,,,,,,001,2023-04-18_00h47.46.359,EE_trial,2022.1.4,60.04238992678538,
square,triangle,0.6,0.4,square.png,triangle.png,,,,,,,3,3,15,1,,,,,,,,,,,,,,,,,,,,,,,,,,,,,,,,,,,62.77873189999809,None,63.26878199999919,None,63.26878199999919,None,-0.25185186,0.028703704,1,0,0,image_left,0.5094325999962166,None,left,0.6,square,-1,-1,-1,63.32839389999572,None,63.32839389999572,None,63.32839389999572,None,,,,,,,,,,,,,,,,,,,,,,,,,,,,,,,,001,2023-04-18_00h47.46.359,EE_trial,2022.1.4,60.04238992678538,
square,triangle,0.6,0.4,square.png,triangle.png,,,,,,,4,0,16,1,,,,,,,,,,,,,,,,,,,,,,,,,,,,,,,,,,,64.34565119999752,None,64.83485749999818,None,64.83485749999818,None,-0.25185186,0.028703704,1,0,0,image_left,0.5082370000018273,None,left,0.6,square,1,1,1,65.43623629999638,None,65.43623629999638,None,65.43623629999638,None,,,,,,,,,,,,,,,,,,,,,,,,,,,,,,,,001,2023-04-18_00h47.46.359,EE_trial,2022.1.4,60.04238992678538,
cross,circle,0.1,0.9,cross.png,circle.png,,,,,,,4,1,17,2,,,,,,,,,,,,,,,,,,,,,,,,,,,,,,,,,,,66.4393041000003,None,66.93350059999648,None,66.93350059999648,None,-0.25185186,0.028703704,1,0,0,image_left,0.5029353499994613,None,left,0.1,cross,-1,1,-1,68.77246309999464,None,68.77246309999464,None,68.77246309999464,None,,,,,,,,,,,,,,,,,,,,,,,,,,,,,,,,001,2023-04-18_00h47.46.359,EE_trial,2022.1.4,60.04238992678538,
cross,circle,0.1,0.9,cross.png,circle.png,,,,,,,4,2,18,2,,,,,,,,,,,,,,,,,,,,,,,,,,,,,,,,,,,69.78173799999786,None,70.28184989999863,None,70.28184989999863,None,-0.25185186,0.028703704,1,0,0,image_left,0.5099694500022451,None,left,0.1,cross,-1,1,-1,73.33750499999587,None,73.33750499999587,None,73.33750499999587,None,,,,,,,,,,,,,,,,,,,,,,,,,,,,,,,,001,2023-04-18_00h47.46.359,EE_trial,2022.1.4,60.04238992678538,
circle,cross,0.9,0.1,circle.png,cross.png,,,,,,,4,3,19,3,,,,,,,,,,,,,,,,,,,,,,,,,,,,,,,,,,,74.34997719999956,None,74.84651669999585,None,74.84651669999585,None,-0.25185186,0.028703704,1,0,0,image_left,0.5053061500002514,None,left,0.9,circle,1,-1,1,77.52997409999807,None,77.52997409999807,None,77.52997409999807,None,,,,,,,,,,,,,,,,,,,,,,,,,,,,,,,,001,2023-04-18_00h47.46.359,EE_trial,2022.1.4,60.04238992678538,
square,triangle,0.6,0.4,square.png,triangle.png,,,,,,,5,0,20,1,,,,,,,,,,,,,,,,,,,,,,,,,,,,,,,,,,,78.54844800000137,None,79.04383019999659,None,79.04383019999659,None,-0.25185186,0.028703704,1,0,0,image_left,0.5028227500006324,None,left,0.6,square,1,1,1,80.28390840000066,None,80.28390840000066,None,80.28390840000066,None,,,,,,,,,,,,,,,,,,,,,,,,,,,,,,,,001,2023-04-18_00h47.46.359,EE_trial,2022.1.4,60.04238992678538,
triangle,square,0.4,0.6,triangle.png,square.png,,,,,,,5,1,21,0,,,,,,,,,,,,,,,,,,,,,,,,,,,,,,,,,,,81.30048130000068,None,81.79306079999515,None,81.79306079999515,None,-0.25185186,0.028703704,1,0,0,image_left,0.5149689999961993,None,left,0.4,triangle,1,1,1,83.8616331000012,None,83.8616331000012,None,83.8616331000012,None,,,,,,,,,,,,,,,,,,,,,,,,,,,,,,,,001,2023-04-18_00h47.46.359,EE_trial,2022.1.4,60.04238992678538,
cross,circle,0.1,0.9,cross.png,circle.png,,,,,,,5,2,22,2,,,,,,,,,,,,,,,,,,,,,,,,,,,,,,,,,,,84.88056919999508,None,85.37398189999658,None,85.37398189999658,None,-0.25185186,0.028703704,1,0,0,image_left,0.5144040999948629,None,left,0.1,cross,-1,1,-1,86.36089979999815,None,86.36089979999815,None,86.36089979999815,None,,,,,,,,,,,,,,,,,,,,,,,,,,,,,,,,001,2023-04-18_00h47.46.359,EE_trial,2022.1.4,60.04238992678538,
circle,cross,0.9,0.1,circle.png,cross.png,,,,,,,5,3,23,3,,,,,,,,,,,,,,,,,,,,,,,,,,,,,,,,,,,87.37345769999956,None,87.87284619999991,None,87.87284619999991,None,-0.25185186,0.028703704,1,0,0,image_left,0.5140811500023119,None,left,0.9,circle,1,-1,1,88.28651420000097,None,88.28651420000097,None,88.28651420000097,None,,,,,,,,,,,,,,,,,,,,,,,,,,,,,,,,001,2023-04-18_00h47.46.359,EE_trial,2022.1.4,60.04238992678538,
square,triangle,0.6,0.4,square.png,triangle.png,,,,,,,6,0,24,1,,,,,,,,,,,,,,,,,,,,,,,,,,,,,,,,,,,89.29531009999482,None,89.78912609999679,None,89.78912609999679,None,-0.25185186,0.028703704,1,0,0,image_left,0.5020840500001214,None,left,0.6,square,1,-1,1,90.7805567999967,None,90.7805567999967,None,90.7805567999967,None,,,,,,,,,,,,,,,,,,,,,,,,,,,,,,,,001,2023-04-18_00h47.46.359,EE_trial,2022.1.4,60.04238992678538,
cross,circle,0.1,0.9,cross.png,circle.png,,,,,,,6,1,25,2,,,,,,,,,,,,,,,,,,,,,,,,,,,,,,,,,,,91.79383889999735,None,92.28771349999442,None,92.28771349999442,None,-0.25185186,0.028703704,1,0,0,image_left,0.5002062500061584,None,left,0.1,cross,-1,1,-1,92.88078729999688,None,92.88078729999688,None,92.88078729999688,None,,,,,,,,,,,,,,,,,,,,,,,,,,,,,,,,001,2023-04-18_00h47.46.359,EE_trial,2022.1.4,60.04238992678538,
triangle,square,0.4,0.6,triangle.png,square.png,,,,,,,6,2,26,0,,,,,,,,,,,,,,,,,,,,,,,,,,,,,,,,,,,93.89120969999931,None,94.38647700000001,None,94.38647700000001,None,-0.25185186,0.028703704,1,0,0,image_left,0.5007130500089261,None,left,0.4,triangle,1,1,1,94.84545499999513,None,94.84545499999513,None,94.84545499999513,None,,,,,,,,,,,,,,,,,,,,,,,,,,,,,,,,001,2023-04-18_00h47.46.359,EE_trial,2022.1.4,60.04238992678538,
cross,circle,0.1,0.9,cross.png,circle.png,,,,,,,6,3,27,2,,,,,,,,,,,,,,,,,,,,,,,,,,,,,,,,,,,95.86014419999992,None,96.35182440000062,None,96.35182440000062,None,-0.25185186,0.028703704,1,0,0,image_left,0.5133846000026097,None,left,0.1,cross,-1,1,-1,96.98360310000135,None,96.98360310000135,None,96.98360310000135,None,,,,,,,,,,,,,,,,,,,,,,,,,,,,,,,,001,2023-04-18_00h47.46.359,EE_trial,2022.1.4,60.04238992678538,
circle,cross,0.9,0.1,circle.png,cross.png,,,,,,,7,0,28,3,,,,,,,,,,,,,,,,,,,,,,,,,,,,,,,,,,,98.00006659999781,None,98.48384339999757,None,98.48384339999757,None,-0.25185186,0.028703704,1,0,0,image_left,0.5158241000026464,None,left,0.9,circle,1,-1,1,99.12357679999695,None,99.12357679999695,None,99.12357679999695,None,,,,,,,,,,,,,,,,,,,,,,,,,,,,,,,,001,2023-04-18_00h47.46.359,EE_trial,2022.1.4,60.04238992678538,
square,triangle,0.6,0.4,square.png,triangle.png,,,,,,,7,1,29,1,,,,,,,,,,,,,,,,,,,,,,,,,,,,,,,,,,,100.12623919999896,None,100.61700289999862,None,100.61700289999862,None,-0.25185186,0.028703704,1,0,0,image_left,0.5123521999994409,None,left,0.6,square,1,1,1,101.08956059999764,None,101.08956059999764,None,101.08956059999764,None,,,,,,,,,,,,,,,,,,,,,,,,,,,,,,,,001,2023-04-18_00h47.46.359,EE_trial,2022.1.4,60.04238992678538,
circle,cross,0.9,0.1,circle.png,cross.png,,,,,,,7,2,30,3,,,,,,,,,,,,,,,,,,,,,,,,,,,,,,,,,,,102.10920369999803,None,102.5993010999955,None,102.5993010999955,None,-0.25185186,0.028703704,1,0,0,image_left,0.5097145999970962,None,left,0.9,circle,1,-1,1,103.076516299996,None,103.076516299996,None,103.076516299996,None,,,,,,,,,,,,,,,,,,,,,,,,,,,,,,,,001,2023-04-18_00h47.46.359,EE_trial,2022.1.4,60.04238992678538,
circle,cross,0.9,0.1,circle.png,cross.png,,,,,,,7,3,31,3,,,,,,,,,,,,,,,,,,,,,,,,,,,,,,,,,,,104.08753639999486,None,104.58103159999882,None,104.58103159999882,None,-0.25185186,0.028703704,1,0,0,image_left,0.5146011999968323,None,left,0.9,circle,1,-1,1,105.29072240000096,None,105.29072240000096,None,105.29072240000096,None,,,,,,,,,,,,,,,,,,,,,,,,,,,,,,,,001,2023-04-18_00h47.46.359,EE_trial,2022.1.4,60.04238992678538,
triangle,square,0.4,0.6,triangle.png,square.png,,,,,,,8,0,32,0,,,,,,,,,,,,,,,,,,,,,,,,,,,,,,,,,,,106.30257379999966,None,106.7972454999981,None,106.7972454999981,None,-0.25185186,0.028703704,1,0,0,image_left,0.5020127500101808,None,left,0.4,triangle,-1,1,-1,109.05382100000134,None,109.05382100000134,None,109.05382100000134,None,,,,,,,,,,,,,,,,,,,,,,,,,,,,,,,,001,2023-04-18_00h47.46.359,EE_trial,2022.1.4,60.04238992678538,
square,triangle,0.6,0.4,square.png,triangle.png,,,,,,,8,1,33,1,,,,,,,,,,,,,,,,,,,,,,,,,,,,,,,,,,,110.06690749999689,None,110.56214599999657,None,110.56214599999657,None,-0.25185186,0.028703704,1,0,0,image_left,0.5024170499964384,None,left,0.6,square,1,1,1,111.43042599999899,None,111.43042599999899,None,111.43042599999899,None,,,,,,,,,,,,,,,,,,,,,,,,,,,,,,,,001,2023-04-18_00h47.46.359,EE_trial,2022.1.4,60.04238992678538,
triangle,square,0.4,0.6,triangle.png,square.png,,,,,,,8,2,34,0,,,,,,,,,,,,,,,,,,,,,,,,,,,,,,,,,,,112.45270979999623,None,112.9443403999976,None,112.9443403999976,None,-0.25185186,0.028703704,1,0,0,image_left,0.5114811000021291,None,left,0.4,triangle,1,1,1,114.39180379999743,None,114.39180379999743,None,114.39180379999743,None,,,,,,,,,,,,,,,,,,,,,,,,,,,,,,,,001,2023-04-18_00h47.46.359,EE_trial,2022.1.4,60.04238992678538,
cross,circle,0.1,0.9,cross.png,circle.png,,,,,,,8,3,35,2,,,,,,,,,,,,,,,,,,,,,,,,,,,,,,,,,,,115.39578210000036,None,115.89275700000144,None,115.89275700000144,None,-0.25185186,0.028703704,1,0,0,image_left,0.5060497500016936,None,left,0.1,cross,-1,1,-1,116.69825470000069,None,116.69825470000069,None,116.69825470000069,None,,,,,,,,,,,,,,,,,,,,,,,,,,,,,,,,001,2023-04-18_00h47.46.359,EE_trial,2022.1.4,60.04238992678538,
square,triangle,0.6,0.4,square.png,triangle.png,,,,,,,9,0,36,1,,,,,,,,,,,,,,,,,,,,,,,,,,,,,,,,,,,117.71133869999903,None,118.20798339999601,None,118.20798339999601,None,-0.25185186,0.028703704,1,0,0,image_left,0.5046414500029641,None,left,0.6,square,1,-1,1,119.97623110000131,None,119.97623110000131,None,119.97623110000131,None,,,,,,,,,,,,,,,,,,,,,,,,,,,,,,,,001,2023-04-18_00h47.46.359,EE_trial,2022.1.4,60.04238992678538,
circle,cross,0.9,0.1,circle.png,cross.png,,,,,,,9,1,37,3,,,,,,,,,,,,,,,,,,,,,,,,,,,,,,,,,,,120.99258749999717,None,121.48949680000078,None,121.48949680000078,None,-0.25185186,0.028703704,1,0,0,image_left,0.5061855500025558,None,left,0.9,circle,1,-1,1,122.87802830000146,None,122.87802830000146,None,122.87802830000146,None,,,,,,,,,,,,,,,,,,,,,,,,,,,,,,,,001,2023-04-18_00h47.46.359,EE_trial,2022.1.4,60.04238992678538,
cross,circle,0.1,0.9,cross.png,circle.png,,,,,,,9,2,38,2,,,,,,,,,,,,,,,,,,,,,,,,,,,,,,,,,,,123.89891119999811,None,124.38855029999831,None,124.38855029999831,None,-0.25185186,0.028703704,1,0,0,image_left,0.5095370000053663,None,left,0.1,cross,-1,1,-1,125.17113189999509,None,125.17113189999509,None,125.17113189999509,None,,,,,,,,,,,,,,,,,,,,,,,,,,,,,,,,001,2023-04-18_00h47.46.359,EE_trial,2022.1.4,60.04238992678538,
circle,cross,0.9,0.1,circle.png,cross.png,,,,,,,9,3,39,3,,,,,,,,,,,,,,,,,,,,,,,,,,,,,,,,,,,126.18373309999879,None,126.67072509999707,None,126.67072509999707,None,-0.25185186,0.028703704,1,0,0,image_left,0.504162000004726,None,left,0.9,circle,1,-1,1,128.2405493999977,None,128.2405493999977,None,128.2405493999977,None,,,,,,,,,,,,,,,,,,,,,,,,,,,,,,,,001,2023-04-18_00h47.46.359,EE_trial,2022.1.4,60.04238992678538,
,,,,,,,,,,,,,,,,,,,,,,,,,,,,,,,,,,,,,,,,,,,,,,,,,,,,,,,,,,,,,,,,,,,,,,,,,,,,129.25401129999955,None,space,32.138736799999606,129.25401129999955,None,,,,,,,,,,,,,,,,,,,,,,,,,,001,2023-04-18_00h47.46.359,EE_trial,2022.1.4,60.04238992678538,
,,,,,,square,-0.2,0.6,0,square.png,-0.2.png,,,,,0,0,0,7,,,,,,,,,,,,,,,,,,,,,,,,,,,,,,,,,,,,,,,,,,,,,,,,,,,,,,,,,,,,,,,129.25401129999955,None,129.25401129999955,None,161.4528846999965,162.44988739999826,161.93681059999653,None,161.93681059999653,None,-0.25185186,0.028703704,1,0,0,image_left_es,0.5054886500074645,None,left,0.6,square,1,-1,1,,001,2023-04-18_00h47.46.359,EE_trial,2022.1.4,60.04238992678538,
,,,,,,triangle,0.4,0.4,0.7,triangle.png,0.4.png,,,,,0,1,1,4,,,,,,,,,,,,,,,,,,,,,,,,,,,,,,,,,,,,,,,,,,,,,,,,,,,,,,,,,,,,,,,,,,,165.7947103999977,166.7977047999957,166.28418309999688,None,166.28418309999688,None,-0.25185186,0.028703704,1,0,0,image_left_es,0.5055350999973598,None,left,0.4,triangle,1,1,1,,001,2023-04-18_00h47.46.359,EE_trial,2022.1.4,60.04238992678538,
