﻿shape_left,shape_right,probability_left,probability_right,address_left,address_right,shape_left_es,shape_right_es,probability_left_es,probability_right_es,address_left_es,address_right_es,trials.thisRepN,trials.thisTrialN,trials.thisN,trials.thisIndex,trials_es.thisRepN,trials_es.thisTrialN,trials_es.thisN,trials_es.thisIndex,image_left.started,image_right.started,mouse.started,mouse.x,mouse.y,mouse.leftButton,mouse.midButton,mouse.rightButton,mouse.clicked_name,chosen_side,chosen_probability,chosen_shape,outcome_left,outcome_right,chosen_outcome,text.started,image_retained.started,image_left_es.started,image_right_es.started,mouse_es.started,mouse_es.x,mouse_es.y,mouse_es.leftButton,mouse_es.midButton,mouse_es.rightButton,mouse_es.clicked_name,chosen_side_es,chosen_probability_es,chosen_shape_es,outcome_left_es,outcome_right_es,chosen_outcome_es,participant,session,date,expName,psychopyVersion,frameRate,
triangle,square,0.4,0.6,triangle.png,square.png,,,,,,,0,0,0,0,,,,,29.791865678009344,29.791865678009344,0.5027213639987167,-0.3022222222222222,-0.01888888888888889,1,0,0,image_left,left,0.4,triangle,-1,1,-1,38.5145678310073,38.5145678310073,,,,,,,,,,,,,,,,Deepak kumar,003,2023-04-12_23h15.19.880,EE_trial,2022.2.5,119.54641793201894,
circle,cross,0.9,0.1,circle.png,cross.png,,,,,,,0,1,1,3,,,,,40.94076701501035,40.94076701501035,0.505654931999743,-0.29777777777777775,-0.02666666666666667,1,0,0,image_left,left,0.9,circle,-1,-1,-1,42.90042736699979,42.90042736699979,,,,,,,,,,,,,,,,Deepak kumar,003,2023-04-12_23h15.19.880,EE_trial,2022.2.5,119.54641793201894,
triangle,square,0.4,0.6,triangle.png,square.png,,,,,,,0,2,2,0,,,,,45.366878266999265,45.366878266999265,0.5158996190002654,0.29,-0.011111111111111112,1,0,0,image_right,right,0.6,square,-1,-1,-1,50.82466761399701,50.82466761399701,,,,,,,,,,,,,,,,Deepak kumar,003,2023-04-12_23h15.19.880,EE_trial,2022.2.5,119.54641793201894,
circle,cross,0.9,0.1,circle.png,cross.png,,,,,,,0,3,3,3,,,,,53.29138901599799,53.29138901599799,0.5039701610076008,-0.2822222222222222,0.005555555555555556,1,0,0,image_left,left,0.9,circle,1,-1,1,55.62515766501019,55.62515766501019,,,,,,,,,,,,,,,,Deepak kumar,003,2023-04-12_23h15.19.880,EE_trial,2022.2.5,119.54641793201894,
cross,circle,0.1,0.9,cross.png,circle.png,,,,,,,1,0,4,2,,,,,58.100899618002586,58.100899618002586,0.5050895810127258,0.29,-0.02,1,0,0,image_right,right,0.9,circle,-1,1,1,62.126746080000885,62.126746080000885,,,,,,,,,,,,,,,,Deepak kumar,003,2023-04-12_23h15.19.880,EE_trial,2022.2.5,119.54641793201894,
cross,circle,0.1,0.9,cross.png,circle.png,,,,,,,1,1,5,2,,,,,64.5964937050012,64.5964937050012,0.505360291004763,0.26555555555555554,-0.017777777777777778,1,0,0,image_right,right,0.9,circle,-1,1,1,66.91117726900848,66.91117726900848,,,,,,,,,,,,,,,,Deepak kumar,003,2023-04-12_23h15.19.880,EE_trial,2022.2.5,119.54641793201894,
circle,cross,0.9,0.1,circle.png,cross.png,,,,,,,1,2,6,3,,,,,69.3813284360076,69.3813284360076,0.5065591699967626,0.31,-0.0033333333333333335,1,0,0,image_right,right,0.1,cross,1,-1,-1,70.9210534140002,70.9210534140002,,,,,,,,,,,,,,,,Deepak kumar,003,2023-04-12_23h15.19.880,EE_trial,2022.2.5,119.54641793201894,
cross,circle,0.1,0.9,cross.png,circle.png,,,,,,,1,3,7,2,,,,,73.39029711700277,73.39029711700277,0.5022160919907037,-0.30666666666666664,-0.02,1,0,0,image_left,left,0.1,cross,-1,1,-1,77.02884352199908,77.02884352199908,,,,,,,,,,,,,,,,Deepak kumar,003,2023-04-12_23h15.19.880,EE_trial,2022.2.5,119.54641793201894,
square,triangle,0.6,0.4,square.png,triangle.png,,,,,,,2,0,8,1,,,,,79.49660847600899,79.49660847600899,0.5024554589908803,0.31777777777777777,-0.011111111111111112,1,0,0,image_right,right,0.4,triangle,-1,-1,-1,82.88991059000546,82.88991059000546,,,,,,,,,,,,,,,,Deepak kumar,003,2023-04-12_23h15.19.880,EE_trial,2022.2.5,119.54641793201894,
cross,circle,0.1,0.9,cross.png,circle.png,,,,,,,2,1,9,2,,,,,85.35698846800369,85.35698846800369,0.5016770399961388,-0.2866666666666667,-0.034444444444444444,1,0,0,image_left,left,0.1,cross,-1,1,-1,88.10967324400553,88.10967324400553,,,,,,,,,,,,,,,,Deepak kumar,003,2023-04-12_23h15.19.880,EE_trial,2022.2.5,119.54641793201894,
cross,circle,0.1,0.9,cross.png,circle.png,,,,,,,2,2,10,2,,,,,90.58192938500724,90.58192938500724,0.507073902990669,-0.29777777777777775,0.0,1,0,0,image_left,left,0.1,cross,-1,1,-1,94.38045947199862,94.38045947199862,,,,,,,,,,,,,,,,Deepak kumar,003,2023-04-12_23h15.19.880,EE_trial,2022.2.5,119.54641793201894,
square,triangle,0.6,0.4,square.png,triangle.png,,,,,,,2,3,11,1,,,,,96.8748035680037,96.8748035680037,0.5046022639871808,0.3,-0.04555555555555556,1,0,0,image_right,right,0.4,triangle,1,-1,-1,98.69304073799867,98.69304073799867,,,,,,,,,,,,,,,,Deepak kumar,003,2023-04-12_23h15.19.880,EE_trial,2022.2.5,119.54641793201894,
triangle,square,0.4,0.6,triangle.png,square.png,,,,,,,3,0,12,0,,,,,101.16340700200817,101.16340700200817,0.5060787649999838,-0.27444444444444444,-0.005555555555555556,1,0,0,image_left,left,0.4,triangle,-1,-1,-1,104.13450613000896,104.13450613000896,,,,,,,,,,,,,,,,Deepak kumar,003,2023-04-12_23h15.19.880,EE_trial,2022.2.5,119.54641793201894,
square,triangle,0.6,0.4,square.png,triangle.png,,,,,,,3,1,13,1,,,,,106.62460791200283,106.62460791200283,0.4996675669972319,-0.31,-0.006666666666666667,1,0,0,image_left,left,0.6,square,1,-1,1,110.8039947720099,110.8039947720099,,,,,,,,,,,,,,,,Deepak kumar,003,2023-04-12_23h15.19.880,EE_trial,2022.2.5,119.54641793201894,
triangle,square,0.4,0.6,triangle.png,square.png,,,,,,,3,2,14,0,,,,,113.27468365100503,113.27468365100503,0.5059364500048105,-0.28555555555555556,-0.025555555555555557,1,0,0,image_left,left,0.4,triangle,1,1,1,120.09046319199842,120.09046319199842,,,,,,,,,,,,,,,,Deepak kumar,003,2023-04-12_23h15.19.880,EE_trial,2022.2.5,119.54641793201894,
circle,cross,0.9,0.1,circle.png,cross.png,,,,,,,3,3,15,3,,,,,122.56335370700981,122.56335370700981,0.5017376090108883,-0.2722222222222222,-0.023333333333333334,1,0,0,image_left,left,0.9,circle,-1,-1,-1,124.71673732899944,124.71673732899944,,,,,,,,,,,,,,,,Deepak kumar,003,2023-04-12_23h15.19.880,EE_trial,2022.2.5,119.54641793201894,
circle,cross,0.9,0.1,circle.png,cross.png,,,,,,,4,0,16,3,,,,,127.1809984940046,127.1809984940046,0.5010473720030859,-0.27555555555555555,-0.013333333333333334,1,0,0,image_left,left,0.9,circle,1,-1,1,132.14356880100968,132.14356880100968,,,,,,,,,,,,,,,,Deepak kumar,003,2023-04-12_23h15.19.880,EE_trial,2022.2.5,119.54641793201894,
square,triangle,0.6,0.4,square.png,triangle.png,,,,,,,4,1,17,1,,,,,134.6150789289968,134.6150789289968,0.5210470929887379,0.2822222222222222,-0.0011111111111111111,1,0,0,image_right,right,0.4,triangle,1,1,1,137.92769071900693,137.92769071900693,,,,,,,,,,,,,,,,Deepak kumar,003,2023-04-12_23h15.19.880,EE_trial,2022.2.5,119.54641793201894,
circle,cross,0.9,0.1,circle.png,cross.png,,,,,,,4,2,18,3,,,,,140.39763324199885,140.39763324199885,0.5053166309953667,-0.2922222222222222,0.005555555555555556,1,0,0,image_left,left,0.9,circle,1,-1,1,144.75228278400027,144.75228278400027,,,,,,,,,,,,,,,,Deepak kumar,003,2023-04-12_23h15.19.880,EE_trial,2022.2.5,119.54641793201894,
cross,circle,0.1,0.9,cross.png,circle.png,,,,,,,4,3,19,2,,,,,147.2232078070083,147.2232078070083,0.5048345630057156,-0.31444444444444447,0.0,1,0,0,image_left,left,0.1,cross,-1,1,-1,149.90295456499734,149.90295456499734,,,,,,,,,,,,,,,,Deepak kumar,003,2023-04-12_23h15.19.880,EE_trial,2022.2.5,119.54641793201894,
square,triangle,0.6,0.4,square.png,triangle.png,,,,,,,5,0,20,1,,,,,152.37378419000015,152.37378419000015,0.5032524849957554,0.29333333333333333,0.0033333333333333335,1,0,0,image_right,right,0.4,triangle,-1,-1,-1,155.709017347006,155.709017347006,,,,,,,,,,,,,,,,Deepak kumar,003,2023-04-12_23h15.19.880,EE_trial,2022.2.5,119.54641793201894,
triangle,square,0.4,0.6,triangle.png,square.png,,,,,,,5,1,21,0,,,,,158.1906550450076,158.1906550450076,0.5069671509991167,0.30666666666666664,-0.01888888888888889,1,0,0,image_right,right,0.6,square,-1,-1,-1,161.04341280300287,161.04341280300287,,,,,,,,,,,,,,,,Deepak kumar,003,2023-04-12_23h15.19.880,EE_trial,2022.2.5,119.54641793201894,
triangle,square,0.4,0.6,triangle.png,square.png,,,,,,,5,2,22,0,,,,,163.5401084620098,163.5401084620098,0.5048001220129663,-0.29444444444444445,-0.01888888888888889,1,0,0,image_left,left,0.4,triangle,1,1,1,165.87454836801044,165.87454836801044,,,,,,,,,,,,,,,,Deepak kumar,003,2023-04-12_23h15.19.880,EE_trial,2022.2.5,119.54641793201894,
cross,circle,0.1,0.9,cross.png,circle.png,,,,,,,5,3,23,2,,,,,168.3479645979969,168.3479645979969,0.5222578170069028,0.2722222222222222,0.01888888888888889,1,0,0,image_right,right,0.9,circle,1,1,1,170.54295266899862,170.54295266899862,,,,,,,,,,,,,,,,Deepak kumar,003,2023-04-12_23h15.19.880,EE_trial,2022.2.5,119.54641793201894,
triangle,square,0.4,0.6,triangle.png,square.png,,,,,,,6,0,24,0,,,,,173.01258030399913,173.01258030399913,0.505668372992659,0.2833333333333333,-0.023333333333333334,1,0,0,image_right,right,0.6,square,1,1,1,175.6590545150102,175.6590545150102,,,,,,,,,,,,,,,,Deepak kumar,003,2023-04-12_23h15.19.880,EE_trial,2022.2.5,119.54641793201894,
circle,cross,0.9,0.1,circle.png,cross.png,,,,,,,6,1,25,3,,,,,178.1279544170102,178.1279544170102,0.5082689120026771,0.31555555555555553,-0.006666666666666667,1,0,0,image_right,right,0.1,cross,1,-1,-1,181.62601504000486,181.62601504000486,,,,,,,,,,,,,,,,Deepak kumar,003,2023-04-12_23h15.19.880,EE_trial,2022.2.5,119.54641793201894,
cross,circle,0.1,0.9,cross.png,circle.png,,,,,,,6,2,26,2,,,,,184.0948010610009,184.0948010610009,0.5074711230117828,0.29888888888888887,0.028888888888888888,1,0,0,image_right,right,0.9,circle,-1,1,1,187.22261167100805,187.22261167100805,,,,,,,,,,,,,,,,Deepak kumar,003,2023-04-12_23h15.19.880,EE_trial,2022.2.5,119.54641793201894,
square,triangle,0.6,0.4,square.png,triangle.png,,,,,,,6,3,27,1,,,,,189.68855481399805,189.68855481399805,0.49952623099670745,-0.3022222222222222,-0.023333333333333334,1,0,0,image_left,left,0.6,square,1,-1,1,191.70316484999785,191.70316484999785,,,,,,,,,,,,,,,,Deepak kumar,003,2023-04-12_23h15.19.880,EE_trial,2022.2.5,119.54641793201894,
triangle,square,0.4,0.6,triangle.png,square.png,,,,,,,7,0,28,0,,,,,194.17288530500082,194.17288530500082,0.5065187910076929,-0.3244444444444444,0.0044444444444444444,1,0,0,image_left,left,0.4,triangle,-1,-1,-1,197.17364755600283,197.17364755600283,,,,,,,,,,,,,,,,Deepak kumar,003,2023-04-12_23h15.19.880,EE_trial,2022.2.5,119.54641793201894,
circle,cross,0.9,0.1,circle.png,cross.png,,,,,,,7,1,29,3,,,,,199.64716391000547,199.64716391000547,0.5074525410018396,-0.26222222222222225,0.013333333333333334,1,0,0,image_left,left,0.9,circle,1,1,1,201.96158474900585,201.96158474900585,,,,,,,,,,,,,,,,Deepak kumar,003,2023-04-12_23h15.19.880,EE_trial,2022.2.5,119.54641793201894,
cross,circle,0.1,0.9,cross.png,circle.png,,,,,,,7,2,30,2,,,,,204.43268980299763,204.43268980299763,0.51026780900429,0.30666666666666664,-0.0044444444444444444,1,0,0,image_right,right,0.9,circle,-1,1,1,206.25670874600473,206.25670874600473,,,,,,,,,,,,,,,,Deepak kumar,003,2023-04-12_23h15.19.880,EE_trial,2022.2.5,119.54641793201894,
triangle,square,0.4,0.6,triangle.png,square.png,,,,,,,7,3,31,0,,,,,208.72911689900502,208.72911689900502,0.5071076879976317,0.25333333333333335,-0.013333333333333334,1,0,0,image_right,right,0.6,square,-1,1,1,210.19229525901028,210.19229525901028,,,,,,,,,,,,,,,,Deepak kumar,003,2023-04-12_23h15.19.880,EE_trial,2022.2.5,119.54641793201894,
square,triangle,0.6,0.4,square.png,triangle.png,,,,,,,8,0,32,1,,,,,212.66400852199877,212.66400852199877,0.5212262279965216,-0.30777777777777776,0.02,1,0,0,image_left,left,0.6,square,-1,-1,-1,215.1084854750079,215.1084854750079,,,,,,,,,,,,,,,,Deepak kumar,003,2023-04-12_23h15.19.880,EE_trial,2022.2.5,119.54641793201894,
square,triangle,0.6,0.4,square.png,triangle.png,,,,,,,8,1,33,1,,,,,217.5781690559961,217.5781690559961,0.507023926009424,0.28888888888888886,0.014444444444444444,1,0,0,image_right,right,0.4,triangle,-1,-1,-1,220.48838776200137,220.48838776200137,,,,,,,,,,,,,,,,Deepak kumar,003,2023-04-12_23h15.19.880,EE_trial,2022.2.5,119.54641793201894,
cross,circle,0.1,0.9,cross.png,circle.png,,,,,,,8,2,34,2,,,,,222.96178778499598,222.96178778499598,0.5065997269994114,-0.2722222222222222,-0.023333333333333334,1,0,0,image_left,left,0.1,cross,-1,1,-1,225.31931141200766,225.31931141200766,,,,,,,,,,,,,,,,Deepak kumar,003,2023-04-12_23h15.19.880,EE_trial,2022.2.5,119.54641793201894,
triangle,square,0.4,0.6,triangle.png,square.png,,,,,,,8,3,35,0,,,,,227.78752947499743,227.78752947499743,0.5005111479986226,-0.25666666666666665,-0.008888888888888889,1,0,0,image_left,left,0.4,triangle,1,1,1,229.6353901380062,229.6353901380062,,,,,,,,,,,,,,,,Deepak kumar,003,2023-04-12_23h15.19.880,EE_trial,2022.2.5,119.54641793201894,
circle,cross,0.9,0.1,circle.png,cross.png,,,,,,,9,0,36,3,,,,,232.10512048100645,232.10512048100645,0.502763092998066,-0.2788888888888889,-0.021111111111111112,1,0,0,image_left,left,0.9,circle,1,-1,1,233.73859281600744,233.73859281600744,,,,,,,,,,,,,,,,Deepak kumar,003,2023-04-12_23h15.19.880,EE_trial,2022.2.5,119.54641793201894,
circle,cross,0.9,0.1,circle.png,cross.png,,,,,,,9,1,37,3,,,,,236.2089938170102,236.2089938170102,0.5066736529988702,-0.2644444444444444,0.005555555555555556,1,0,0,image_left,left,0.9,circle,1,-1,1,237.05931733400212,237.05931733400212,,,,,,,,,,,,,,,,Deepak kumar,003,2023-04-12_23h15.19.880,EE_trial,2022.2.5,119.54641793201894,
square,triangle,0.6,0.4,square.png,triangle.png,,,,,,,9,2,38,1,,,,,239.53890962700825,239.53890962700825,0.5064552039984846,-0.2688888888888889,-0.017777777777777778,1,0,0,image_left,left,0.6,square,1,1,1,241.59780787600903,241.59780787600903,,,,,,,,,,,,,,,,Deepak kumar,003,2023-04-12_23h15.19.880,EE_trial,2022.2.5,119.54641793201894,
square,triangle,0.6,0.4,square.png,triangle.png,,,,,,,9,3,39,1,,,,,244.06530751500395,244.06530751500395,0.5049531599943293,0.28888888888888886,0.04111111111111111,1,0,0,image_right,right,0.4,triangle,1,1,1,245.80855899200833,245.80855899200833,,,,,,,,,,,,,,,,Deepak kumar,003,2023-04-12_23h15.19.880,EE_trial,2022.2.5,119.54641793201894,
,,,,,,circle,0,0.9,0.5,circle.png,0.png,,,,,0,0,0,24,,,,,,,,,,,,,,,,,,248.27788073499687,248.27788073499687,0.5071444479981437,-0.3111111111111111,-0.0033333333333333335,1,0,0,image_left_es,left,0.9,circle,1,1,1,Deepak kumar,003,2023-04-12_23h15.19.880,EE_trial,2022.2.5,119.54641793201894,
,,,,,,triangle,0.2,0.4,0.2,triangle.png,0.2.png,,,,,0,1,1,6,,,,,,,,,,,,,,,,,,269.8711942899972,269.8711942899972,0.5042645339999581,-0.2877777777777778,0.022222222222222223,1,0,0,image_left_es,left,0.4,triangle,-1,-1,-1,Deepak kumar,003,2023-04-12_23h15.19.880,EE_trial,2022.2.5,119.54641793201894,
,,,,,,triangle,-0.2,0.4,0,triangle.png,-0.2.png,,,,,0,2,2,0,,,,,,,,,,,,,,,,,,281.0135023740004,281.0135023740004,0.5036994350084569,-0.27555555555555555,-0.0033333333333333335,1,0,0,image_left_es,left,0.4,triangle,1,-1,1,Deepak kumar,003,2023-04-12_23h15.19.880,EE_trial,2022.2.5,119.54641793201894,
,,,,,,circle,0.4,0.9,0.7,circle.png,0.4.png,,,,,0,3,3,25,,,,,,,,,,,,,,,,,,293.64687038100965,293.64687038100965,0.5227608619898092,0.3088888888888889,-0.008888888888888889,1,0,0,image_right_es,right,0.7,0.4,1,1,1,Deepak kumar,003,2023-04-12_23h15.19.880,EE_trial,2022.2.5,119.54641793201894,
,,,,,,circle,0.8,0.9,0.9,circle.png,0.8.png,,,,,0,4,4,26,,,,,,,,,,,,,,,,,,296.6614447989996,296.6614447989996,0.5082424549909774,-0.2577777777777778,-0.0077777777777777776,1,0,0,image_left_es,left,0.9,circle,-1,-1,-1,Deepak kumar,003,2023-04-12_23h15.19.880,EE_trial,2022.2.5,119.54641793201894,
,,,,,,triangle,-0.8,0.4,0.1,triangle.png,-0.8.png,,,,,0,5,5,1,,,,,,,,,,,,,,,,,,303.01183576601034,303.01183576601034,0.5060416649939725,-0.28444444444444444,-0.011111111111111112,1,0,0,image_left_es,left,0.4,triangle,1,1,1,Deepak kumar,003,2023-04-12_23h15.19.880,EE_trial,2022.2.5,119.54641793201894,
,,,,,,circle,-0.8,0.9,0.1,circle.png,-0.8.png,,,,,0,6,6,22,,,,,,,,,,,,,,,,,,308.61180383000465,308.61180383000465,0.5073009309999179,-0.2544444444444444,0.01,1,0,0,image_left_es,left,0.9,circle,1,-1,1,Deepak kumar,003,2023-04-12_23h15.19.880,EE_trial,2022.2.5,119.54641793201894,
,,,,,,triangle,0,0.4,0.5,triangle.png,0.png,,,,,0,7,7,3,,,,,,,,,,,,,,,,,,320.3041378380003,320.3041378380003,0.5061916999984533,0.3522222222222222,0.0022222222222222222,1,0,0,image_right_es,right,0.5,0,-1,-1,-1,Deepak kumar,003,2023-04-12_23h15.19.880,EE_trial,2022.2.5,119.54641793201894,
,,,,,,cross,-0.4,0.1,0.3,cross.png,-0.4.png,,,,,0,8,8,16,,,,,,,,,,,,,,,,,,324.22356450500956,324.22356450500956,0.5111380230082432,0.31555555555555553,0.035555555555555556,1,0,0,image_right_es,right,0.3,-0.4,-1,-1,-1,Deepak kumar,003,2023-04-12_23h15.19.880,EE_trial,2022.2.5,119.54641793201894,
,,,,,,cross,-0.8,0.1,0.1,cross.png,-0.8.png,,,,,0,9,9,15,,,,,,,,,,,,,,,,,,327.8127536999964,327.8127536999964,0.521225249991403,0.3011111111111111,-0.0033333333333333335,1,0,0,image_right_es,right,0.1,-0.8,1,1,1,Deepak kumar,003,2023-04-12_23h15.19.880,EE_trial,2022.2.5,119.54641793201894,
,,,,,,square,-0.2,0.6,0,square.png,-0.2.png,,,,,0,10,10,7,,,,,,,,,,,,,,,,,,330.20950457500294,330.20950457500294,0.5010435959993629,0.3688888888888889,0.008888888888888889,1,0,0,image_right_es,right,0,-0.2,1,-1,-1,Deepak kumar,003,2023-04-12_23h15.19.880,EE_trial,2022.2.5,119.54641793201894,
,,,,,,square,0.2,0.6,0.2,square.png,0.2.png,,,,,0,11,11,13,,,,,,,,,,,,,,,,,,335.3938077670027,335.3938077670027,0.508585909003159,-0.29777777777777775,-0.017777777777777778,1,0,0,image_left_es,left,0.6,square,1,-1,1,Deepak kumar,003,2023-04-12_23h15.19.880,EE_trial,2022.2.5,119.54641793201894,
,,,,,,cross,0,0.1,0.5,cross.png,0.png,,,,,0,12,12,17,,,,,,,,,,,,,,,,,,338.8143023910088,338.8143023910088,0.501164125991636,-0.2788888888888889,0.013333333333333334,1,0,0,image_left_es,left,0.1,cross,-1,1,-1,Deepak kumar,003,2023-04-12_23h15.19.880,EE_trial,2022.2.5,119.54641793201894,
,,,,,,square,-0.4,0.6,0.3,square.png,-0.4.png,,,,,0,13,13,9,,,,,,,,,,,,,,,,,,341.62065046800126,341.62065046800126,0.504185771002085,0.26222222222222225,0.005555555555555556,1,0,0,image_right_es,right,0.3,-0.4,-1,-1,-1,Deepak kumar,003,2023-04-12_23h15.19.880,EE_trial,2022.2.5,119.54641793201894,
,,,,,,cross,0.2,0.1,0.2,cross.png,0.2.png,,,,,0,14,14,20,,,,,,,,,,,,,,,,,,344.6143904519995,344.6143904519995,0.5002869220043067,0.29444444444444445,0.0022222222222222222,1,0,0,image_right_es,right,0.2,0.2,-1,-1,-1,Deepak kumar,003,2023-04-12_23h15.19.880,EE_trial,2022.2.5,119.54641793201894,
,,,,,,cross,0.4,0.1,0.7,cross.png,0.4.png,,,,,0,15,15,18,,,,,,,,,,,,,,,,,,347.2257457910018,347.2257457910018,0.507158199994592,-0.27,-0.015555555555555555,1,0,0,image_left_es,left,0.1,cross,-1,1,-1,Deepak kumar,003,2023-04-12_23h15.19.880,EE_trial,2022.2.5,119.54641793201894,
,,,,,,square,0.4,0.6,0.7,square.png,0.4.png,,,,,0,16,16,11,,,,,,,,,,,,,,,,,,351.2536772730091,351.2536772730091,0.5019214909989387,-0.30777777777777776,0.0033333333333333335,1,0,0,image_left_es,left,0.6,square,-1,-1,-1,Deepak kumar,003,2023-04-12_23h15.19.880,EE_trial,2022.2.5,119.54641793201894,
,,,,,,cross,-0.2,0.1,0,cross.png,-0.2.png,,,,,0,17,17,14,,,,,,,,,,,,,,,,,,354.14242856000783,354.14242856000783,0.5085473030048888,-0.24555555555555555,0.02,1,0,0,image_left_es,left,0.1,cross,-1,-1,-1,Deepak kumar,003,2023-04-12_23h15.19.880,EE_trial,2022.2.5,119.54641793201894,
,,,,,,triangle,-0.4,0.4,0.3,triangle.png,-0.4.png,,,,,0,18,18,2,,,,,,,,,,,,,,,,,,360.55212491100247,360.55212491100247,0.5062387140060309,-0.2877777777777778,-0.0044444444444444444,1,0,0,image_left_es,left,0.4,triangle,-1,-1,-1,Deepak kumar,003,2023-04-12_23h15.19.880,EE_trial,2022.2.5,119.54641793201894,
,,,,,,square,-0.8,0.6,0.1,square.png,-0.8.png,,,,,0,19,19,8,,,,,,,,,,,,,,,,,,364.608737018003,364.608737018003,0.510396605997812,0.33111111111111113,-0.025555555555555557,1,0,0,image_right_es,right,0.1,-0.8,-1,-1,-1,Deepak kumar,003,2023-04-12_23h15.19.880,EE_trial,2022.2.5,119.54641793201894,
,,,,,,triangle,0.8,0.4,0.9,triangle.png,0.8.png,,,,,0,20,20,5,,,,,,,,,,,,,,,,,,367.0929166650021,367.0929166650021,0.5030313890019897,0.2577777777777778,-0.04666666666666667,1,0,0,image_right_es,right,0.9,0.8,-1,1,1,Deepak kumar,003,2023-04-12_23h15.19.880,EE_trial,2022.2.5,119.54641793201894,
,,,,,,square,0.8,0.6,0.9,square.png,0.8.png,,,,,0,21,21,12,,,,,,,,,,,,,,,,,,369.453424656007,369.453424656007,0.5017803680093493,-0.26555555555555554,-0.011111111111111112,1,0,0,image_left_es,left,0.6,square,1,1,1,Deepak kumar,003,2023-04-12_23h15.19.880,EE_trial,2022.2.5,119.54641793201894,
,,,,,,circle,-0.4,0.9,0.3,circle.png,-0.4.png,,,,,0,22,22,23,,,,,,,,,,,,,,,,,,372.10320583700377,372.10320583700377,0.5026005159888882,-0.2611111111111111,0.008888888888888889,1,0,0,image_left_es,left,0.9,circle,1,-1,1,Deepak kumar,003,2023-04-12_23h15.19.880,EE_trial,2022.2.5,119.54641793201894,
,,,,,,circle,0.2,0.9,0.2,circle.png,0.2.png,,,,,0,23,23,27,,,,,,,,,,,,,,,,,,374.9305833880062,374.9305833880062,0.5042685399967013,0.24888888888888888,0.03777777777777778,1,0,0,image_right_es,right,0.2,0.2,1,-1,-1,Deepak kumar,003,2023-04-12_23h15.19.880,EE_trial,2022.2.5,119.54641793201894,
,,,,,,circle,-0.2,0.9,0,circle.png,-0.2.png,,,,,0,24,24,21,,,,,,,,,,,,,,,,,,377.10973838099744,377.10973838099744,0.5010103649983648,0.31,-0.017777777777777778,1,0,0,image_right_es,right,0,-0.2,1,-1,-1,Deepak kumar,003,2023-04-12_23h15.19.880,EE_trial,2022.2.5,119.54641793201894,
,,,,,,cross,0.8,0.1,0.9,cross.png,0.8.png,,,,,0,25,25,19,,,,,,,,,,,,,,,,,,379.1293453830003,379.1293453830003,0.5046253129985416,0.3111111111111111,-0.005555555555555556,1,0,0,image_right_es,right,0.9,0.8,1,1,1,Deepak kumar,003,2023-04-12_23h15.19.880,EE_trial,2022.2.5,119.54641793201894,
,,,,,,square,0,0.6,0.5,square.png,0.png,,,,,0,26,26,10,,,,,,,,,,,,,,,,,,381.1621212290047,381.1621212290047,0.5104936329880729,-0.30666666666666664,-0.008888888888888889,1,0,0,image_left_es,left,0.6,square,1,-1,1,Deepak kumar,003,2023-04-12_23h15.19.880,EE_trial,2022.2.5,119.54641793201894,
,,,,,,triangle,0.4,0.4,0.7,triangle.png,0.4.png,,,,,0,27,27,4,,,,,,,,,,,,,,,,,,384.0542038209969,384.0542038209969,0.5112590310018277,0.25222222222222224,0.023333333333333334,1,0,0,image_right_es,right,0.7,0.4,-1,1,1,Deepak kumar,003,2023-04-12_23h15.19.880,EE_trial,2022.2.5,119.54641793201894,
