﻿shape_left,shape_right,probability_left,probability_right,address_left,address_right,shape_left_es,shape_right_es,probability_left_es,probability_right_es,address_left_es,address_right_es,trials.thisRepN,trials.thisTrialN,trials.thisN,trials.thisIndex,trials_es.thisRepN,trials_es.thisTrialN,trials_es.thisN,trials_es.thisIndex,image_left.started,image_right.started,mouse.started,mouse.x,mouse.y,mouse.leftButton,mouse.midButton,mouse.rightButton,mouse.clicked_name,chosen_side,chosen_probability,chosen_shape,outcome_left,outcome_right,chosen_outcome,text.started,image_retained.started,image_left_es.started,image_right_es.started,mouse_es.started,mouse_es.x,mouse_es.y,mouse_es.leftButton,mouse_es.midButton,mouse_es.rightButton,mouse_es.clicked_name,chosen_side_es,chosen_probability_es,chosen_shape_es,outcome_left_es,outcome_right_es,chosen_outcome_es,participant,session,date,expName,psychopyVersion,frameRate,
triangle,square,0.4,0.6,triangle.png,square.png,,,,,,,0,0,0,0,,,,,51.36419825900521,51.36419825900521,0.5048524589947192,-0.31222222222222223,0.015555555555555555,1,0,0,image_left,left,0.4,triangle,-1,-1,-1,61.62214131699875,61.62214131699875,,,,,,,,,,,,,,,,K Anusha ,002,2023-04-12_23h02.49.939,EE_trial,2022.2.5,None,
cross,circle,0.1,0.9,cross.png,circle.png,,,,,,,0,1,1,2,,,,,64.0356660749967,64.0356660749967,0.5038714330003131,0.28,0.01,1,0,0,image_right,right,0.9,circle,-1,1,1,71.77906056899519,71.77906056899519,,,,,,,,,,,,,,,,K Anusha ,002,2023-04-12_23h02.49.939,EE_trial,2022.2.5,None,
triangle,square,0.4,0.6,triangle.png,square.png,,,,,,,0,2,2,0,,,,,74.26052208499459,74.26052208499459,0.5100826029956806,0.28,0.01,1,0,0,image_right,right,0.6,square,1,1,1,75.87154026000644,75.87154026000644,,,,,,,,,,,,,,,,K Anusha ,002,2023-04-12_23h02.49.939,EE_trial,2022.2.5,None,
square,triangle,0.6,0.4,square.png,triangle.png,,,,,,,0,3,3,1,,,,,78.3354790010053,78.3354790010053,0.5008812349988148,-0.2611111111111111,0.0,1,0,0,image_left,left,0.6,square,-1,-1,-1,81.4920955090056,81.4920955090056,,,,,,,,,,,,,,,,K Anusha ,002,2023-04-12_23h02.49.939,EE_trial,2022.2.5,None,
circle,cross,0.9,0.1,circle.png,cross.png,,,,,,,1,0,4,3,,,,,83.96150232800574,83.96150232800574,0.5041484370012768,0.22333333333333333,-0.012222222222222223,1,0,0,image_right,right,0.1,cross,-1,-1,-1,87.31338579699514,87.31338579699514,,,,,,,,,,,,,,,,K Anusha ,002,2023-04-12_23h02.49.939,EE_trial,2022.2.5,None,
square,triangle,0.6,0.4,square.png,triangle.png,,,,,,,1,1,5,1,,,,,89.7852588740061,89.7852588740061,0.5061124430067139,-0.27555555555555555,0.005555555555555556,1,0,0,image_left,left,0.6,square,1,-1,1,94.33702532600728,94.33702532600728,,,,,,,,,,,,,,,,K Anusha ,002,2023-04-12_23h02.49.939,EE_trial,2022.2.5,None,
circle,cross,0.9,0.1,circle.png,cross.png,,,,,,,1,2,6,3,,,,,96.80111772300734,96.80111772300734,0.503388928991626,-0.27555555555555555,0.005555555555555556,1,0,0,image_left,left,0.9,circle,1,1,1,99.72599309400539,99.72599309400539,,,,,,,,,,,,,,,,K Anusha ,002,2023-04-12_23h02.49.939,EE_trial,2022.2.5,None,
cross,circle,0.1,0.9,cross.png,circle.png,,,,,,,1,3,7,2,,,,,102.20474645399372,102.20474645399372,0.5052582839998649,0.21222222222222223,-0.0033333333333333335,1,0,0,image_right,right,0.9,circle,-1,1,1,110.8414200929983,110.8414200929983,,,,,,,,,,,,,,,,K Anusha ,002,2023-04-12_23h02.49.939,EE_trial,2022.2.5,None,
square,triangle,0.6,0.4,square.png,triangle.png,,,,,,,2,0,8,1,,,,,113.31136717900517,113.31136717900517,0.5037303499993868,-0.28888888888888886,0.04555555555555556,1,0,0,image_left,left,0.6,square,1,-1,1,116.13555962400278,116.13555962400278,,,,,,,,,,,,,,,,K Anusha ,002,2023-04-12_23h02.49.939,EE_trial,2022.2.5,None,
triangle,square,0.4,0.6,triangle.png,square.png,,,,,,,2,1,9,0,,,,,118.60455693400581,118.60455693400581,0.5094357630005106,-0.28888888888888886,0.04555555555555556,1,0,0,image_left,left,0.4,triangle,-1,-1,-1,120.72628713599988,120.72628713599988,,,,,,,,,,,,,,,,K Anusha ,002,2023-04-12_23h02.49.939,EE_trial,2022.2.5,None,
triangle,square,0.4,0.6,triangle.png,square.png,,,,,,,2,2,10,0,,,,,123.20520185900386,123.20520185900386,0.505080695002107,0.2511111111111111,-0.03666666666666667,1,0,0,image_right,right,0.6,square,-1,-1,-1,126.74513561700587,126.74513561700587,,,,,,,,,,,,,,,,K Anusha ,002,2023-04-12_23h02.49.939,EE_trial,2022.2.5,None,
square,triangle,0.6,0.4,square.png,triangle.png,,,,,,,2,3,11,1,,,,,129.21820409799693,129.21820409799693,0.5079424080031458,0.2388888888888889,0.017777777777777778,1,0,0,image_right,right,0.4,triangle,1,-1,-1,136.14275336099672,136.14275336099672,,,,,,,,,,,,,,,,K Anusha ,002,2023-04-12_23h02.49.939,EE_trial,2022.2.5,None,
triangle,square,0.4,0.6,triangle.png,square.png,,,,,,,3,0,12,0,,,,,138.61168796500715,138.61168796500715,0.5033053229999496,0.2388888888888889,0.017777777777777778,1,0,0,image_right,right,0.6,square,-1,-1,-1,147.8971752100042,147.8971752100042,,,,,,,,,,,,,,,,K Anusha ,002,2023-04-12_23h02.49.939,EE_trial,2022.2.5,None,
square,triangle,0.6,0.4,square.png,triangle.png,,,,,,,3,1,13,1,,,,,150.3595642279979,150.3595642279979,0.49939306400483474,0.2388888888888889,0.017777777777777778,1,0,0,image_right,right,0.4,triangle,1,1,1,151.87886011699447,151.87886011699447,,,,,,,,,,,,,,,,K Anusha ,002,2023-04-12_23h02.49.939,EE_trial,2022.2.5,None,
triangle,square,0.4,0.6,triangle.png,square.png,,,,,,,3,2,14,0,,,,,154.34913923899876,154.34913923899876,0.509018308002851,-0.3433333333333333,0.0,1,0,0,image_left,left,0.4,triangle,-1,-1,-1,156.42248053700314,156.42248053700314,,,,,,,,,,,,,,,,K Anusha ,002,2023-04-12_23h02.49.939,EE_trial,2022.2.5,None,
circle,cross,0.9,0.1,circle.png,cross.png,,,,,,,3,3,15,3,,,,,158.89383225199708,158.89383225199708,0.5037833749956917,-0.3433333333333333,0.0,1,0,0,image_left,left,0.9,circle,-1,-1,-1,161.38777055199898,161.38777055199898,,,,,,,,,,,,,,,,K Anusha ,002,2023-04-12_23h02.49.939,EE_trial,2022.2.5,None,
triangle,square,0.4,0.6,triangle.png,square.png,,,,,,,4,0,16,0,,,,,163.85956031800015,163.85956031800015,0.5041203339933418,-0.3433333333333333,0.0,1,0,0,image_left,left,0.4,triangle,-1,-1,-1,165.22189252900716,165.22189252900716,,,,,,,,,,,,,,,,K Anusha ,002,2023-04-12_23h02.49.939,EE_trial,2022.2.5,None,
square,triangle,0.6,0.4,square.png,triangle.png,,,,,,,4,1,17,1,,,,,167.69212771599996,167.69212771599996,0.5032803329959279,-0.2411111111111111,-0.012222222222222223,1,0,0,image_left,left,0.6,square,1,1,1,175.7126410829951,175.7126410829951,,,,,,,,,,,,,,,,K Anusha ,002,2023-04-12_23h02.49.939,EE_trial,2022.2.5,None,
cross,circle,0.1,0.9,cross.png,circle.png,,,,,,,4,2,18,2,,,,,178.1877666329965,178.1877666329965,0.5022702690039296,0.24888888888888888,-0.04888888888888889,1,0,0,image_right,right,0.9,circle,-1,-1,-1,180.95653557800688,180.95653557800688,,,,,,,,,,,,,,,,K Anusha ,002,2023-04-12_23h02.49.939,EE_trial,2022.2.5,None,
circle,cross,0.9,0.1,circle.png,cross.png,,,,,,,4,3,19,3,,,,,183.42583060500328,183.42583060500328,0.5024110679951264,0.24888888888888888,-0.04888888888888889,1,0,0,image_right,right,0.1,cross,-1,-1,-1,187.18949877200066,187.18949877200066,,,,,,,,,,,,,,,,K Anusha ,002,2023-04-12_23h02.49.939,EE_trial,2022.2.5,None,
cross,circle,0.1,0.9,cross.png,circle.png,,,,,,,5,0,20,2,,,,,189.6596809689945,189.6596809689945,0.5031209180015139,-0.23,-0.027777777777777776,1,0,0,image_left,left,0.1,cross,-1,1,-1,193.2152409380069,193.2152409380069,,,,,,,,,,,,,,,,K Anusha ,002,2023-04-12_23h02.49.939,EE_trial,2022.2.5,None,
triangle,square,0.4,0.6,triangle.png,square.png,,,,,,,5,1,21,0,,,,,195.68345549800142,195.68345549800142,0.50254864100134,-0.23,-0.027777777777777776,1,0,0,image_left,left,0.4,triangle,-1,-1,-1,199.82891869399464,199.82891869399464,,,,,,,,,,,,,,,,K Anusha ,002,2023-04-12_23h02.49.939,EE_trial,2022.2.5,None,
circle,cross,0.9,0.1,circle.png,cross.png,,,,,,,5,2,22,3,,,,,202.30067503800092,202.30067503800092,0.5078602410067106,-0.23,-0.027777777777777776,1,0,0,image_left,left,0.9,circle,1,-1,1,205.01316233500256,205.01316233500256,,,,,,,,,,,,,,,,K Anusha ,002,2023-04-12_23h02.49.939,EE_trial,2022.2.5,None,
cross,circle,0.1,0.9,cross.png,circle.png,,,,,,,5,3,23,2,,,,,207.48372771400318,207.48372771400318,0.5064282480016118,0.3022222222222222,-0.011111111111111112,1,0,0,image_right,right,0.9,circle,-1,1,1,211.3212400439952,211.3212400439952,,,,,,,,,,,,,,,,K Anusha ,002,2023-04-12_23h02.49.939,EE_trial,2022.2.5,None,
cross,circle,0.1,0.9,cross.png,circle.png,,,,,,,6,0,24,2,,,,,213.79067377500178,213.79067377500178,0.5011573560041143,0.3022222222222222,-0.011111111111111112,1,0,0,image_right,right,0.9,circle,-1,1,1,217.68131572300626,217.68131572300626,,,,,,,,,,,,,,,,K Anusha ,002,2023-04-12_23h02.49.939,EE_trial,2022.2.5,None,
square,triangle,0.6,0.4,square.png,triangle.png,,,,,,,6,1,25,1,,,,,220.1503658760048,220.1503658760048,0.5037688489974244,0.3022222222222222,-0.011111111111111112,1,0,0,image_right,right,0.4,triangle,1,1,1,223.37383149500238,223.37383149500238,,,,,,,,,,,,,,,,K Anusha ,002,2023-04-12_23h02.49.939,EE_trial,2022.2.5,None,
circle,cross,0.9,0.1,circle.png,cross.png,,,,,,,6,2,26,3,,,,,225.84390819100372,225.84390819100372,0.5065647449955577,-0.2588888888888889,-0.006666666666666667,1,0,0,image_left,left,0.9,circle,1,-1,1,229.8726849030063,229.8726849030063,,,,,,,,,,,,,,,,K Anusha ,002,2023-04-12_23h02.49.939,EE_trial,2022.2.5,None,
cross,circle,0.1,0.9,cross.png,circle.png,,,,,,,6,3,27,2,,,,,232.3574498270027,232.3574498270027,0.5098573789873626,-0.3466666666666667,-0.05,1,0,0,image_left,left,0.1,cross,-1,-1,-1,237.59510449699883,237.59510449699883,,,,,,,,,,,,,,,,K Anusha ,002,2023-04-12_23h02.49.939,EE_trial,2022.2.5,None,
square,triangle,0.6,0.4,square.png,triangle.png,,,,,,,7,0,28,1,,,,,240.07040707100532,240.07040707100532,0.502618842991069,-0.3466666666666667,-0.05,1,0,0,image_left,left,0.6,square,1,-1,1,241.69647911400534,241.69647911400534,,,,,,,,,,,,,,,,K Anusha ,002,2023-04-12_23h02.49.939,EE_trial,2022.2.5,None,
triangle,square,0.4,0.6,triangle.png,square.png,,,,,,,7,1,29,0,,,,,244.16685868799686,244.16685868799686,0.5068540570064215,0.28555555555555556,0.027777777777777776,1,0,0,image_right,right,0.6,square,-1,1,1,248.90985747100785,248.90985747100785,,,,,,,,,,,,,,,,K Anusha ,002,2023-04-12_23h02.49.939,EE_trial,2022.2.5,None,
triangle,square,0.4,0.6,triangle.png,square.png,,,,,,,7,2,30,0,,,,,251.37449039700732,251.37449039700732,0.4994232680037385,0.28555555555555556,0.027777777777777776,1,0,0,image_right,right,0.6,square,-1,1,1,256.2082493159978,256.2082493159978,,,,,,,,,,,,,,,,K Anusha ,002,2023-04-12_23h02.49.939,EE_trial,2022.2.5,None,
circle,cross,0.9,0.1,circle.png,cross.png,,,,,,,7,3,31,3,,,,,258.67580192600144,258.67580192600144,0.5028036889998475,-0.27666666666666667,-0.027777777777777776,1,0,0,image_left,left,0.9,circle,1,-1,1,262.0448778120044,262.0448778120044,,,,,,,,,,,,,,,,K Anusha ,002,2023-04-12_23h02.49.939,EE_trial,2022.2.5,None,
cross,circle,0.1,0.9,cross.png,circle.png,,,,,,,8,0,32,2,,,,,264.51558299000317,264.51558299000317,0.5074342910083942,-0.27666666666666667,-0.027777777777777776,1,0,0,image_left,left,0.1,cross,-1,1,-1,265.9215775740013,265.9215775740013,,,,,,,,,,,,,,,,K Anusha ,002,2023-04-12_23h02.49.939,EE_trial,2022.2.5,None,
circle,cross,0.9,0.1,circle.png,cross.png,,,,,,,8,1,33,3,,,,,268.3980808369961,268.3980808369961,0.5010011150006903,-0.27666666666666667,-0.027777777777777776,1,0,0,image_left,left,0.9,circle,-1,-1,-1,271.3816644239996,271.3816644239996,,,,,,,,,,,,,,,,K Anusha ,002,2023-04-12_23h02.49.939,EE_trial,2022.2.5,None,
cross,circle,0.1,0.9,cross.png,circle.png,,,,,,,8,2,34,2,,,,,273.84927918500034,273.84927918500034,0.5021625299996231,0.2477777777777778,-0.035555555555555556,1,0,0,image_right,right,0.9,circle,-1,1,1,276.97906981500273,276.97906981500273,,,,,,,,,,,,,,,,K Anusha ,002,2023-04-12_23h02.49.939,EE_trial,2022.2.5,None,
circle,cross,0.9,0.1,circle.png,cross.png,,,,,,,8,3,35,3,,,,,279.44814632199996,279.44814632199996,0.5068048020038987,-0.27111111111111114,0.03666666666666667,1,0,0,image_left,left,0.9,circle,1,-1,1,282.47248051999486,282.47248051999486,,,,,,,,,,,,,,,,K Anusha ,002,2023-04-12_23h02.49.939,EE_trial,2022.2.5,None,
square,triangle,0.6,0.4,square.png,triangle.png,,,,,,,9,0,36,1,,,,,284.94226795800205,284.94226795800205,0.5029865429969504,0.2577777777777778,-0.0033333333333333335,1,0,0,image_right,right,0.4,triangle,1,-1,-1,292.60945349499525,292.60945349499525,,,,,,,,,,,,,,,,K Anusha ,002,2023-04-12_23h02.49.939,EE_trial,2022.2.5,None,
circle,cross,0.9,0.1,circle.png,cross.png,,,,,,,9,1,37,3,,,,,295.07446405700466,295.07446405700466,0.5005384729884099,-0.28,-0.0077777777777777776,1,0,0,image_left,left,0.9,circle,-1,-1,-1,303.70628604100784,303.70628604100784,,,,,,,,,,,,,,,,K Anusha ,002,2023-04-12_23h02.49.939,EE_trial,2022.2.5,None,
square,triangle,0.6,0.4,square.png,triangle.png,,,,,,,9,2,38,1,,,,,306.17554210100207,306.17554210100207,0.5060728139942512,-0.28,-0.0077777777777777776,1,0,0,image_left,left,0.6,square,1,1,1,307.8857526549982,307.8857526549982,,,,,,,,,,,,,,,,K Anusha ,002,2023-04-12_23h02.49.939,EE_trial,2022.2.5,None,
cross,circle,0.1,0.9,cross.png,circle.png,,,,,,,9,3,39,2,,,,,310.35005853099574,310.35005853099574,0.5163215049979044,-0.28,-0.0077777777777777776,1,0,0,image_left,left,0.1,cross,1,1,1,315.4071817160002,315.4071817160002,,,,,,,,,,,,,,,,K Anusha ,002,2023-04-12_23h02.49.939,EE_trial,2022.2.5,None,
,,,,,,circle,0,0.9,0.5,circle.png,0.png,,,,,0,0,0,24,,,,,,,,,,,,,,,,,,317.8796594370069,317.8796594370069,0.4997830909996992,0.31333333333333335,0.03,1,0,0,image_right_es,right,0.5,0,1,-1,-1,K Anusha ,002,2023-04-12_23h02.49.939,EE_trial,2022.2.5,None,
,,,,,,cross,0.2,0.1,0.2,cross.png,0.2.png,,,,,0,1,1,20,,,,,,,,,,,,,,,,,,323.5975227070012,323.5975227070012,0.4995784009952331,0.23333333333333334,0.03777777777777778,1,0,0,image_right_es,right,0.2,0.2,-1,-1,-1,K Anusha ,002,2023-04-12_23h02.49.939,EE_trial,2022.2.5,None,
,,,,,,triangle,0,0.4,0.5,triangle.png,0.png,,,,,0,2,2,3,,,,,,,,,,,,,,,,,,339.457534287998,339.457534287998,0.5027998210134683,0.2477777777777778,0.028888888888888888,1,0,0,image_right_es,right,0.5,0,-1,-1,-1,K Anusha ,002,2023-04-12_23h02.49.939,EE_trial,2022.2.5,None,
,,,,,,cross,-0.8,0.1,0.1,cross.png,-0.8.png,,,,,0,3,3,15,,,,,,,,,,,,,,,,,,345.60749328399834,345.60749328399834,0.5033238160103792,0.2477777777777778,0.028888888888888888,1,0,0,image_right_es,right,0.1,-0.8,-1,-1,-1,K Anusha ,002,2023-04-12_23h02.49.939,EE_trial,2022.2.5,None,
,,,,,,triangle,0.8,0.4,0.9,triangle.png,0.8.png,,,,,0,4,4,5,,,,,,,,,,,,,,,,,,355.0412113860075,355.0412113860075,0.5018687050032895,0.29,-0.016666666666666666,1,0,0,image_right_es,right,0.9,0.8,-1,1,1,K Anusha ,002,2023-04-12_23h02.49.939,EE_trial,2022.2.5,None,
,,,,,,triangle,-0.8,0.4,0.1,triangle.png,-0.8.png,,,,,0,5,5,1,,,,,,,,,,,,,,,,,,390.5482028520055,390.5482028520055,0.5080442999897059,-0.2922222222222222,-0.043333333333333335,1,0,0,image_left_es,left,0.4,triangle,1,-1,1,K Anusha ,002,2023-04-12_23h02.49.939,EE_trial,2022.2.5,None,
,,,,,,cross,0.4,0.1,0.7,cross.png,0.4.png,,,,,0,6,6,18,,,,,,,,,,,,,,,,,,395.2731062929961,395.2731062929961,0.502929875990958,0.26222222222222225,-0.02666666666666667,1,0,0,image_right_es,right,0.7,0.4,-1,1,1,K Anusha ,002,2023-04-12_23h02.49.939,EE_trial,2022.2.5,None,
,,,,,,cross,0,0.1,0.5,cross.png,0.png,,,,,0,7,7,17,,,,,,,,,,,,,,,,,,401.1324158500065,401.1324158500065,0.5020130329940002,-0.3422222222222222,0.03888888888888889,1,0,0,image_left_es,left,0.1,cross,-1,-1,-1,K Anusha ,002,2023-04-12_23h02.49.939,EE_trial,2022.2.5,None,
,,,,,,triangle,-0.2,0.4,0,triangle.png,-0.2.png,,,,,0,8,8,0,,,,,,,,,,,,,,,,,,405.8298880140064,405.8298880140064,0.5087290820083581,0.21555555555555556,0.09111111111111111,1,0,0,image_right_es,right,0,-0.2,-1,-1,-1,K Anusha ,002,2023-04-12_23h02.49.939,EE_trial,2022.2.5,None,
,,,,,,square,0.8,0.6,0.9,square.png,0.8.png,,,,,0,9,9,12,,,,,,,,,,,,,,,,,,410.82264319200476,410.82264319200476,0.5022207389993127,-0.23222222222222222,-0.06222222222222222,1,0,0,image_left_es,left,0.6,square,1,1,1,K Anusha ,002,2023-04-12_23h02.49.939,EE_trial,2022.2.5,None,
,,,,,,cross,0.8,0.1,0.9,cross.png,0.8.png,,,,,0,10,10,19,,,,,,,,,,,,,,,,,,417.01396582700545,417.01396582700545,0.5080074340075953,-0.23222222222222222,-0.06222222222222222,1,0,0,image_left_es,left,0.1,cross,-1,-1,-1,K Anusha ,002,2023-04-12_23h02.49.939,EE_trial,2022.2.5,None,
,,,,,,circle,-0.4,0.9,0.3,circle.png,-0.4.png,,,,,0,11,11,23,,,,,,,,,,,,,,,,,,432.92251883899735,432.92251883899735,0.5015860359999351,-0.23222222222222222,-0.052222222222222225,1,0,0,image_left_es,left,0.9,circle,1,-1,1,K Anusha ,002,2023-04-12_23h02.49.939,EE_trial,2022.2.5,None,
,,,,,,square,0,0.6,0.5,square.png,0.png,,,,,0,12,12,10,,,,,,,,,,,,,,,,,,446.6552668020013,446.6552668020013,0.5105916769971373,0.2611111111111111,-0.05555555555555555,1,0,0,image_right_es,right,0.5,0,1,1,1,K Anusha ,002,2023-04-12_23h02.49.939,EE_trial,2022.2.5,None,
,,,,,,circle,0.8,0.9,0.9,circle.png,0.8.png,,,,,0,13,13,26,,,,,,,,,,,,,,,,,,455.6555844550021,455.6555844550021,0.5002907099988079,0.23777777777777778,-0.03777777777777778,1,0,0,image_right_es,right,0.9,0.8,1,1,1,K Anusha ,002,2023-04-12_23h02.49.939,EE_trial,2022.2.5,None,
,,,,,,circle,0.2,0.9,0.2,circle.png,0.2.png,,,,,0,14,14,27,,,,,,,,,,,,,,,,,,473.32772942200245,473.32772942200245,0.49995602799754124,-0.27666666666666667,-0.01,1,0,0,image_left_es,left,0.9,circle,1,-1,1,K Anusha ,002,2023-04-12_23h02.49.939,EE_trial,2022.2.5,None,
,,,,,,cross,-0.4,0.1,0.3,cross.png,-0.4.png,,,,,0,15,15,16,,,,,,,,,,,,,,,,,,476.7632488359959,476.7632488359959,0.5076949749927735,0.22111111111111112,-0.05333333333333334,1,0,0,image_right_es,right,0.3,-0.4,-1,-1,-1,K Anusha ,002,2023-04-12_23h02.49.939,EE_trial,2022.2.5,None,
,,,,,,triangle,-0.4,0.4,0.3,triangle.png,-0.4.png,,,,,0,16,16,2,,,,,,,,,,,,,,,,,,504.84620283900585,504.84620283900585,0.5079599460004829,-0.22111111111111112,-0.024444444444444446,1,0,0,image_left_es,left,0.4,triangle,-1,-1,-1,K Anusha ,002,2023-04-12_23h02.49.939,EE_trial,2022.2.5,None,
,,,,,,square,0.2,0.6,0.2,square.png,0.2.png,,,,,0,17,17,13,,,,,,,,,,,,,,,,,,513.5797501610068,513.5797501610068,0.5077816970006097,0.21222222222222223,-0.04888888888888889,1,0,0,image_right_es,right,0.2,0.2,1,-1,-1,K Anusha ,002,2023-04-12_23h02.49.939,EE_trial,2022.2.5,None,
,,,,,,square,-0.8,0.6,0.1,square.png,-0.8.png,,,,,0,18,18,8,,,,,,,,,,,,,,,,,,526.6829782160057,526.6829782160057,0.5026211229996989,-0.26555555555555554,-0.056666666666666664,1,0,0,image_left_es,left,0.6,square,1,-1,1,K Anusha ,002,2023-04-12_23h02.49.939,EE_trial,2022.2.5,None,
,,,,,,triangle,0.4,0.4,0.7,triangle.png,0.4.png,,,,,0,19,19,4,,,,,,,,,,,,,,,,,,531.2821543360042,531.2821543360042,0.4993251130072167,0.2811111111111111,0.07333333333333333,1,0,0,image_right_es,right,0.7,0.4,-1,1,1,K Anusha ,002,2023-04-12_23h02.49.939,EE_trial,2022.2.5,None,
,,,,,,circle,0.4,0.9,0.7,circle.png,0.4.png,,,,,0,20,20,25,,,,,,,,,,,,,,,,,,536.593384317006,536.593384317006,0.5053409179963637,-0.2388888888888889,0.05555555555555555,1,0,0,image_left_es,left,0.9,circle,1,1,1,K Anusha ,002,2023-04-12_23h02.49.939,EE_trial,2022.2.5,None,
,,,,,,circle,-0.2,0.9,0,circle.png,-0.2.png,,,,,0,21,21,21,,,,,,,,,,,,,,,,,,541.4489703660074,541.4489703660074,0.5038579239917453,-0.2388888888888889,0.05555555555555555,1,0,0,image_left_es,left,0.9,circle,1,-1,1,K Anusha ,002,2023-04-12_23h02.49.939,EE_trial,2022.2.5,None,
,,,,,,square,0.4,0.6,0.7,square.png,0.4.png,,,,,0,22,22,11,,,,,,,,,,,,,,,,,,545.7832902890077,545.7832902890077,0.5030467420001514,0.23222222222222222,0.06555555555555556,1,0,0,image_right_es,right,0.7,0.4,1,1,1,K Anusha ,002,2023-04-12_23h02.49.939,EE_trial,2022.2.5,None,
,,,,,,square,-0.4,0.6,0.3,square.png,-0.4.png,,,,,0,23,23,9,,,,,,,,,,,,,,,,,,550.3818338099954,550.3818338099954,0.5013141679955879,-0.2877777777777778,0.03888888888888889,1,0,0,image_left_es,left,0.6,square,1,1,1,K Anusha ,002,2023-04-12_23h02.49.939,EE_trial,2022.2.5,None,
,,,,,,circle,-0.8,0.9,0.1,circle.png,-0.8.png,,,,,0,24,24,22,,,,,,,,,,,,,,,,,,554.2104223869974,554.2104223869974,0.4999369399884017,-0.2877777777777778,0.03888888888888889,1,0,0,image_left_es,left,0.9,circle,1,-1,1,K Anusha ,002,2023-04-12_23h02.49.939,EE_trial,2022.2.5,None,
,,,,,,square,-0.2,0.6,0,square.png,-0.2.png,,,,,0,25,25,7,,,,,,,,,,,,,,,,,,558.8293432049977,558.8293432049977,0.5069332490093075,0.23,0.03777777777777778,1,0,0,image_right_es,right,0,-0.2,-1,-1,-1,K Anusha ,002,2023-04-12_23h02.49.939,EE_trial,2022.2.5,None,
,,,,,,cross,-0.2,0.1,0,cross.png,-0.2.png,,,,,0,26,26,14,,,,,,,,,,,,,,,,,,576.9383804999961,576.9383804999961,0.5038806939992355,0.23,0.03777777777777778,1,0,0,image_right_es,right,0,-0.2,-1,-1,-1,K Anusha ,002,2023-04-12_23h02.49.939,EE_trial,2022.2.5,None,
,,,,,,triangle,0.2,0.4,0.2,triangle.png,0.2.png,,,,,0,27,27,6,,,,,,,,,,,,,,,,,,587.1739639250009,587.1739639250009,0.5100569019996328,0.23,0.03777777777777778,1,0,0,image_right_es,right,0.2,0.2,-1,-1,-1,K Anusha ,002,2023-04-12_23h02.49.939,EE_trial,2022.2.5,None,
